opis,opis_code,delo,portal_id,name,pages,expected,status
Опись 1,1,0001,1,"Статья К.Э. Циолковского ""К вопросу о летании посредством крыльев"". Вид материала: статья Способ воспроизведения: автограф Языки: русский",169,169,ok
Опись 1,1,0002,2,"Статья К.Э. Циолковского ""Давление жидкости на двигающуюся плоскость"" [Влияние продолговатости пластинки, движущейся в жидкости, на давление, производимое на нее последней]. Вид материала: статья Способ воспроизведения: автограф Языки: русский",63,63,ok
Опись 1,1,0003,3,"Позднейшие замечания К.Э. Циолковского к работе ""Летание посредством крыльев"". Вид материала: замечания к статье Способ воспроизведения: автограф Языки: русский",27,27,ok
Опись 1,1,0004,4,"(Письмо) К.Э. Циолковского ""Первые планы по сопротивлению воздуха"" в С.-Петербургское физико-химическое общество. Вид материала: письма Способ воспроизведения: автограф, машинопись Языки: русский",34,34,ok
Опись 1,1,0005,5,"Письмо К.Э. Циолковского ""Первые планы опытов по сопротивлению воздуха"" в Императорскую Академию наук (не окончено). Вид материала: письмо Способ воспроизведения: автограф, машинопись Языки: русский",9,9,ok
Опись 1,1,0006,6,"Доклад К.Э. Циолковского в Императорскую академию наук об опытах по сопротивлению воздуха, производимых на средства Академии с 1-го марта 1900 г. по 1-е октября 1901 г. и в 1901 и 1902 гг. Вид материала: доклад Способ воспроизведения: автограф Языки: русский",455,455,ok
Опись 1,1,0007,7,"Копии чертежей к отчету К.Э. Циолковского об опытах по сопротивлению воздуха, проводившихся в 1900 – 1901 гг. и чертежи к продолжению отчета (опыты 1901 – 1902 гг.). Вид материала: копии чертежей Способ воспроизведения: автограф Языки: русский",142,142,ok
Опись 1,1,0008,8,"Доклад К.Э. Циолковского в Императорскую Академию Наук об опытах по сопротивлению воздуха, производимых на средства Академии с 1-го марта 1900 г. по 1-е октября 1901 г. 2-й вариант. Вид материала: доклад Способ воспроизведения: автограф Языки: русский",340,340,ok
Опись 1,1,0009,9,"Атлас чертежей к отчету К.Э. Циолковского об опытах по сопротивлению воздуха, производимые на средства Императорской Академии Наук с 1-го марта 1900 г. до 1-го октября 1901 г. и пояснения к чертежам. Вид материала: атлас чертежей Способ воспроизведения: автограф Языки: русский",66,66,ok
Опись 1,1,0010,10,"Фрагмент статьи К.Э. Циолковского ""Аэроплан"". Вид материала: фрагмент статьи Способ воспроизведения: автограф Языки: русский",3,3,ok
Опись 1,1,0011,11,"Статья К.Э. Циолковского ""Трение и сопротивление воздуха"". Вид материала: статья Способ воспроизведения: автограф Языки: русский",57,57,ok
Опись 1,1,0012,12,"Черновые таблицы К.Э. Циолковского ""Трение"", наброски и вставки к работе ""Трение и сопротивление воздуха"". Вид материала: наброски, черновые таблицы Способ воспроизведения: автограф Языки: русский",36,36,ok
Опись 1,1,0013,13,"Статья К.Э. Циолковского ""Трение и сопротивление воздуха"". Вид материала: статья Способ воспроизведения: автограф Языки: русский",121,121,ok
Опись 1,1,0014,14,"Добавление к ""Сопротивлению воздуха"" К.Э. Циолковского. Таблицы и формулы. Вид материала: таблицы, формулы Способ воспроизведения: автограф Языки: русский",21,21,ok
Опись 1,1,0015,15,"Формулы и вычисления К.Э. Циолковского ""Новый пропеллер"". Вид материала: вычисления, формулы Способ воспроизведения: автограф Языки: русский",8,8,ok
Опись 1,1,0016,16,"Отрывки работ К.Э. Циолковского ""[Сопротивление воздуха]"". Вид материала: отрывки Способ воспроизведения: автограф Языки: русский",6,6,ok
Опись 1,1,0017,17,"Статья К.Э. Циолковского ""Плотность разных слоев атмосферы"". Вид материала: статья Способ воспроизведения: автограф Языки: русский",39,39,ok
Опись 1,1,0018,18,"Статья К.Э. Циолковского ""Трение в газах"". Вид материала: статья Способ воспроизведения: машинопись с правкой автора Языки: русский",80,80,ok
Опись 1,1,0019,19,"Начало работы [отрывок] К.Э. Циолковского ""Выгоднейшая продолговатость птицеподобных тел"". Вид материала: отрывок Способ воспроизведения: автограф Языки: русский",4,4,ok
Опись 1,1,0020,20,"Статья К.Э. Циолковского ""[Самолет]"". Вид материала: статья Способ воспроизведения: машинопись с правкой автора Языки: русский",8,8,ok
Опись 1,1,0021,21,"Статья К.Э. Циолковского ""Гидроплан - крыло"". Вид материала: статья Способ воспроизведения: машинопись с правкой автора Языки: русский",114,114,ok
Опись 1,1,0022,22,"Статья К.Э. Циолковского ""Применение формул сопротивления (см. мое ""Сопротивление"" 1927 г.) к аэроплану, стратоплану и скорому вагону"". Вид материала: статья Способ воспроизведения: машинопись с правкой автора Языки: русский",24,24,ok
Опись 1,1,0023,23,"Статья К.Э. Циолковского ""Гигантский гидроплан - крыло"". Вид материала: статья Способ воспроизведения: машинопись с правкой автора Языки: русский",22,22,ok
Опись 1,1,0024,24,"Статья К.Э. Циолковского ""Когда планер может свободно летать"". Вид материала: статья Способ воспроизведения: машинопись с правкой автора Языки: русский",57,57,ok
Опись 1,1,0025,25,"Статья К.Э. Циолковского ""Гидроплан-крыло - великан"". Вид материала: статья Способ воспроизведения: автограф Языки: русский",28,28,ok
Опись 1,1,0026,26,"Статья К.Э. Циолковского ""Сопротивление среды движению плавных птицеподобных тел"" [по материалам IV-й главы работы ""Основы построения""]. Вид материала: статья Способ воспроизведения: автограф, машинопись с правкой автора Языки: русский",62,62,ok
Опись 1,1,0028,28,"Отрывки вычислений К.Э. Циолковского и чертежи по астрономии. Вид материала: отрывки, чертежи Способ воспроизведения: автограф Языки: русский",46,46,ok
Опись 1,1,0029,29,"Юношеские работы К.Э. Циолковского [Некоторая иллюстрация к ""Грезам""]. Чертежи с пояснениями к ним, составленными в феврале 1923 г. Вид материала: чертежи Способ воспроизведения: автограф Языки: русский",45,45,ok
Опись 1,1,0030,30,"Вычисления и формулы К.Э. Циолковского, относящиеся к вопросу о межпланетных сообщениях. [""Вопрос о вечном блаженстве""]. Вид материала: вычисления, формулы Способ воспроизведения: автограф Языки: русский",11,11,ok
Опись 1,1,0031,31,"Статья К.Э. Циолковского ""Свободное пространство"". Вид материала: статья Способ воспроизведения: автограф Языки: русский",140,140,ok
Опись 1,1,0032,32,"Фрагменты рукописей К.Э. Циолковского ""Ракета"" 1897, 1902, 1903, 1911 гг. Вид материала: фрагменты рукописей Способ воспроизведения: автограф Языки: русский",43,43,ok
Опись 1,1,0033,33,"Статья К.Э. Циолковского ""Реактивный прибор, как средство полета в пустоте и в атмосфере"". Опубликована в журнале ""Воздухоплаватель"" [№2 за 1910 г., стр. 110-113]. Вид материала: статья Способ воспроизведения: автограф Языки: русский",16,16,ok
Опись 1,1,0034,34,"Статья К.Э. Циолковского ""Исследование небесных пространств реактивными приборами"". Вид материала: статья Способ воспроизведения: автограф Языки: русский",176,176,ok
Опись 1,1,0035,35,"Cтатья К.Э. Циолковского ""Реактивный прибор - ракета"". Напечатана в журнале ""Вестник воздухоплавания"" [№№ 2, 3, 5, 6, 7, 9 за 1911 - 1912 гг.]. ""Исследование мировых пространств реактивными приборами"" 1903 года. Вид материала: статья Способ воспроизведения: автограф Языки: русский",208,208,ok
Опись 1,1,0036,36,"Начало научно-популярной повести К.Э. Циолковского ""В двухтысячном году [К ракете]"", впоследствии развернутой в книге ""Вне Земли"". Вид материала: повесть Способ воспроизведения: автограф Языки: русский",24,24,ok
Опись 1,1,0037,37,"Отрывки вычислений К.Э. Циолковского ""Ракета"". Вид материала: отрывки вычислений Способ воспроизведения: автограф Языки: русский",38,38,ok
Опись 1,1,0038,38,"Предисловие к повести К.Э. Циолковского ""Вне Земли"". Материал для предисловия [от меня или редакции]. Приложена машкопия с комментариями Б.Н. Воробьева. Вид материала: предисловие к повести Способ воспроизведения: автограф Языки: русский",13,13,ok
Опись 1,1,0039,39,"Набросок статьи К.Э. Циолковского ""План ""Ракеты"". Вид материала: набросок статьи Способ воспроизведения: автограф Языки: русский",5,5,ok
Опись 1,1,0040,40,"Статья К.Э. Циолковского ""Космическая ракета. Завоевание Солнечной системы"". Вид материала: статья Способ воспроизведения: автограф Языки: русский",19,19,ok
Опись 1,1,0041,41,"Дополнение к статье К.Э. Циолковского ""Ракета. Формулы"". ""Реактивный прибор - ракета"". Вид материала: добавление к статье Способ воспроизведения: автограф Языки: русский",32,32,ok
Опись 1,1,0042,42,"Формулы К.Э. Циолковского ""Атмосфера - ракета - труба"". Вид материала: формулы Способ воспроизведения: автограф Языки: русский",5,5,ok
Опись 1,1,0043,43,"Статья К.Э. Циолковского ""Ракета. [Реактивный прибор пушечного типа или ракетного типа]"". Вид материала: статья Способ воспроизведения: автограф Языки: русский",36,36,ok
Опись 1,1,0044,44,"Статья К.Э. Циолковского ""Аэроплан - крыло - ракета"" и материалы к ней. Вид материала: материалы к ней, статья Способ воспроизведения: автограф Языки: русский",82,82,ok
Опись 1,1,0045,45,"Статья К.Э. Циолковского ""Исследование мировых пространств реактивными приборами"", таблицы, формулы и материалы к ней. Вид материала: материалы к ней, статья, таблицы Способ воспроизведения: автограф Языки: русский",126,126,ok
Опись 1,1,0046,46,"Статья К.Э. Циолковского ""Космический корабль"". 1-й вариант. Вид материала: статья Способ воспроизведения: автограф, машинопись с правкой автора Языки: русский",185,185,ok
Опись 1,1,0047,47,"Статья К.Э. Циолковского ""Космический корабль"". 2-й вариант. Вид материала: статья Способ воспроизведения: автограф Языки: русский",174,174,ok
Опись 1,1,0048,48,"Конспективные записи К.Э. Циолковского ""Ракета. Взрывная труба"" расчетов и формул. Вид материала: расчёты, формулы Способ воспроизведения: автограф Языки: русский",7,7,ok
Опись 1,1,0049,49,"Набросок письма и статья К.Э. Циолковского ""Ракета"" для журнала ""Огонек"". [первоначальный вариант]. Вид материала: набросок письма, статья Способ воспроизведения: автограф Языки: русский",30,30,ok
Опись 1,1,0050,50,"Статья К.Э. Циолковского ""Заатмосферные путешествия. [Ракета]"" для журнала ""Огонек"" [окончательный вариант]. Один из них исправлен в 1926 г. Вид материала: статья Способ воспроизведения: автограф Языки: русский",122,122,ok
Опись 1,1,0051,51,"Статья К.Э. Циолковского ""Аэроплан - ракета"" [Новый самолет для больших высот и скоростей] и материалы к ней. Вид материала: материалы к ней, статья Способ воспроизведения: автограф Языки: русский",175,175,ok
Опись 1,1,0052,52,"Программа лекций К.Э. Циолковского ""Космическая ракета или снаряд для вселенских путешествий и иных целей"". Вид материала: программа лекций Способ воспроизведения: автограф Языки: русский",5,5,ok
Опись 1,1,0053,53,Письмо [О приоритете К.Э. Циолковского в вопросе о возвращении ракеты на Землю без затраты взрывчатого вещества]. Вид материала: письмо Способ воспроизведения: автограф Языки: русский,4,4,ok
Опись 1,1,0054,54,"Предисловие К.Э. Циолковского к книге Н.А. Рынина ""История работ К.Э. Циолковского по ракетным кораблям"". Вид материала: предисловие к книге Способ воспроизведения: автограф, машинопись с правкой автора Языки: русский",26,26,ok
Опись 1,1,0055,55,"Черновой набросок К.Э. Циолковского ""Скорый поезд"" к работе ""Труды о космической ракете"". Вид материала: черновой набросок Способ воспроизведения: автограф Языки: русский",7,7,ok
Опись 1,1,0056,56,"Статья К.Э. Циолковского ""Завоевание солнечной системы. [Научная фантазия]"" [не окончена]. Вид материала: статья Способ воспроизведения: машинопись с правкой автора Языки: русский",99,99,ok
Опись 1,1,0057,57,"Вставки к работе К.Э. Циолковского ""Завоевание солнечной системы"". Вид материала: вставки к работе Способ воспроизведения: автограф, машинопись Языки: русский",35,35,ok
Опись 1,1,0058,58,"Статья К.Э. Циолковского ""Реактивный аэроплан"". Вид материала: статья Способ воспроизведения: машинопись с правкой автора Языки: русский",18,18,ok
Опись 1,1,0059,59,"Статья К.Э. Циолковского ""Главные выводы из моего сочинения ""Новый аэроплан"". Вид материала: статья Способ воспроизведения: машинопись с правкой автора Языки: русский",5,5,ok
Опись 1,1,0060,60,"Статья К.Э. Циолковского ""Труды о космической ракете"" [1903 - 1927 гг.]. Вид материала: статья Способ воспроизведения: машинопись с правкой автора Языки: русский",54,54,ok
Опись 1,1,0061,61,"Статья К.Э. Циолковского ""Возможно ли посещение планет"", [""Доступны ли планеты""], [""Достижимы ли иные планеты""]. [Ответ подписчику ""Вестника знания""]. Вид материала: статья Способ воспроизведения: машинопись с правкой автора Языки: русский",22,22,ok
Опись 1,1,0062,62,"Фрагмент К.Э. Циолковского ""Формулы движения снаряда"". Вид материала: фрагмент Способ воспроизведения: автограф Языки: русский",5,5,ok
Опись 1,1,0063,63,"Формулы К.Э. Циолковского ""Восходящее ускоренное движение ракетоплана"". Вид материала: формулы Способ воспроизведения: автограф Языки: русский",29,29,ok
Опись 1,1,0064,64,"Статья К.Э. Циолковского ""Восходящее ускоренное движение ракетоплана"". Вид материала: статья Способ воспроизведения: машинопись с правкой автора Языки: русский",135,135,ok
Опись 1,1,0065,65,"Статья К.Э. Циолковского ""От самолета к звездолету"". Вид материала: статья Способ воспроизведения: машинопись с правкой автора Языки: русский",56,56,ok
Опись 1,1,0066,66,"Статья К.Э. Циолковского ""Стратоплан полуреактивный"". Вид материала: статья Способ воспроизведения: машинопись с правкой автора Языки: английский, немецкий, русский",71,71,ok
Опись 1,1,0067,67,"Таблицы, формулы, рисунки К.Э. Циолковского ""Стратоплан [полуреактивный]"". Вид материала: рисунки, таблицы, формулы Способ воспроизведения: автограф, машинопись с правкой автора Языки: русский",96,96,ok
Опись 1,1,0068,68,"Статья К.Э. Циолковского ""Звездоплавателям"". Вид материала: статья Способ воспроизведения: машинопись с правкой автора Языки: русский",17,17,ok
Опись 1,1,0069,69,"Черновые чертежи и таблицы к работе К.Э. Циолковского ""Стратоплан"". Вид материала: таблицы, черновые чертежи Способ воспроизведения: автограф, машинопись с правкой автора Языки: русский",77,77,ok
Опись 1,1,0070,70,Формулы стратоплана К.Э. Циолковского. Вид материала: формулы Способ воспроизведения: автограф Языки: русский,24,24,ok
Опись 1,1,0071,71,"Статья К.Э. Циолковского ""Ускорение аэроплана высот от пропеллера"" [окончание труда ""Стратоплан полуреактивный""]. Вид материала: статья Способ воспроизведения: машинопись с правкой автора Языки: английский, русский",136,136,ok
Опись 1,1,0072,72,"Статья К.Э. Циолковского ""За атмосферу"". Вид материала: статья Способ воспроизведения: машинопись с правкой автора Языки: русский",69,69,ok
Опись 1,1,0073,73,"Статья К.Э. Циолковского ""Реактивное движение и его успехи"". Вид материала: статья Способ воспроизведения: машинопись с правкой автора Языки: русский",21,21,ok
Опись 1,1,0074,74,"Статья К.Э. Циолковского ""Реактивное движение"" [ответ редакции газеты ""Гудок"" на письмо от 28 апреля 1932 г.]. Опубликована в журнале ""В бой за технику"" [№№ 15-16, 1932 г.]. Вид материала: статья Способ воспроизведения: машинопись с правкой автора Языки: русский",111,111,ok
Опись 1,1,0075,75,"Статья К.Э. Циолковского ""Достижение стратосферы"". Вид материала: статья Способ воспроизведения: машинопись с правкой автора Языки: русский",61,61,ok
Опись 1,1,0076,76,"Лекция К.Э. Циолковского ""Звездоплавание"". Вид материала: лекция Способ воспроизведения: машинопись с правкой автора Языки: русский",36,36,ok
Опись 1,1,0077,77,"Рисунки К.Э. Циолковского ""Скорый трамвайный вагон [для целей звездоплавания]"". Вид материала: рисунки Способ воспроизведения: автограф Языки: русский",3,3,ok
Опись 1,1,0078,78,"Статья К.Э. Циолковского ""Скорый вагон"". Вид материала: статья Способ воспроизведения: автограф Языки: русский",17,17,ok
Опись 1,1,0079,79,"Статья К.Э. Циолковского ""Полет в стратосфере"". Вид материала: статья Способ воспроизведения: машинопись с правкой автора Языки: русский",13,13,ok
Опись 1,1,0080,80,"Статья К.Э. Циолковского ""Быстроходный аэроплан высот [Суперавиация]"". Вид материала: статья Способ воспроизведения: машинопись Языки: русский",13,13,ok
Опись 1,1,0081,81,"Статья К.Э. Циолковского ""Высотный самолет или стратоплан"". Опубликована в журнале ""Хочу все знать"". Вид материала: статья Способ воспроизведения: машинопись с правкой автора Языки: русский",11,11,ok
Опись 1,1,0082,82,"Статья К.Э. Циолковского ""Вращение тел, наибольшая скорость и запас механической энергии"". Вид материала: статья Способ воспроизведения: машинопись с правкой автора Языки: русский",29,29,ok
Опись 1,1,0083,83,"Статья К.Э. Циолковского ""Взрывчатые вещества для реактивного прибора [звездолета]"". Вид материала: статья Способ воспроизведения: машинопись с правкой автора Языки: русский",12,12,ok
Опись 1,1,0084,84,"Статья К.Э. Циолковского ""Альбом космических путешествий"". Вид материала: статья Способ воспроизведения: машинопись с правкой автора Языки: русский",162,162,ok
Опись 1,1,0085,85,"Статья К.Э. Циолковского ""Парогазовый турбинный мотор для дирижаблей, аэропланов, стратопланов, автомобилей и др. целей"". Вид материала: статья Способ воспроизведения: машинопись с правкой автора Языки: русский",46,46,ok
Опись 1,1,0086,86,"Статья К.Э. Циолковского ""Звездолет с предшествующими ему машинами"". Вид материала: статья Способ воспроизведения: машинопись с правкой автора Языки: русский",116,116,ok
Опись 1,1,0087,87,"Рисунки К.Э. Циолковского ""Межпланетные путешествия"" и объяснения для кинофильма. Вид материала: рисунки Способ воспроизведения: автограф Языки: русский",37,37,ok
Опись 1,1,0088,88,"Перечень картин К.Э. Циолковского, иллюстрирующих межпланетные путешествия с помощью ракеты и жизнь вне Земли, в Совкино. Надписи к картинам и замечания. Вид материала: замечания, надписи к картинам Способ воспроизведения: автограф, машинопись Языки: русский",16,16,ok
Опись 1,1,0089,89,"Таблицы К.Э. Циолковского ""Явление на астероидах"" для кинофильма. Вид материала: таблицы Способ воспроизведения: автограф Языки: русский",7,7,ok
Опись 1,1,0090,90,"Таблицы К.Э. Циолковского ""Явление на планетах и больших спутниках"" для кинофильма. Вид материала: таблицы Способ воспроизведения: автограф Языки: русский",9,9,ok
Опись 1,1,0091,91,"Схемы К.Э. Циолковского, схематические изображения планет солнечной системы, расстояние между ними, силы притяжения и др. для кинофильма. Вид материала: схемы Способ воспроизведения: автограф Языки: русский",9,9,ok
Опись 1,1,0092,92,"Масштабные таблицы размеров и схематические рисунки человеческого тела К.Э. Циолковского ""Тело. [Куклы]"" для кинофильма. Вид материала: рисунки, таблицы Способ воспроизведения: автограф Языки: русский",16,16,ok
Опись 1,1,0093,93,"Статья К.Э. Циолковского ""Снаряды, приобретающие космические скорости на суше или воде"". Вид материала: статья Способ воспроизведения: автограф Языки: русский",32,32,ok
Опись 1,1,0094,94,"План К.Э. Циолковского к описанию путешествия на ракете вне Земли для кинофильма. Вид материала: план Способ воспроизведения: автограф Языки: русский, французский",6,6,ok
Опись 1,1,0095,95,"Конспект статьи К.Э. Циолковского ""Полеты в атмосфере и вне её"". Вид материала: конспект статьи Способ воспроизведения: автограф, машинопись с правкой автора Языки: русский",27,27,ok
Опись 1,1,0096,96,"Набросок программы работ К.Э. Циолковского в РНИИ [Реактивном научно-исследовательском Институте]. Вид материала: набросок Способ воспроизведения: автограф Языки: русский, французский",4,4,ok
Опись 1,1,0097,97,"Отрывок К.Э. Циолковского ""Небольшая колония кругом Земли"". Вид материала: отрывок Способ воспроизведения: автограф Языки: русский",14,14,ok
Опись 1,1,0098,98,"Статья К.Э. Циолковского ""Аэропланы и стратопланы"" [не окончена]. Вид материала: статья Способ воспроизведения: автограф Языки: русский",6,6,ok
Опись 1,1,0099,99,Формулы газовых машин К.Э. Циолковского. [К работе Основы построения]. Вид материала: формулы Способ воспроизведения: автограф Языки: русский,8,8,ok
Опись 1,1,0100,100,"Статья К.Э. Циолковского ""Мощные моторы наименьшего веса и объема"" [часть работы ""Основы построения""]. Вид материала: статья Способ воспроизведения: автограф Языки: русский",22,22,ok
Опись 1,1,0101,101,"Основы построения газовых машин, моторов и летательных приборов К.Э. Циолковского. Глава I. Сжатие и расширение газов. Вид материала: монография Способ воспроизведения: автограф, машинопись с правкой автора Языки: русский",320,320,ok
Опись 1,1,0102,102,"Основы построения газовых машин, моторов и летательных приборов К.Э. Циолковского. Глава II. Давление нормального потока на плоскость. Вид материала: монография Способ воспроизведения: автограф, машинопись с правкой автора Языки: русский",147,147,ok
Опись 1,1,0103,103,"Основы построения газовых машин, моторов и летательных приборов К.Э. Циолковского. Глава III. Трение в газах. Вид материала: монография Способ воспроизведения: автограф, машинопись с правкой автора Языки: русский",96,96,ok
Опись 1,1,0104,104,"Основы построения газовых машин, моторов и летательных приборов К.Э. Циолковского. Глава VII. Наибольшая скорость вращения тел и запас их механической энергии. Фрагменты работы. Вид материала: монография Способ воспроизведения: автограф, машинопись с правкой автора Языки: русский",55,55,ok
Опись 1,1,0105,105,"Основы построения газовых машин, моторов и летательных приборов К.Э. Циолковского. Глава Х. Наибольшая скорость ракеты. Вид материала: монография Способ воспроизведения: автограф, машинопись с правкой автора Языки: русский",123,123,ok
Опись 1,1,0106,106,"Статья К.Э. Циолковского ""Применение реактивных приборов к исследованию стратосферы"" [не окончена]. Вид материала: статья Способ воспроизведения: автограф, машинопись Языки: русский",31,31,ok
Опись 1,1,0107,107,"Основы построения газовых машин, моторов и летательных приборов К.Э. Циолковского. Глава IV. Сопротивление газовой среды движению плавных птицеподобных тел. Вид материала: монография Способ воспроизведения: автограф, машинопись с правкой автора Языки: русский",132,132,ok
Опись 1,1,0108,108,"Основы построения газовых машин, моторов и летательных приборов К.Э. Циолковского. Глава VI. Энергия химического соединения веществ и выбор составных частей взрыва. Вид материала: монография Способ воспроизведения: автограф, машинопись с правкой автора Языки: русский",38,38,ok
Опись 1,1,0109,109,"Основы построения газовых машин, моторов и летательных приборов К.Э. Циолковского. Глава XI. Грубый расчет полета ракетоплана. Вид материала: монография Способ воспроизведения: автограф, машинопись с правкой автора Языки: русский",74,74,ok
Опись 1,1,0110,110,"Статья К.Э. Циолковского ""Вообще о двигателях, пригодных к полетам"". Вид материала: статья Способ воспроизведения: машинопись с правкой автора Языки: русский",4,4,ok
Опись 1,1,0111,111,"Основы построения газовых машин, моторов и летательных приборов К.Э. Циолковского. Глава VIII - IX. Новые двигатели двух типов [Два типа моторов]. Черновые материалы. Вид материала: материалы, черновые материалы Способ воспроизведения: автограф Языки: русский",190,190,ok
Опись 1,1,0112,112,"Статья К.Э. Циолковского ""Новые двигатели двух типов"" [по материалам главы VIII-й работы ""Основы построения""]. Вид материала: статья Способ воспроизведения: машинопись с правкой автора Языки: русский",188,188,ok
Опись 1,1,0113,113,"Статья К.Э. Циолковского ""Второй тип моторов - с запасным кислородным соединением и без воды"". Вид материала: статья Способ воспроизведения: машинопись Языки: русский",17,17,ok
Опись 1,1,0114,114,"Статья К.Э. Циолковского ""Особый прием достижения высших скоростей реактивными летательными машинами"". Вид материала: статья Способ воспроизведения: автограф, машинопись с правкой автора Языки: русский",20,20,ok
Опись 1,1,0115,115,"Статья К.Э. Циолковского ""Изобретателям реактивных машин"". Вид материала: статья Способ воспроизведения: автограф, машинопись Языки: русский",24,24,ok
Опись 1,1,0116,116,"Статья К.Э. Циолковского ""Фантазия ли заатмосферные полеты?"". Вид материала: статья Способ воспроизведения: автограф, машинопись с правкой автора Языки: русский",52,52,ok
Опись 1,1,0117,117,"Основы построения газовых машин, моторов и летательных приборов К.Э. Циолковского. Глава V. Плотность, температура и давление разных слоев атмосферы. Вид материала: монография Способ воспроизведения: автограф, машинопись с правкой автора Языки: русский",86,86,ok
Опись 1,1,0118,118,"Статья К.Э. Циолковского ""Авиация, воздухоплавание и ракетоплавание в 20-м веке"". Вид материала: статья Способ воспроизведения: автограф, машинопись с правкой автора Языки: русский",16,16,ok
Опись 1,1,0119,119,"Фрагменты статьи К.Э. Циолковского, посвященной космическим полетам. Вид материала: статья, фрагмент Способ воспроизведения: автограф, машинопись Языки: русский",7,7,ok
Опись 1,1,0120,120,"Таблицы К.Э. Циолковского, относящиеся к движению ракеты. Вид материала: таблицы Способ воспроизведения: автограф Языки: русский",7,7,ok
Опись 1,1,0121,121,"Фрагмент статьи К.Э. Циолковского ""Предисловие автора"". Вид материала: смета, фрагмент Способ воспроизведения: автограф Языки: русский",3,3,ok
Опись 1,1,0122,122,"Фрагменты статей К.Э. Циолковского, относящихся к вопросу о реактивных летательных аппаратах. Вид материала: фрагменты Способ воспроизведения: автограф Языки: русский",72,72,ok
Опись 1,1,0123,123,"Статья К.Э. Циолковского ""Теория и опыт аэростата, имеющего в горизонтальном направлении удлиненную форму"". Вид материала: статья Способ воспроизведения: автограф Языки: русский",312,312,ok
Опись 1,1,0124,124,"Статья К.Э. Циолковского Окончание статьи: ""Построение металлического управляемого аэростата на 200 человек"". Вид материала: статья Способ воспроизведения: автограф Языки: русский",33,33,ok
Опись 1,1,0125,125,"Статья К.Э. Циолковского ""О возможности построения металлического аэростата, способного изменять свой объем и даже складываться в плоскость"". Вид материала: статья Способ воспроизведения: автограф Языки: русский",208,208,ok
Опись 1,1,0126,127,"Оглавление, отдельные главы и к работе К.Э. Циолковского ""Аэростат и аэроплан"". Вид материала: главы, монография, оглавление, чертежи Способ воспроизведения: автограф Языки: русский",441,441,ok
Опись 1,1,0127,128,"Статья К.Э. Циолковского ""Воздушный корабль"". [1-й вариант]. Вид материала: статья Способ воспроизведения: автограф Языки: русский",57,57,ok
Опись 1,1,0128,129,"[Глава из работы ""Аэростат и аэроплан""] К.Э. Циолковского ""Оболочка волны"". Вид материала: главы, монография Способ воспроизведения: автограф Языки: русский",28,28,ok
Опись 1,1,0129,130,"Таблицы и формулы К.Э. Циолковского ""Расчеты построения аэроната [самое старое и новое]"". Вид материала: таблицы, формулы Способ воспроизведения: автограф Языки: русский",65,65,ok
Опись 1,1,0130,131,"Статья К.Э. Циолковского ""Воздушный корабль"". [2-й вариант]. Вид материала: статья Способ воспроизведения: автограф Языки: русский",56,56,ok
Опись 1,1,0131,132,"Статья К.Э. Циолковского ""Гладкий металлический аэронат"". Вид материала: статья Способ воспроизведения: автограф Языки: русский",14,14,ok
Опись 1,1,0132,133,"Статья К.Э. Циолковского ""Движение аэроната"". Вид материала: статья Способ воспроизведения: автограф Языки: русский",88,88,ok
Опись 1,1,0133,134,Чертеж дирижабля и прокатного вала К.Э. Циолковского. Вид материала: чертёж Способ воспроизведения: автограф Языки: русский,3,3,ok
Опись 1,1,0134,135,"Часть статьи ""Первая модель чисто-металлического аэроната"" К.Э. Циолковского ""Картина после введения дирижаблей в жизнь [Техническая фантазия]"", изданной в виде брошюры в 1913 г. Вид материала: статья Способ воспроизведения: автограф Языки: русский",16,16,ok
Опись 1,1,0135,136,"Статья К.Э. Циолковского ""Одно из средств устранить дороговизну"". Вид материала: статья Способ воспроизведения: автограф Языки: русский",21,21,ok
Опись 1,1,0136,137,"Описание диапозитивов К.Э. Циолковского ""Описание световых картин. Металлический дирижабль К.Э. Циолковского"". Вид материала: описание диапозитивов Способ воспроизведения: автограф Языки: русский",13,13,ok
Опись 1,1,0137,138,"Расчеты и формулы для таблиц дирижабля К.Э. Циолковского. Вид материала: расчёты, формулы Способ воспроизведения: автограф Языки: русский",39,39,ok
Опись 1,1,0138,139,"Первые шаги строительства, Что делать [Отбросок от Воздушного транспорта и Гондолы] К.Э. Циолковского. Вид материала: статья Способ воспроизведения: автограф Языки: русский",11,11,ok
Опись 1,1,0140,141,"Статья К.Э. Циолковского ""Почему трудно ввести в жизнь мой дирижабль"". Вид материала: статья Способ воспроизведения: машинопись с правкой автора Языки: русский",8,8,ok
Опись 1,1,0141,142,"Фрагменты статьи К.Э. Циолковского ""Построение дирижаблей из волнистого металла. Продолжение работ"". Вид материала: статья, фрагменты Способ воспроизведения: автограф Языки: русский",72,72,ok
Опись 1,1,0142,143,"Статья К.Э. Циолковского ""Успехи воздушного передвижения с 1914 до 1919 года"". Вид материала: статья Способ воспроизведения: автограф Языки: русский",34,34,ok
Опись 1,1,0143,144,"Статья К.Э. Циолковского ""История моего дирижабля из волнистого металла"". Вид материала: статья Способ воспроизведения: автограф Языки: русский",39,39,ok
Опись 1,1,0144,145,"Статья К.Э. Циолковского ""Металлический дирижабль 1921 года"". Вид материала: статья Способ воспроизведения: автограф Языки: русский",728,728,ok
Опись 1,1,0145,146,"Описание чертежей и таблиц К.Э. Циолковского ""Металлический дирижабль 1921 года [чертежи и таблицы]"". Вид материала: описание чертежей и таблиц Способ воспроизведения: машинопись с правкой автора Языки: русский",91,91,ok
Опись 1,1,0145а,147,"Программы работ, письма К.Э. Циолковского с заданиями по строительству дирижабля. Вид материала: письма, программы работ Способ воспроизведения: автограф, машинопись с правкой автора Языки: русский",266,266,ok
Опись 1,1,0146,148,"[Выдержки из работы ""Металлический дирижабль 1920 г.""] К.Э. Циолковского ""Порядок практических работ при постройке металлического дирижабля"". Вид материала: выдержки из работы Способ воспроизведения: машинопись Языки: русский",10,10,ok
Опись 1,1,0147,149,"Набросок чертежа верфи дирижабля К.Э. Циолковского ""Верфь"". Вид материала: чертежи Способ воспроизведения: автограф Языки: русский, французский",40,40,ok
Опись 1,1,0148,150,"[Общая таблица станков, объема оболочки и др.] К.Э. Циолковского ""Нужные таблицы и трение"". Вид материала: таблицы Способ воспроизведения: автограф Языки: русский",12,12,ok
Опись 1,1,0149,151,"Смета по металлическому дирижаблю системы К.Э. Циолковского и объяснительная записка к ней. Вид материала: объяснительная записка, смета Способ воспроизведения: машинопись Языки: русский",9,9,ok
Опись 1,1,0150,152,"Статья К.Э. Циолковского ""Четыре способа носиться над сушей и водой"". Вид материала: статья Способ воспроизведения: автограф Языки: русский",20,20,ok
Опись 1,1,0151,153,"Формулы, вычисления, таблицы К.Э. Циолковского ""Моменты: 1) поперечного давления газов; 2) момент тяжести оболочки; 3) подъемной силы газа"". Вид материала: вычисления, таблицы, формулы Способ воспроизведения: автограф Языки: русский",24,24,ok
Опись 1,1,0152,154,"[Статья] К.Э. Циолковского ""Нет удобнее сообщения..."" [о дирижадлях]. Вид материала: статья Способ воспроизведения: автограф Языки: русский",11,11,ok
Опись 1,1,0153,155,"Пояснения к таблицам, расчеты К.Э. Циолковского ""Выводы из таблиц от 21 - 27 июня 1925 г."". Вид материала: пояснения к таблицам, расчёты Способ воспроизведения: автограф Языки: русский",27,27,ok
Опись 1,1,0154,156,Ответы на возражения К.Э. Циолковского против его дирижабля. Вид материала: ответ на возражения Способ воспроизведения: автограф Языки: русский,5,5,ok
Опись 1,1,0155,157,"Описание К.Э. Циолковским ""I-й шаг. Приемы работ и соответствующие орудия"" и таблицы моделей дирижабля. Вид материала: описание работ Способ воспроизведения: автограф Языки: русский",24,24,ok
Опись 1,1,0156,158,"Статья К.Э. Циолковского ""Для всех учреждений и лиц, прикосновенных к строительству металлических дирижаблей"". Вид материала: статья Способ воспроизведения: автограф Языки: русский",28,28,ok
Опись 1,1,0157,159,"Расчеты и таблицы К.Э. Циолковского ""Латунная модель"" для построения латунной модели дирижабля. Вид материала: расчёты, таблицы Способ воспроизведения: автограф Языки: русский",33,33,ok
Опись 1,1,0158,160,"К.Э. Циолковский ""Интересующимся от К. Циолковского"" [""Железная модель""] Описание устройства модели дирижабля. Вид материала: описание устройства Способ воспроизведения: автограф Языки: русский",22,22,ok
Опись 1,1,0159,161,"Статья К.Э. Циолковского ""В этом году в печати..."" в редакцию ""Аэростата"" для напечатания. Вид материала: статья Способ воспроизведения: автограф Языки: русский",16,16,ok
Опись 1,1,0160,162,"Статья К.Э. Циолковского ""Дирижабль из волнистой стали"". Вид материала: статья Способ воспроизведения: автограф Языки: русский",18,18,ok
Опись 1,1,0161,163,"Расчеты и формулы К.Э. Циолковского ""Нагревание дирижабля"" [опыты нагрева]. Вид материала: расчёты, формулы Способ воспроизведения: автограф Языки: русский",14,14,ok
Опись 1,1,0162,164,"Описание работ по газовому воздухоплаванию, проведенных К.Э. Циолковским. Вид материала: описание работ Способ воспроизведения: автограф Языки: русский",11,11,ok
Опись 1,1,0163,165,"Чертежи, пояснения, расчеты и заметки К.Э. Циолковского ""План постройки железной модели в 4 метра высоты [плоская] и 20 метров длины"". Вид материала: заметки, пояснения, расчёты, чертежи Способ воспроизведения: автограф Языки: русский",12,12,ok
Опись 1,1,0164,166,"Инструкция К.Э. Циолковского ""Практический способ определения газовых потерь"" товарищу Рапопорту. Вид материала: инструкция Способ воспроизведения: автограф Языки: русский",8,8,ok
Опись 1,1,0165,167,"Подборка документов об экспертизе апрельской модели дирижабля 1926 г., сделанная К.Э. Циолковским ""История. 1926 г."" [письма К.Э. Циолковского и Я.А. Рапопорта о проведении экспертизы]. Вид материала: документы, письма Способ воспроизведения: автограф, машинопись Языки: русский",60,60,ok
Опись 1,1,0166,168,"Заметка К.Э. Циолковского ""В Редакцию Огонька"" о металлическом дирижабле. Вид материала: заметка Способ воспроизведения: автограф Языки: русский",5,5,ok
Опись 1,1,0167,169,"Таблицы К.Э. Циолковского ""Газгольдер"". Вид материала: таблицы Способ воспроизведения: автограф Языки: русский",16,16,ok
Опись 1,1,0168,170,"Расчеты К.Э. Циолковского ""Газгольдер. На экспертизу 10 мая 1926 г."" по газгольдеру и черновик ответа на вопросы по аэронату. Вид материала: расчёты, черновик ответа Способ воспроизведения: автограф Языки: русский",5,5,ok
Опись 1,1,0169,171,Шаблоны для модели дирижабля с пояснениями К.Э. Циолковского. Вид материала: шаблоны Способ воспроизведения: автограф Языки: русский,16,16,ok
Опись 1,1,0170,172,"Набросок плана работы К.Э. Циолковского ""Ближайшие письма и работы"" над дирижаблем на 1927 г. Вид материала: набросок плана Способ воспроизведения: автограф Языки: русский",3,3,ok
Опись 1,1,0171,173,"План работы К.Э. Циолковского ""План работы 1927 г."" над дирижаблем на 1927 г. Вид материала: план работы Способ воспроизведения: автограф Языки: русский",5,5,ok
Опись 1,1,0172,174,"План К.Э. Циолковского ""План предварительных работ по дирижаблю для т. Рапопорта и интересующихся"" и наброски к плану. Вид материала: план работ Способ воспроизведения: автограф Языки: русский",19,19,ok
Опись 1,1,0173,175,"Статья К.Э. Циолковского ""Мой металлический дирижабль"". Вид материала: статья Способ воспроизведения: автограф Языки: русский",30,30,ok
Опись 1,1,0174,176,"Таблицы изменения формы дирижабля К.Э. Циолковского ""Разное. Дирижабль"". Вид материала: таблицы Способ воспроизведения: автограф Языки: русский",11,11,ok
Опись 1,1,0175,177,Порядок практических работ при постройке металлического дирижабля. (Общий план) К.Э. Циолковского. Вид материала: план работ Способ воспроизведения: автограф Языки: русский,5,5,ok
Опись 1,1,0176,178,"Статья К.Э. Циолковского ""Стальной дирижабль"". Вид материала: статья Способ воспроизведения: автограф, машинопись с правкой автора Языки: русский",39,39,ok
Опись 1,1,0177,179,"Чертежи К.Э. Циолковского ""Описание модельного барака"" и пояснения к ним. Вид материала: пояснения к ним, чертежи Способ воспроизведения: машинопись с правкой автора Языки: русский",22,22,ok
Опись 1,1,0178,180,"Статья К.Э. Циолковского ""Цельнометаллические дирижабли с изменяющимся объемом"". Вид материала: статья Способ воспроизведения: машинопись с правкой автора Языки: русский",24,24,ok
Опись 1,1,0179,181,"Статья К.Э. Циолковского ""Цельнометаллический дирижабль"" [Два средства летания]. Вид материала: статья Способ воспроизведения: машинопись с правкой автора Языки: русский",48,48,ok
Опись 1,1,0180,182,"Статья К.Э. Циолковского ""Металлический дирижабль с изменяющимся объемом"" [Цельнометаллический дирижабль]. Вид материала: статья Способ воспроизведения: машинопись с правкой автора Языки: русский",32,32,ok
Опись 1,1,0181,183,"Статья К.Э. Циолковского ""Дирижабли"". Вид материала: статья Способ воспроизведения: машинопись с правкой автора Языки: русский",36,36,ok
Опись 1,1,0182,184,"Статья К.Э. Циолковского ""Цельно-металлический дирижабль и его преимущества"". Вид материала: статья Способ воспроизведения: машинопись с правкой автора Языки: русский",8,8,ok
Опись 1,1,0183,185,"Статья К.Э. Циолковского ""Эпоха дирижаблестроения в СССР"". Вид материала: статья Способ воспроизведения: машинопись с правкой автора Языки: русский",18,18,ok
Опись 1,1,0184,186,"Статья К.Э. Циолковского ""Каким должен быть дирижабль"". Вид материала: статья Способ воспроизведения: машинопись с правкой автора Языки: русский",28,28,ok
Опись 1,1,0185,187,"Статья К.Э. Циолковского ""Выгоды воздухоплавания"". Вид материала: статья Способ воспроизведения: машинопись с правкой автора Языки: русский",11,11,ok
Опись 1,1,0186,188,"Статья К.Э. Циолковского ""Уравнения размеров оболочки аэростата в высоту"". Вид материала: статья Способ воспроизведения: машинопись Языки: русский",22,22,ok
Опись 1,1,0186а,189,"Статья К.Э. Циолковского ""Газы для дирижаблей. Выбор газов"". Вид материала: статья Способ воспроизведения: авторизованная машинопись Языки: русский",8,8,ok
Опись 1,1,0187,190,"Таблицы и чертежи К.Э. Циолковского ""Модель [дирижабля] 1 января 1931 г."". Вид материала: таблицы, чертежи Способ воспроизведения: автограф Языки: русский",38,38,ok
Опись 1,1,0188,191,Способ построения оболочки дирижабля К.Э. Циолковского. Вид материала: план работ Способ воспроизведения: машинопись с правкой автора Языки: русский,44,44,ok
Опись 1,1,0189,192,"Статья К.Э. Циолковского ""Газовые воздушные корабли или аэронаты"". Вид материала: статья Способ воспроизведения: машинопись с правкой автора Языки: русский",31,31,ok
Опись 1,1,0190,193,"Статья К.Э. Циолковского ""Инерционные силы в дирижабле. [Пояснения к совещанию 23 августа 1931 г.]"". Вид материала: статья Способ воспроизведения: автограф, машинопись с правкой автора Языки: русский",10,10,ok
Опись 1,1,0191,194,"Статья К.Э. Циолковского ""Значение величины дирижабля"". Вид материала: статья Способ воспроизведения: автограф, машинопись с правкой автора Языки: русский",25,25,ok
Опись 1,1,0192,195,"Статья К.Э. Циолковского ""Ориентировочная программа работ по металлическому дирижаблю"". Вид материала: статья Способ воспроизведения: автограф, машинопись с правкой автора Языки: русский",29,29,ok
Опись 1,1,0193,196,"Статья К.Э. Циолковского ""Некоторые пояснения к особенностям конструкции цельнометаллического дирижабля с изменяющимся объемом"". Вид материала: статья Способ воспроизведения: автограф, машинопись с правкой автора Языки: русский",23,23,ok
Опись 1,1,0194,197,"Статья К.Э. Циолковского ""Водород для цельнометаллического дирижабля с изменяющимся объемом"". Вид материала: статья Способ воспроизведения: машинопись с правкой автора Языки: русский",14,14,ok
Опись 1,1,0195,198,"Статья К.Э. Циолковского ""Цельнометаллический дирижабль"". Вид материала: статья Способ воспроизведения: автограф, машинопись Языки: русский",11,11,ok
Опись 1,1,0196,199,"Объяснительная записка К.Э. Циолковского ""Дирижаблистам группы К.Э. Циолковского"" к проекту дирижабля на 40 человек. Вид материала: объяснительная записка Способ воспроизведения: машинопись с правкой автора Языки: русский",31,31,ok
Опись 1,1,0197,200,"Статья К.Э. Циолковского ""Новый тип дирижабля"". Вид материала: статья Способ воспроизведения: машинопись Языки: русский",35,35,ok
Опись 1,1,0198,201,"Статья К.Э. Циолковского ""Тернистый путь дирижаблей"" [Конспект развития газового воздухоплавания]. Вид материала: статья Способ воспроизведения: машинопись с правкой автора Языки: русский",46,46,ok
Опись 1,1,0199,202,"Текст выступления К.Э. Циолковского ""Дирижабль, стратоплан, ракета"" по радио [речь по радио]. Вид материала: текст выступления Способ воспроизведения: машинопись с правкой автора Языки: русский",41,41,ok
Опись 1,1,0200,203,"Предисловие к работе К.Э. Циолковского ""Нагревание легкого газа"". Вид материала: предисловие Способ воспроизведения: автограф Языки: русский",3,3,ok
Опись 1,1,0201,204,"[Юбилейная речь] К.Э. Циолковского ""Воздушные транспортные средства"". Вид материала: текст выступления Способ воспроизведения: автограф, машинопись с правкой автора Языки: русский",9,9,ok
Опись 1,1,0202,205,Мой дирижабль К.Э. Циолковского. Вид материала: текст выступления Способ воспроизведения: машинопись с правкой автора Языки: русский,15,15,ok
Опись 1,1,0203,206,"Статья К.Э. Циолковского ""Дирижабль, стратоплан, и звездолет, как три ступени величайших советских достижений, как апофеоз индустрии"". Приложены чертежи и шаблоны моделей дирижабля. Вид материала: статья, чертежи, шаблоны Способ воспроизведения: автограф, машинопись с правкой автора Языки: русский",63,63,ok
Опись 1,1,0204,207,"Статья К.Э. Циолковского ""Акрон"". Вид материала: статья Способ воспроизведения: машинопись с правкой автора Языки: русский",12,12,ok
Опись 1,1,0205,208,"Статья К.Э. Циолковского ""Программа работ по стальному дирижаблю системы К.Э. Циолковского"". Вид материала: статья Способ воспроизведения: машинопись с правкой автора Языки: русский",9,9,ok
Опись 1,1,0206,209,"Фрагменты лекций К.Э. Циолковского ""Изучение и использование стратосферы"", читанной в Обществе изобретателей в Калуге 31.12.1933 г. Вид материала: фрагменты лекций Способ воспроизведения: автограф, машинопись с правкой автора Языки: русский",14,14,ok
Опись 1,1,0207,210,"Статья К.Э. Циолковского ""О работах по бескаркасному металлическому дирижаблю"", написанная в ответ на запрос Секции информации и печати ""Бюллетеня ЦАГИ"". Вид материала: статья Способ воспроизведения: машинопись с правкой автора Языки: русский",7,7,ok
Опись 1,1,0208,211,"Фрагменты К.Э. Циолковского ""Формулы стратостата"". Вид материала: фрагменты Способ воспроизведения: автограф Языки: русский",5,5,ok
Опись 1,1,0209,212,"Статья К.Э. Циолковского ""Достижение высот стратостатом"". Вид материала: статья Способ воспроизведения: машинопись с правкой автора Языки: русский",21,21,ok
Опись 1,1,0210,213,"Статья К.Э. Циолковского ""Высотные воздушные шары [стратостаты] и высотные [стратосферные] дирижабли"". Вид материала: статья Способ воспроизведения: машинопись с правкой автора Языки: русский",34,34,ok
Опись 1,1,0211,214,"Статья К.Э. Циолковского ""Газгольдеры, как переходная ступень к стальным дирижаблям с изменяющимся объемом"". Вид материала: статья Способ воспроизведения: машинопись с правкой автора Языки: русский, французский",28,28,ok
Опись 1,1,0212,215,"Фрагменты статьи К.Э. Циолковского ""Новый проект маленького дирижабля в 1000-3000 куб. м."", рисунки, таблицы, шаблоны. Вид материала: наброски, рисунки, таблицы, фрагменты статьи, шаблоны Способ воспроизведения: автограф Языки: русский",43,43,ok
Опись 1,1,0213,216,"Статья К.Э. Циолковского ""Особый упрощенный проект чистометаллического дирижабля с изменяющимся объемом"". Вид материала: статья Способ воспроизведения: автограф, машинопись с правкой автора Языки: русский",50,50,ok
Опись 1,1,0214,217,Эскизный проект летающей модели дирижабля К.Э. Циолковского объемом 3000 куб.м. Вид материала: проект Способ воспроизведения: Языки: русский,303,303,ok
Опись 1,1,0215,218,Эскизный проект летающей модели дирижабля К.Э. Циолковского объемом 3000 куб.м. Вид материала: проект Способ воспроизведения: Языки: русский,294,294,ok
Опись 1,1,0216,219,"Статья К.Э. Циолковского ""Упрощенный переходный проект дирижабля в 2000 куб. метров объема"". Вид материала: статья Способ воспроизведения: автограф, машинопись с правкой автора Языки: русский",58,58,ok
Опись 1,1,0217,220,"Статья К.Э. Циолковского ""Поезд дирижаблей"". Вид материала: статья Способ воспроизведения: автограф, машинопись с правкой автора Языки: русский",11,11,ok
Опись 1,1,0218,221,"Фрагмент работы К.Э. Циолковского ""Способ сварки оболочки дирижабля"". Вид материала: фрагмент Способ воспроизведения: автограф Языки: русский",5,5,ok
Опись 1,1,0219,222,"Список работ К.Э. Циолковского ""Дирижабли"" по дирижаблям. Вид материала: список работ Способ воспроизведения: автограф Языки: русский",3,3,ok
Опись 1,1,0220,223,"Расчеты и формулы К.Э. Циолковского ""Расчеты [таблицы дирижаблей]"". Вид материала: расчёты, формулы Способ воспроизведения: автограф Языки: русский",20,20,ok
Опись 1,1,0221,224,Шаблоны К.Э. Циолковского из жести и картона моделей дирижабля. Вид материала: шаблоны Способ воспроизведения: фотографии Языки: русский,6,6,ok
Опись 1,1,0222,225,"Чертежи дирижабля К.Э. Циолковского, рисунки и эскизы к работам по дирижаблестроению. Вид материала: рисунки, чертежи, шаблоны Способ воспроизведения: автограф, машинопись Языки: английский, русский, французский",178,178,ok
Опись 1,1,0223,226,"Фотографии моделей дирижабля К.Э. Циолковского, шаблоны для гоффрировальной машины и репродукции диапозитивов, моделей дирижабля, демонстрировавшихся К.Э. Циолковским во время лекций и докладов. Вид материала: фотографии моделей, шаблоны Способ воспроизведения: фотографии Языки: русский",57,57,ok
Опись 1,1,0224,227,Фрагменты статей К.Э. Циолковского о дирижабле. Вид материала: фрагменты статей Способ воспроизведения: автограф Языки: русский,113,113,ok
Опись 1,1,0225,228,"Статья К.Э. Циолковского ""Тип будущего управляемого аэростата"" [не окончена]. Вид материала: статья Способ воспроизведения: автограф Языки: русский",61,61,ok
Опись 1,1,0226,229,"Статья К.Э. Циолковского ""Тяготение, как источник мировой энергии"". Вид материала: статья Способ воспроизведения: машинопись Языки: русский",30,30,ok
Опись 1,1,0227,230,"Статья К.Э. Циолковского ""Изменение относительной тяжести на Земле"". Вид материала: статья Способ воспроизведения: автограф Языки: русский",309,309,ok
Опись 1,1,0228,231,"Статья К.Э. Циолковского ""На чуждых планетах"". Вид материала: статья Способ воспроизведения: автограф, машинопись Языки: русский",58,58,ok
Опись 1,1,0229,232,"Статья К.Э. Циолковского ""Вселенная в очерках и картинах"". Вид материала: статья Способ воспроизведения: автограф Языки: русский",85,85,ok
Опись 1,1,0230,233,"Заметки и таблицы К.Э. Циолковского ""Таблицы [старые]"" по астрономии. Вид материала: заметки, наброски, таблицы Способ воспроизведения: автограф, машинопись Языки: русский",62,62,ok
Опись 1,1,0231,234,"Таблицы К.Э. Циолковского ""Таблицы новые и старые"", относящиеся к строению вселенной. Вид материала: таблицы Способ воспроизведения: автограф Языки: русский",78,78,ok
Опись 1,1,0232,235,"Статья К.Э. Циолковского ""Между солнцами [Фантастическое путешествие от планеты к планете]"". Вид материала: статья Способ воспроизведения: автограф Языки: русский",80,80,ok
Опись 1,1,0233,236,"Статья К.Э. Циолковского ""О земном шаре"". Вид материала: статья Способ воспроизведения: автограф, машинопись Языки: русский",34,34,ok
Опись 1,1,0234,237,"Статья К.Э. Циолковского ""Звездный цикл"". Вид материала: статья Способ воспроизведения: автограф Языки: русский",50,50,ok
Опись 1,1,0235,238,"Статья К.Э. Циолковского ""Судьба планет. Образование и развитие солнечной системы"". Вид материала: статья Способ воспроизведения: автограф Языки: русский",11,11,ok
Опись 1,1,0236,239,"Отрывок статьи К.Э. Циолковского ""Гипотеза о повторяемости звездных явлений"". Вид материала: отрывок статьи Способ воспроизведения: автограф Языки: русский",19,19,ok
Опись 1,1,0237,240,"Статья К.Э. Циолковского ""На Весте. [Условия жизни в иных мирах]"". Вид материала: статья Способ воспроизведения: автограф, машинопись с правкой автора Языки: русский",32,32,ok
Опись 1,1,0238,241,"Статья К.Э. Циолковского ""Условия жизни в поясе астероидов [Жизнь в эфире]"". Вид материала: статья Способ воспроизведения: автограф, машинопись Языки: русский",300,300,ok
Опись 1,1,0239,242,"Статья К.Э. Циолковского ""Жизнь Солнца и его спектр"". Вид материала: статья Способ воспроизведения: автограф Языки: русский",13,13,ok
Опись 1,1,0240,243,"Статья К.Э. Циолковского ""Условия жизни во вселенной. [Программа Вселенной]"". Вид материала: статья Способ воспроизведения: автограф Языки: русский",74,74,ok
Опись 1,1,0241,244,"Статья К.Э. Циолковского ""Сколько времени существует вселенная?"". Вид материала: статья Способ воспроизведения: автограф Языки: русский",45,45,ok
Опись 1,1,0242,245,"Статья К.Э. Циолковского ""Путешествие Земли и Солнца во вселенной"". Вид материала: статья Способ воспроизведения: автограф, машинопись с правкой автора Языки: русский",67,67,ok
Опись 1,1,0243,246,"Статья К.Э. Циолковского ""Путешествие Земли и Солнца во вселенной"". Вид материала: статья Способ воспроизведения: машинопись Языки: русский",32,32,ok
Опись 1,1,0244,247,"Статья К.Э. Циолковского ""Разум и звезды"". Вид материала: статья Способ воспроизведения: автограф Языки: русский",135,135,ok
Опись 1,1,0245,248,"Статья К.Э. Циолковского ""Разум и космос"". Вид материала: статья Способ воспроизведения: автограф Языки: русский",20,20,ok
Опись 1,1,0246,249,"Статья К.Э. Циолковского ""Распространение человека в космосе"". Вид материала: статья Способ воспроизведения: автограф Языки: русский",68,68,ok
Опись 1,1,0247,250,"Статья К.Э. Циолковского ""Земные катастрофы. [Мировые катастрофы]"". Вид материала: статья Способ воспроизведения: автограф, машинопись с правкой автора Языки: русский",43,43,ok
Опись 1,1,0248,251,"Фрагменты работы К.Э. Циолковского ""Образование Земли и солнечной системы"" [не окончена и без начала]. Вид материала: фрагменты Способ воспроизведения: автограф Языки: русский",23,23,ok
Опись 1,1,0249,252,"Статья К.Э. Циолковского ""К живому и мертвому. [Выписки из моих астрономических таблиц]"". Вид материала: статья Способ воспроизведения: автограф Языки: русский",15,15,ok
Опись 1,1,0250,253,"Статья К.Э. Циолковского ""Этапы промышленности в эфире или в поясе астероидов"". Вид материала: статья Способ воспроизведения: автограф Языки: русский",5,5,ok
Опись 1,1,0251,254,"Статья К.Э. Циолковского ""Условие жизни в иных мирах"". Вид материала: статья Способ воспроизведения: автограф, машинопись Языки: русский",41,41,ok
Опись 1,1,0252,255,"Статья К.Э. Циолковского ""Жизнь в космическом эфире. Введение и I глава"". Вид материала: статья Способ воспроизведения: автограф Языки: русский",142,142,ok
Опись 1,1,0253,256,"Вычисления и формулы К.Э. Циолковского ""Моменты инерции"". Вид материала: вычисления, формулы Способ воспроизведения: автограф Языки: русский",17,17,ok
Опись 1,1,0254,257,"Формулы К.Э. Циолковского ""Образование солнечной системы. [Переписка важнейших формул]"". Вид материала: формулы Способ воспроизведения: автограф Языки: русский",114,114,ok
Опись 1,1,0255,258,"Статья К.Э. Циолковского ""Условия жизни во вселенной"". Вид материала: статья Способ воспроизведения: автограф Языки: русский",90,90,ok
Опись 1,1,0256,259,"Статья К.Э. Циолковского ""Астрономические единицы"". Вид материала: статья Способ воспроизведения: автограф Языки: русский",62,62,ok
Опись 1,1,0257,260,"Статья К.Э. Циолковского ""Изменение массы Солнца"". Вид материала: статья Способ воспроизведения: автограф, машинопись Языки: русский",77,77,ok
Опись 1,1,0258,261,"Отрывок статьи К.Э. Циолковского ""Органическая жизнь разлита по всему космосу"". Вид материала: отрывок статьи Способ воспроизведения: автограф Языки: русский",12,12,ok
Опись 1,1,0259,262,"Статья К.Э. Циолковского ""Образование Млечного пути, многократных солнц и планетных систем"". Вид материала: статья Способ воспроизведения: автограф Языки: русский",94,94,ok
Опись 1,1,0260,263,"Статья К.Э. Циолковского ""Образование солнечных систем. [Конспект в доступном изложении]"". Вид материала: выписки, статья, черновые наброски Способ воспроизведения: автограф Языки: русский",119,119,ok
Опись 1,1,0261,264,"Статья К.Э. Циолковского ""Картина вселенной"". Вид материала: статья Способ воспроизведения: автограф, машинопись с правкой автора Языки: русский",47,47,ok
Опись 1,1,0262,265,"Статья К.Э. Циолковского ""Условия биологической жизни во вселенной и её высота"". Вид материала: статья Способ воспроизведения: машинопись с правкой автора Языки: русский",14,14,ok
Опись 1,1,0263,266,"Статья К.Э. Циолковского ""Периодичность и нисходящий порядок космоса. О соответствующих существах разной плотности [Гипотеза]"". Вид материала: статья Способ воспроизведения: автограф Языки: русский",20,20,ok
Опись 1,1,0264,267,"Статья К.Э. Циолковского ""Условия жизни в иных мирах"". Вид материала: статья Способ воспроизведения: автограф Языки: русский",34,34,ok
Опись 1,1,0265,268,"Статья К.Э. Циолковского ""Образование солнечных систем. [Дополнение к конспекту 1925 г.]"". Вид материала: статья Способ воспроизведения: автограф Языки: русский",39,39,ok
Опись 1,1,0266,269,"Отрывок К.Э. Циолковского ""Наиболее важные опечатки и ошибки в некоторых моих сочинениях [1925 г. ""Грезы о земле и небе""]"". Вид материала: отрывок Способ воспроизведения: автограф Языки: русский",2,2,ok
Опись 1,1,0267,270,"Статья К.Э. Циолковского ""Эфирный остров"". [2 редакции]. Вид материала: статья Способ воспроизведения: машинопись с правкой автора Языки: русский",25,25,ok
Опись 1,1,0268,271,"Статья К.Э. Циолковского ""Жизнь в эфире"". Вид материала: статья Способ воспроизведения: машинопись с правкой автора Языки: русский",10,10,ok
Опись 1,1,0269,272,"Статья К.Э. Циолковского ""Образование солнечных систем"". [Выводы]. Вид материала: статья Способ воспроизведения: машинопись с правкой автора Языки: русский",15,15,ok
Опись 1,1,0270,273,"Статья К.Э. Циолковского ""Органический мир вселенной"". Вид материала: статья Способ воспроизведения: машинопись с правкой автора Языки: русский",29,29,ok
Опись 1,1,0271,274,"Статья К.Э. Циолковского ""Сколько планет во вселенной"". Вид материала: статья Способ воспроизведения: машинопись с правкой автора Языки: русский",26,26,ok
Опись 1,1,0272,275,"Статья К.Э. Циолковского ""Температура планет"". Вид материала: статья Способ воспроизведения: машинопись с правкой автора Языки: русский",17,17,ok
Опись 1,1,0273,276,"Статья К.Э. Циолковского ""Наше Солнце"". Вид материала: статья Способ воспроизведения: машинопись с правкой автора Языки: русский",14,14,ok
Опись 1,1,0274,277,"Статья К.Э. Циолковского ""Наша планетная система"". Вид материала: статья Способ воспроизведения: машинопись с правкой автора Языки: русский",24,24,ok
Опись 1,1,0275,278,"Статья К.Э. Циолковского ""Как образуются солнечные системы"". Вид материала: статья Способ воспроизведения: машинопись с правкой автора Языки: русский",15,15,ok
Опись 1,1,0276,279,"Статья К.Э. Циолковского ""Как узнают расстояние и величину недоступных предметов"". Вид материала: статья Способ воспроизведения: машинопись с правкой автора Языки: русский",31,31,ok
Опись 1,1,0277,280,"Статья К.Э. Циолковского ""Из каких веществ составлены небесные тела"". Вид материала: статья Способ воспроизведения: машинопись с правкой автора Языки: русский",31,31,ok
Опись 1,1,0278,281,"Статья К.Э. Циолковского ""Когда потухнет Солнце?"". [""Небесные огни""]. Вид материала: статья Способ воспроизведения: машинопись с правкой автора Языки: русский",7,7,ok
Опись 1,1,0279,282,"Статья К.Э. Циолковского ""Два заблуждения"". Вид материала: статья Способ воспроизведения: автограф Языки: русский",23,23,ok
Опись 1,1,0280,283,"Статья К.Э. Циолковского ""Энергия солнечного лучеиспускания"". Вид материала: статья Способ воспроизведения: автограф, машинопись с правкой автора Языки: русский",161,161,ok
Опись 1,1,0281,284,"Отрывок статьи К.Э. Циолковского ""Притяжение разных родов, энергия, сложность, скорость и упругость"". Вид материала: отрывок статьи Способ воспроизведения: автограф, машинопись с правкой автора Языки: русский",9,9,ok
Опись 1,1,0282,285,"Статья К.Э. Циолковского ""[Устройство жилищ вне Земли]"" [3 варианта]. Вид материала: статья Способ воспроизведения: автограф Языки: русский",42,42,ok
Опись 1,1,0283,286,"Статья К.Э. Циолковского ""Космические путешествия"". Вид материала: статья Способ воспроизведения: автограф, машинопись Языки: русский",65,65,ok
Опись 1,1,0284,287,"Статья К.Э. Циолковского ""Образование двойных звезд"". Рукописный экземпляр статьи на французском языке. Вид материала: статья Способ воспроизведения: автограф, машинопись с правкой автора, рукопись Языки: русский, французский",124,124,ok
Опись 1,1,0285,288,"Статья К.Э. Циолковского ""Момент вращательного движения"". Вид материала: статья Способ воспроизведения: машинопись с правкой автора Языки: русский",8,8,ok
Опись 1,1,0286,289,"Текст лекции К.Э. Циолковского ""Космос"". Вид материала: лекция Способ воспроизведения: автограф, машинопись с правкой автора Языки: русский",36,36,ok
Опись 1,1,0287,290,"Отрывок К.Э. Циолковского ""Общее заключение о космосе"". Вид материала: отрывок Способ воспроизведения: автограф Языки: русский",3,3,ok
Опись 1,1,0288,291,"Статья К.Э. Циолковского ""Закон притяжения"". Вид материала: статья Способ воспроизведения: машинопись Языки: русский",112,112,ok
Опись 1,1,0289,292,"Отрывок статьи К.Э. Циолковского ""При других солнцах также имеются планеты"". Вид материала: отрывок, статья Способ воспроизведения: автограф, машинопись Языки: русский",8,8,ok
Опись 1,1,0290,293,"Текст объявления К.Э. Циолковского в газету о болиде, виденном в Московской области 14 мая 1934 г. Вид материала: объявление Способ воспроизведения: машинопись Языки: русский",3,3,ok
Опись 1,1,0291,294,"Статья К.Э. Циолковского ""О болиде 14 мая 1934 г., виденном в Московской области"". Вид материала: статья Способ воспроизведения: автограф, машинопись с правкой автора Языки: русский",41,41,ok
Опись 1,1,0292,295,"Таблица космических расстояний К.Э. Циолковского ""Бесконечность"". Вид материала: таблица Способ воспроизведения: машинопись с правкой автора Языки: русский",3,3,ok
Опись 1,1,0293,296,Фрагменты работ К.Э. Циолковского по астрономии. Вид материала: фрагменты работ Способ воспроизведения: автограф Языки: русский,87,87,ok
Опись 1,1,0294,297,"Статья К.Э. Циолковского ""Механика подобно изменяющегося организма"" [не окончена]. Вид материала: статья Способ воспроизведения: автограф, машинопись Языки: русский",112,112,ok
Опись 1,1,0295,298,"Статья К.Э. Циолковского ""Образование разных видов живых существ"" [не окончена]. Вид материала: статья Способ воспроизведения: автограф Языки: русский",42,42,ok
Опись 1,1,0296,299,"Статья К.Э. Циолковского ""Влияние роста существ на их жизнь и свойства"". Вид материала: статья Способ воспроизведения: машинопись Языки: русский",96,96,ok
Опись 1,1,0297,300,"Статья К.Э. Циолковского ""Механика в биологии"" [Происхождение живого до человека]. Вид материала: статья Способ воспроизведения: автограф Языки: русский",236,236,ok
Опись 1,1,0298,301,"Статья К.Э. Циолковского ""Происхождение и развитие жизни на Земле"" [не окончена]. Вид материала: статья Способ воспроизведения: автограф Языки: русский",195,195,ok
Опись 1,1,0299,302,"Черновые наброски плана К.Э. Циолковского ""Подобие организмов и уклонение от него"" и содержание статьи, таблицы и формулы. Вид материала: таблицы, формулы, черновые наброски статьи Способ воспроизведения: автограф Языки: русский",79,79,ok
Опись 1,1,0300,303,"Очерк К.Э. Циолковского ""Начало растений на земном шаре и их развитие"". Вид материала: очерк Способ воспроизведения: машинопись с правкой автора Языки: русский",51,51,ok
Опись 1,1,0301,304,"Статья К.Э. Циолковского ""Механика в биологии. Подобие организмов и уклонение от него"". Вид материала: статья Способ воспроизведения: автограф Языки: русский",398,398,ok
Опись 1,1,0302,305,"Статья К.Э. Циолковского ""Механика в биологии. Подобие организмов и уклонение от него"". Вид материала: статья Способ воспроизведения: автограф Языки: русский",346,346,ok
Опись 1,1,0303,306,"Статья К.Э. Циолковского ""Эволюция животных [заимствовано у разных авторов]"". Вид материала: статья Способ воспроизведения: автограф Языки: русский",72,72,ok
Опись 1,1,0304,307,"Статья К.Э. Циолковского ""Происхождение живого"" [не закончена]. Вид материала: статья Способ воспроизведения: автограф Языки: русский",23,23,ok
Опись 1,1,0305,308,"Статья К.Э. Циолковского ""Влияние разной тяжести на жизнь"". Вид материала: статья Способ воспроизведения: машинопись с правкой автора Языки: русский",22,22,ok
Опись 1,1,0306,309,"Статья К.Э. Циолковского ""Развитие органов размножения и их филогенетическая последовательность"". Вид материала: статья Способ воспроизведения: машинопись с правкой автора Языки: русский",4,4,ok
Опись 1,1,0307,310,"Заметка К.Э. Циолковского ""[О приоритете К.Э. Циолковского в методе получения высоких температур с помощью солнечных лучей]"". Вид материала: заметка Способ воспроизведения: автограф Языки: русский",16,16,ok
Опись 1,1,0308,311,"Статья К.Э. Циолковского ""Механизм высших животных и их чувства"" [не окончена]. Вид материала: статья Способ воспроизведения: машинопись Языки: русский",10,10,ok
Опись 1,1,0309,312,"Статья К.Э. Циолковского ""Биология и человек"". Вид материала: статья Способ воспроизведения: автограф Языки: русский",21,21,ok
Опись 1,1,0310,313,"Статья К.Э. Циолковского ""Обратимость биологических явлений"". Вид материала: статья Способ воспроизведения: машинопись с правкой автора Языки: русский",32,32,ok
Опись 1,1,0311,314,"Выписки К.Э. Циолковского ""Химические формулы из Менделеева"". Вид материала: выписки Способ воспроизведения: автограф Языки: русский",16,16,ok
Опись 1,1,0312,315,"Описание конструкции К.Э. Циолковского ""Лодка"" и испытание лодки, изобретенной К.Э. Циолковским. Вид материала: описание конструкции Способ воспроизведения: автограф Языки: русский",10,10,ok
Опись 1,1,0313,316,"Статья К.Э. Циолковского ""Второе начало термодинамики"". Вид материала: статья Способ воспроизведения: автограф Языки: русский",69,69,ok
Опись 1,1,0314,317,"Статья К.Э. Циолковского ""Вещество, строение и жизнь Земли"". Вид материала: статья Способ воспроизведения: автограф Языки: русский",111,111,ok
Опись 1,1,0315,318,"Ответ К.Э. Циолковского ""К моей кинетической теории света"" на возражение Н.А. Морозова по поводу статьи К.Э. Циолковского ""Кинетическая теория света"". Вид материала: ответ на возражения Способ воспроизведения: автограф Языки: русский",7,7,ok
Опись 1,1,0316,319,"Фрагменты статей К.Э. Циолковского ""Общечеловеческая азбука"" по общечеловеческой азбуке. Вид материала: фрагменты статей Способ воспроизведения: автограф Языки: русский",19,19,ok
Опись 1,1,0317,320,"Отрывок статьи К.Э. Циолковского ""Картина Земли и её частей"". Вид материала: отрывок статьи Способ воспроизведения: автограф Языки: русский",57,57,ok
Опись 1,1,0318,321,"Таблицы К.Э. Циолковского ""Техника"" [""Паровые турбины"". ""Мельницы ветряные"".]. Вид материала: таблицы Способ воспроизведения: автограф Языки: русский",18,18,ok
Опись 1,1,0319,322,"Статья К.Э. Циолковского ""Из прошлого Земли"". Вид материала: статья Способ воспроизведения: машинопись с правкой автора Языки: русский",14,14,ok
Опись 1,1,0320,323,"Статья К.Э. Циолковского ""Наносы Земли"". Вид материала: статья Способ воспроизведения: автограф, машинопись Языки: русский",24,24,ok
Опись 1,1,0321,324,"Статья К.Э. Циолковского ""Сельскохозяйственные работы и потребные моторы"". Вид материала: статья Способ воспроизведения: автограф Языки: русский",5,5,ok
Опись 1,1,0322,325,Записи опытов К.Э. Циолковского [Нагревание воды с помощью солнечной энергии]. Вид материала: записи опытов Способ воспроизведения: автограф Языки: русский,5,5,ok
Опись 1,1,0323,326,"Статья К.Э. Циолковского ""Гипотеза Бора и строение атома"". Вид материала: статья Способ воспроизведения: машинопись с правкой автора Языки: русский",49,49,ok
Опись 1,1,0324,327,"Статья К.Э. Циолковского ""Солнечная энергия и её применение. Энергия солнечного лучеиспускания. [Статья 1]"". Вид материала: статья Способ воспроизведения: машинопись с правкой автора Языки: русский",40,40,ok
Опись 1,1,0325,328,"Статья К.Э. Циолковского ""Значение основных наук о веществе"". Вид материала: статья Способ воспроизведения: автограф, машинопись с правкой автора Языки: русский",14,14,ok
Опись 1,1,0326,329,"Статья К.Э. Циолковского ""Образование Земли: суши, атмосферы растений и животных. [Земля и её наносы. 2-я переделка]"". Вид материала: статья Способ воспроизведения: автограф Языки: русский",72,72,ok
Опись 1,1,0327,330,"Статья К.Э. Циолковского ""Солнечная энергия и её применение. Устройство жилищ в сухих и жарких пустынях [Статья 3]"". Вид материала: статья Способ воспроизведения: машинопись с правкой автора Языки: русский",15,15,ok
Опись 1,1,0328,331,"Статья К.Э. Циолковского ""Солнечная энергия и её применение. Простой солнечный нагреватель и его применение к двигателю, кухне и др. целям. [Статья 4]"". Две редакции. Вид материала: статья Способ воспроизведения: машинопись с правкой автора Языки: русский",6,6,ok
Опись 1,1,0329,332,"Статья К.Э. Циолковского ""Солнечная энергия и её применение. Вода в безводных и безоблачных пустынях. [Статья 2]"". Вид материала: статья Способ воспроизведения: машинопись с правкой автора Языки: русский",15,15,ok
Опись 1,1,0330,333,"Статья К.Э. Циолковского ""Земля. Часть 1. Прошедшее земли"". Вид материала: статья Способ воспроизведения: автограф Языки: русский",89,89,ok
Опись 1,1,0331,334,"Статья К.Э. Циолковского ""Земля. Часть 3. Будущее Земли [человека]"". Вид материала: статья Способ воспроизведения: автограф Языки: русский",93,93,ok
Опись 1,1,0332,335,"Таблицы К.Э. Циолковского ""Земля. Выписки и выводы"". Вид материала: таблицы Способ воспроизведения: автограф Языки: русский",29,29,ok
Опись 1,1,0333,336,"Статья К.Э. Циолковского ""Земля. Часть 2. Современное состояние Земли"". Вид материала: статья Способ воспроизведения: автограф, машинопись Языки: русский",150,150,ok
Опись 1,1,0334,337,"Фрагменты статьи К.Э. Циолковского ""Примеры применения моего алфавита к языкам: русскому, немецкому, французскому и английскому [при употреблении 27 фигур]"". Вид материала: фрагменты статьи Способ воспроизведения: автограф Языки: русский",39,39,ok
Опись 1,1,0335,338,"Статья К.Э. Циолковского ""Обратимость физических явлений"". Вид материала: статья Способ воспроизведения: машинопись с правкой автора Языки: русский",10,10,ok
Опись 1,1,0336,339,"Статья К.Э. Циолковского ""Обратимость явлений"". Вид материала: статья Способ воспроизведения: машинопись с правкой автора Языки: русский",12,12,ok
Опись 1,1,0337,340,"Набросок статьи К.Э. Циолковского ""Одноатомный водород"". Вид материала: набросок статьи Способ воспроизведения: автограф Языки: русский",11,11,ok
Опись 1,1,0338,341,"Статья К.Э. Циолковского ""Обратимость химических явлений"" [не окончена]. Вид материала: статья Способ воспроизведения: машинопись с правкой автора Языки: русский",113,113,ok
Опись 1,1,0339,342,"Статья К.Э. Циолковского ""Земля и её энергия"" [2 редакции]. Вид материала: статья Способ воспроизведения: машинопись с правкой автора Языки: русский",113,113,ok
Опись 1,1,0340,343,"Статья К.Э. Циолковского ""Свойства вещества"". Вид материала: статья Способ воспроизведения: машинопись с правкой автора Языки: русский",30,30,ok
Опись 1,1,0341,344,"Статья К.Э. Циолковского ""Упругость твердых тел"". Фотокопия. Вид материала: статья Способ воспроизведения: автограф Языки: русский",47,47,ok
Опись 1,1,0342,345,"Описание конструкции К.Э. Циолковского ""Слуховая труба"" и рисунок слуховой трубы. Вид материала: описание конструкции Способ воспроизведения: автограф Языки: русский",7,7,ok
Опись 1,1,0343,346,"Статья К.Э. Циолковского ""Дирижабль и реактивный прибор против земных катастроф"". Вид материала: статья Способ воспроизведения: машинопись с правкой автора Языки: русский",9,9,ok
Опись 1,1,0344,347,"Статья К.Э. Циолковского ""Возможен ли вечный двигатель?"". Вид материала: статья Способ воспроизведения: машинопись с правкой автора Языки: русский",11,11,ok
Опись 1,1,0345,348,"Статья К.Э. Циолковского ""Батарейная воздуходувка для домн"". Вид материала: статья Способ воспроизведения: машинопись с правкой автора Языки: русский",13,13,ok
Опись 1,1,0346,349,"Статья К.Э. Циолковского ""Дальнобойные орудия"". Вид материала: статья Способ воспроизведения: машинопись с правкой автора Языки: русский",33,33,ok
Опись 1,1,0347,350,"Статья К.Э. Циолковского ""Беседы о Земле. Пояснения"". Вид материала: статья Способ воспроизведения: машинопись с правкой автора Языки: русский",30,30,ok
Опись 1,1,0348,351,"Статья К.Э. Циолковского ""Земная энергия"". Вид материала: статья Способ воспроизведения: машинопись с правкой автора Языки: русский",5,5,ok
Опись 1,1,0349,352,"Статья К.Э. Циолковского ""Отчего усложняется или упрощается материя"". Вид материала: статья Способ воспроизведения: автограф, машинопись с правкой автора Языки: русский",10,10,ok
Опись 1,1,0350,353,"Статья К.Э. Циолковского ""Вещество"". Вид материала: статья Способ воспроизведения: автограф, машинопись с правкой автора Языки: русский",30,30,ok
Опись 1,1,0351,354,"Статья К.Э. Циолковского ""Невидимые частицы вещества"". Вид материала: статья Способ воспроизведения: автограф, машинопись с правкой автора Языки: русский",8,8,ok
Опись 1,1,0352,355,"Статья К.Э. Циолковского ""Основные физические гипотезы"". Вид материала: статья Способ воспроизведения: машинопись с правкой автора Языки: русский",7,7,ok
Опись 1,1,0353,356,"Статья К.Э. Циолковского ""Простой охладитель комнатного воздуха для жаркого времени года"". Вид материала: статья Способ воспроизведения: машинопись с правкой автора Языки: русский",40,40,ok
Опись 1,1,0354,357,"Статья К.Э. Циолковского ""Освоение жарких пустынь"". Вид материала: статья Способ воспроизведения: машинопись с правкой автора Языки: русский",11,11,ok
Опись 1,1,0355,358,"Статья К.Э. Циолковского ""Общие условия транспорта"". Вид материала: статья Способ воспроизведения: машинопись с правкой автора Языки: русский",16,16,ok
Опись 1,1,0356,359,"Статья К.Э. Циолковского ""Волнолом и извлечение энергии из морских волн"". Вид материала: статья Способ воспроизведения: машинопись с правкой автора Языки: русский",8,8,ok
Опись 1,1,0357,360,"Фрагменты статьи К.Э. Циолковского ""Общеевропейская азбука"". Вид материала: фрагменты статьи Способ воспроизведения: автограф Языки: русский",12,12,ok
Опись 1,1,0358,361,"Статья К.Э. Циолковского ""Энергия вообще"". Вид материала: статья Способ воспроизведения: машинопись с правкой автора Языки: русский",10,10,ok
Опись 1,1,0359,362,"Статья К.Э. Циолковского ""Рельсовый автопоезд"". Вид материала: статья Способ воспроизведения: машинопись с правкой автора Языки: русский, французский",9,9,ok
Опись 1,1,0360,363,"Статья К.Э. Циолковского ""Наибольшая глубина погружения океанской батисферы"". Вид материала: статья Способ воспроизведения: автограф, машинопись с правкой автора Языки: русский",40,40,ok
Опись 1,1,0361,364,"Статья К.Э. Циолковского ""Величина погружения океанской батисферы"". [Сокращенно и доступно]. Вид материала: статья Способ воспроизведения: автограф, машинопись с правкой автора Языки: русский",16,16,ok
Опись 1,1,0362,365,"Статья К.Э. Циолковского ""Обратимость явлений вообще"". Вид материала: статья Способ воспроизведения: машинопись с правкой автора Языки: русский",26,26,ok
Опись 1,1,0363,366,"Отрывок статьи К.Э. Циолковского ""Кинетическая теория света. Плотность эфира и его свойства"". Вид материала: отрывок статьи Способ воспроизведения: рукопись с правкой К.Э. Циолковского Языки: русский",5,5,ok
Опись 1,1,0364,367,Отрывки из статей К.Э. Циолковского о солнечной энергии. Вид материала: отрывки из статей Способ воспроизведения: автограф Языки: русский,9,9,ok
Опись 1,1,0365,368,"Статья К.Э. Циолковского ""Программа транспорта"". Вид материала: статья Способ воспроизведения: автограф Языки: русский",20,20,ok
Опись 1,1,0366,369,"Описание К.Э. Циолковским ""[Пишущая машина]"" и чертежи пишущей машины. Фрагменты. Вид материала: описание конструкции, чертежи Способ воспроизведения: автограф Языки: русский",16,16,ok
Опись 1,1,0367,370,"Отрывок К.Э. Циолковского ""Космические явления обратимости"". Вид материала: отрывок Способ воспроизведения: автограф Языки: русский",3,3,ok
Опись 1,1,0368,371,"Отрывок К.Э. Циолковского ""Атом водорода"". Вид материала: отрывок Способ воспроизведения: автограф Языки: русский",3,3,ok
Опись 1,1,0369,372,[Молитва] К.Э. Циолковского. Вид материала: Способ воспроизведения: автограф Языки: русский,5,5,ok
Опись 1,1,0370,373,"Статья К.Э. Циолковского ""Научные основания религии"". Вид материала: статья Способ воспроизведения: автограф Языки: русский",91,91,ok
Опись 1,1,0371,374,Разъяснения молитвы господней и выражение её живыми словами К.Э. Циолковского. Вид материала: Способ воспроизведения: автограф Языки: русский,14,14,ok
Опись 1,1,0372,375,"Статья К.Э. Циолковского ""Этика или естественные основы нравственности"". Вид материала: статья Способ воспроизведения: машинопись с правкой автора Языки: русский",442,442,ok
Опись 1,1,0373,376,"Статья К.Э. Циолковского ""Будущее Земли и человека. [Технический и научный прогресс будущего]"". Вид материала: статья Способ воспроизведения: автограф Языки: русский",25,25,ok
Опись 1,1,0374,377,"Статья К.Э. Циолковского ""Преобладание человека над животными"". Вид материала: статья Способ воспроизведения: автограф Языки: русский",12,12,ok
Опись 1,1,0375,378,"Статья К.Э. Циолковского ""Развитие тела и души"". Вид материала: статья Способ воспроизведения: автограф Языки: русский",117,117,ok
Опись 1,1,0376,379,"Наброски К.Э. Циолковского ""Разные статьи"" и конспекты отдельных статей. Вид материала: конспекты, наброски Способ воспроизведения: автограф Языки: русский",66,66,ok
Опись 1,1,0377,380,"Конспект работы К.Э. Циолковского ""Приключения души"". Вид материала: конспект Способ воспроизведения: автограф Языки: русский",52,52,ok
Опись 1,1,0378,381,"Статья К.Э. Циолковского ""Наука и вера"". Вид материала: статья Способ воспроизведения: машинопись Языки: русский",50,50,ok
Опись 1,1,0379,382,"Статья К.Э. Циолковского ""Идеальный строй жизни"". Вид материала: статья Способ воспроизведения: машинопись с правкой автора Языки: русский",38,38,ok
Опись 1,1,0380,383,"Статья К.Э. Циолковского ""Человек. Свойства человека"". Вид материала: статья Способ воспроизведения: автограф, машинопись Языки: русский",410,410,ok
Опись 1,1,0381,384,"Статья К.Э. Циолковского ""Философия знания"". Вид материала: статья Способ воспроизведения: автограф Языки: русский",50,50,ok
Опись 1,1,0382,385,"Статья К.Э. Циолковского ""Устройство человечества"". Вид материала: статья Способ воспроизведения: автограф Языки: русский",28,28,ok
Опись 1,1,0383,386,"Христианство. Евангелие Матвея с комментариями К.Э. Циолковского. Вид материала: очерк Способ воспроизведения: автограф, машинопись с правкой автора Языки: русский",289,289,ok
Опись 1,1,0384,387,"Набросок статьи К.Э. Циолковского ""Приключения духа"". Вид материала: набросок статьи Способ воспроизведения: автограф Языки: русский",78,78,ok
Опись 1,1,0385,388,"Статья К.Э. Циолковского ""Устройство людей на земле"". Вид материала: статья Способ воспроизведения: автограф Языки: русский",22,22,ok
Опись 1,1,0386,389,"Статья К.Э. Циолковского ""Какой тип желателен?"". Вид материала: статья Способ воспроизведения: автограф, машинопись Языки: русский",25,25,ok
Опись 1,1,0387,390,"Статья К.Э. Циолковского ""Общественный строй"". Вид материала: статья Способ воспроизведения: автограф, машинопись с правкой автора Языки: русский",686,686,ok
Опись 1,1,0388,391,"Статья К.Э. Циолковского ""Происхождение законов"". Не окончена. Вид материала: статья Способ воспроизведения: автограф Языки: русский",11,11,ok
Опись 1,1,0389,392,"Статья К.Э. Циолковского ""Эволюция представлений о божестве"". Вид материала: статья Способ воспроизведения: автограф Языки: русский",23,23,ok
Опись 1,1,0390,393,"[Резюме] ""Мои взгляды"" [к ""Этике"". Послесловие]. Вид материала: резюме Способ воспроизведения: автограф Языки: русский",4,4,ok
Опись 1,1,0391,394,"Статья К.Э. Циолковского ""Свобода воли"". Вид материала: статья Способ воспроизведения: машинопись Языки: русский",14,14,ok
Опись 1,1,0392,395,"Статья К.Э. Циолковского ""Миражи будущего общественного устройства"". Вид материала: статья Способ воспроизведения: машинопись с правкой автора Языки: русский",56,56,ok
Опись 1,1,0393,396,"Статья К.Э. Циолковского ""Первопричина"". Вид материала: статья Способ воспроизведения: автограф, машинопись с правкой автора Языки: русский",279,279,ok
Опись 1,1,0394,397,"Статья К.Э. Циолковского ""Приключение атома"". Вид материала: статья Способ воспроизведения: машинопись с правкой автора Языки: русский",408,408,ok
Опись 1,1,0395,398,"Статья К.Э. Циолковского ""Гений среди людей"". Вид материала: статья Способ воспроизведения: автограф, машинопись с правкой автора Языки: русский",98,98,ok
Опись 1,1,0396,399,"Предисловие К.Э. Циолковского ""Утописты"" ко 2-й части работы ""Богатства вселенной"". Вид материала: предисловие Способ воспроизведения: автограф Языки: русский",29,29,ok
Опись 1,1,0397,400,Хронологический порядок социальных сочинений К.Э. Циолковского. Вид материала: Способ воспроизведения: автограф Языки: русский,2,2,ok
Опись 1,1,0398,401,"Статья К.Э. Циолковского ""Общественные установления, их преимущества и недостатки"". Вид материала: статья Способ воспроизведения: машинопись Языки: русский",35,35,ok
Опись 1,1,0399,402,"Статья К.Э. Циолковского ""Человек. Мысль и изобретение"". Вид материала: статья Способ воспроизведения: машинопись с правкой автора Языки: русский",7,7,ok
Опись 1,1,0400,403,"Набросок статьи К.Э. Циолковского ""Постепенность законов для обществ разных категорий"". Вид материала: набросок Способ воспроизведения: автограф Языки: русский",28,28,ok
Опись 1,1,0401,404,"Статья К.Э. Циолковского ""Христианство. Жизнь галилейского учителя [Христа] по описанию ученика его Ивана"". Вид материала: статья Способ воспроизведения: машинопись с правкой автора Языки: русский",67,67,ok
Опись 1,1,0402,405,"Перечень работ К.Э. Циолковского ""Общественное устройство"" по социологии за 1903 - 1919 гг. и их оглавления. Вид материала: перечень работ Способ воспроизведения: автограф Языки: русский",48,48,ok
Опись 1,1,0403,406,"Предисловие к ""Социологии"" К.Э. Циолковского. Вид материала: предисловие Способ воспроизведения: машинопись Языки: русский",8,8,ok
Опись 1,1,0404,407,"Статья К.Э. Циолковского ""Христианство. Палестина - родина Великого учителя"". Вид материала: статья Способ воспроизведения: автограф Языки: русский",85,85,ok
Опись 1,1,0405,408,"Статья К.Э. Циолковского ""Христианство. Предание о жизни и учении Христа по Луке"". Не окончена. Вид материала: статья Способ воспроизведения: автограф, машинопись с правкой автора Языки: русский",106,106,ok
Опись 1,1,0406,409,"Статья К.Э. Циолковского ""Христианство. Воскрешение галилейского плотника"". Вид материала: статья Способ воспроизведения: машинопись с правкой автора Языки: русский",12,12,ok
Опись 1,1,0407,410,"Статья К.Э. Циолковского ""Христианство. Предание о жизни и учении галлилейского учителя Иисуса по Марку"". Вид материала: статья Способ воспроизведения: машинопись с правкой автора Языки: русский",53,53,ok
Опись 1,1,0408,411,"Статья К.Э. Циолковского ""Первобытная космогония"". Вид материала: статья Способ воспроизведения: автограф, машинопись Языки: русский",12,12,ok
Опись 1,1,0409,412,План речи К.Э. Циолковского. Вид материала: план речи Способ воспроизведения: автограф Языки: русский,5,5,ok
Опись 1,1,0410,413,"Программа лекций К.Э. Циолковского ""Философия знания"". Вид материала: программа лекций Способ воспроизведения: автограф Языки: русский",16,16,ok
Опись 1,1,0411,414,"Статья К.Э. Циолковского ""Система знаний. [Хлеб, жилища, одежда]"". [Не окончена]. Вид материала: статья Способ воспроизведения: автограф Языки: русский",29,29,ok
Опись 1,1,0412,415,"Статья К.Э. Циолковского ""Начало организации общества"". Вид материала: статья Способ воспроизведения: автограф Языки: русский",25,25,ok
Опись 1,1,0413,416,"Статья К.Э. Циолковского ""Ступени человечества и преобразование земли"". [1-й вариант]. Вид материала: статья Способ воспроизведения: автограф Языки: русский",42,42,ok
Опись 1,1,0414,417,"Статья К.Э. Циолковского ""Ступени человечества и преобразование земли"". [2-й вариант]. Вид материала: статья Способ воспроизведения: автограф, машинопись Языки: русский",29,29,ok
Опись 1,1,0415,418,"Статья К.Э. Циолковского ""Общечеловеческие меры"". Вид материала: статья Способ воспроизведения: автограф, машинопись с правкой автора Языки: русский",18,18,ok
Опись 1,1,0416,419,"Статья К.Э. Циолковского ""Непротивление"". Вид материала: статья Способ воспроизведения: машинопись с правкой автора Языки: русский",6,6,ok
Опись 1,1,0417,420,"Статья К.Э. Циолковского ""Пифагор. [Фантазия]"". Вид материала: статья Способ воспроизведения: машинопись с правкой автора Языки: русский",27,27,ok
Опись 1,1,0418,421,"Статья К.Э. Циолковского ""Человек. Воображение [или цена мысли]"". Вид материала: статья Способ воспроизведения: машинопись с правкой автора Языки: русский",18,18,ok
Опись 1,1,0419,422,"Статья К.Э. Циолковского ""Человек. Полюсы человеческих качеств"". Вид материала: статья Способ воспроизведения: автограф, машинопись с правкой автора Языки: русский",15,15,ok
Опись 1,1,0420,423,"Статья К.Э. Циолковского ""Спокойствие и радость"". Вид материала: статья Способ воспроизведения: машинопись с правкой автора Языки: русский",65,65,ok
Опись 1,1,0421,424,"Статья К.Э. Циолковского ""Не может погаснуть жизнь"". Вид материала: статья Способ воспроизведения: машинопись с правкой автора Языки: русский",24,24,ok
Опись 1,1,0422,425,"Отрывок К.Э. Циолковского ""Паспорт, ярлык, девиз, резюме, взгляд, содержание книги"". [Предисловие к ""Монизму""]. Вид материала: отрывок Способ воспроизведения: автограф Языки: русский",3,3,ok
Опись 1,1,0423,426,"Статья К.Э. Циолковского ""Христианство. Заповеди Моисея"". Вид материала: статья Способ воспроизведения: машинопись с правкой автора Языки: русский",11,11,ok
Опись 1,1,0424,427,"Статья К.Э. Циолковского ""Прошедшее и будущее камней, вещей, растений, животных и человека"". Вид материала: статья Способ воспроизведения: автограф, машинопись Языки: русский",40,40,ok
Опись 1,1,0425,428,"Статья К.Э. Циолковского ""Механичность мира..."". Вид материала: статья Способ воспроизведения: машинопись с правкой автора Языки: русский",11,11,ok
Опись 1,1,0426,429,"Статья К.Э. Циолковского ""Судьба мыслителей"". Вид материала: статья Способ воспроизведения: автограф Языки: русский",19,19,ok
Опись 1,1,0427,430,"План всеобнимающего сочинения. [План общего сочинения или план всех работ] К.Э. Циолковского. Вид материала: план Способ воспроизведения: автограф, машинопись Языки: русский, французский",29,29,ok
Опись 1,1,0428,431,"Статья К.Э. Циолковского ""Живая вселенная"". Вид материала: статья Способ воспроизведения: машинопись с правкой автора Языки: русский",56,56,ok
Опись 1,1,0429,432,"Статья К.Э. Циолковского ""О душе, о духе и о причине"". Вид материала: статья Способ воспроизведения: машинопись с правкой автора Языки: русский",22,22,ok
Опись 1,1,0430,433,"Статья К.Э. Циолковского ""Человек. Темнота людей"". Вид материала: статья Способ воспроизведения: машинопись с правкой автора Языки: русский",14,14,ok
Опись 1,1,0431,434,Благодарность К.Э. Циолковского. Вид материала: очерк Способ воспроизведения: машинопись с правкой автора Языки: русский,8,8,ok
Опись 1,1,0432,435,"Статья К.Э. Циолковского ""Радость без расплаты"". Вид материала: статья Способ воспроизведения: автограф, машинопись Языки: русский",4,4,ok
Опись 1,1,0433,436,План жизни [К монизму] К.Э. Циолковского. Вид материала: план Способ воспроизведения: автограф Языки: русский,9,9,ok
Опись 1,1,0434,437,"Статья К.Э. Циолковского ""Радость и страдание"". Вид материала: статья Способ воспроизведения: машинопись Языки: русский",9,9,ok
Опись 1,1,0435,438,"Статья К.Э. Циолковского ""Монизм космоса в отношении радости и горя"". Вид материала: статья Способ воспроизведения: автограф Языки: русский",9,9,ok
Опись 1,1,0436,439,"Статья К.Э. Циолковского ""Разговор двух натуралистов о прошедшем и будущем ""Я"". Вид материала: статья Способ воспроизведения: автограф, машинопись с правкой автора Языки: русский",27,27,ok
Опись 1,1,0437,440,"Статья К.Э. Циолковского ""Мои идеи монизма в 1924 г."". Вид материала: статья Способ воспроизведения: машинопись с правкой автора Языки: русский",70,70,ok
Опись 1,1,0438,441,"Статья К.Э. Циолковского ""Галилейский плотник. [Сущность евангельских преданий]"". Вид материала: статья Способ воспроизведения: машинопись с правкой автора Языки: русский",34,34,ok
Опись 1,1,0439,442,"Отрывок К.Э. Циолковского ""Что надо доказать? [К статье ""Космос""]"". Вид материала: отрывок Способ воспроизведения: автограф Языки: русский",5,5,ok
Опись 1,1,0440,443,"Набросок статьи К.Э. Циолковского ""Есть ли бог?"". Вид материала: набросок статьи Способ воспроизведения: автограф Языки: русский",9,9,ok
Опись 1,1,0441,444,"Отрывок К.Э. Циолковского ""Воля"". Вид материала: отрывок Способ воспроизведения: автограф Языки: русский",15,15,ok
Опись 1,1,0442,445,"Статья К.Э. Циолковского ""Новая этика. [Из монизма]"". Вид материала: статья Способ воспроизведения: автограф Языки: русский",18,18,ok
Опись 1,1,0443,446,"Статья К.Э. Циолковского ""Христианство. Оценка галилейского учителя Иисуса"". Вид материала: статья Способ воспроизведения: автограф, машинопись Языки: русский",187,187,ok
Опись 1,1,0444,447,"Статья К.Э. Циолковского ""Надо как можно скорее получить счастье на земле"". Вид материала: статья Способ воспроизведения: автограф Языки: русский",33,33,ok
Опись 1,1,0445,448,"Отрывки и наброски К.Э. Циолковского ""Прибавки"". Вид материала: отрывок Способ воспроизведения: автограф Языки: русский",12,12,ok
Опись 1,1,0446,449,Монизм К.Э. Циолковского. Вид материала: письма Способ воспроизведения: автограф Языки: русский,21,21,ok
Опись 1,1,0447,450,"Статья К.Э. Циолковского ""Преобразования"". Вид материала: статья Способ воспроизведения: автограф Языки: русский",16,16,ok
Опись 1,1,0448,451,"Статья К.Э. Циолковского ""Научная этика"". Вид материала: статья Способ воспроизведения: автограф Языки: русский",18,18,ok
Опись 1,1,0449,452,"[К монизму] К.Э. Циолковского ""Атомы"". Вид материала: Способ воспроизведения: автограф Языки: русский",21,21,ok
Опись 1,1,0450,453,"Статья К.Э. Циолковского ""Исключительно"". Вид материала: статья Способ воспроизведения: автограф Языки: русский",13,13,ok
Опись 1,1,0451,454,"Статья К.Э. Циолковского ""Целомудрие"" [не окончена]. Вид материала: статья Способ воспроизведения: автограф Языки: русский",10,10,ok
Опись 1,1,0452,455,"Отрывки статьи К.Э. Циолковского ""Горе человечества"". Вид материала: отрывки статьи Способ воспроизведения: автограф Языки: русский",39,39,ok
Опись 1,1,0453,456,"Набросок статьи К.Э. Циолковского ""Двигатели прогресса"". Вид материала: набросок статьи Способ воспроизведения: автограф Языки: русский",4,4,ok
Опись 1,1,0454,457,Научная нравственность К.Э. Циолковского и предисловие к ней. Вид материала: предисловие к статье Способ воспроизведения: автограф Языки: русский,9,9,ok
Опись 1,1,0455,458,Попытка составить план самого важнейшего для человека [Планы] К.Э. Циолковского. Вид материала: планы Способ воспроизведения: автограф Языки: русский,10,10,ok
Опись 1,1,0456,459,"Наброски разных статей К.Э. Циолковского ""Основы объединения человечества. К понятию о Христианском боге. Компромисс. Мысли разные к монизму"" и добавлений к ранее написанным статьям. Вид материала: наброски статей Способ воспроизведения: автограф Языки: русский",53,53,ok
Опись 1,1,0457,460,"Отрывки статьи К.Э. Циолковского ""Формулы общественного устройства"". Вид материала: отрывки статьи Способ воспроизведения: автограф Языки: русский",9,9,ok
Опись 1,1,0458,461,К монизму К.Э. Циолковского. Добавление к статье Монизм. Вид материала: добавление к статье Способ воспроизведения: автограф Языки: русский,32,32,ok
Опись 1,1,0459,462,"Статья К.Э. Циолковского ""Теорема жизни. [Как дополнение и пояснение к монизму]"". Вид материала: статья Способ воспроизведения: автограф, машинопись с правкой автора Языки: русский",82,82,ok
Опись 1,1,0460,463,"Статья К.Э. Циолковского ""Ответ тов. Федоренко"" для журнала ""Хочу все знать"". Вид материала: статья Способ воспроизведения: автограф Языки: русский",15,15,ok
Опись 1,1,0461,464,"Статья К.Э. Циолковского ""Что делать на земле"". Вид материала: статья Способ воспроизведения: машинопись с правкой автора Языки: русский",32,32,ok
Опись 1,1,0462,465,"Статья К.Э. Циолковского ""Странный случай"". Вид материала: статья Способ воспроизведения: машинопись с правкой автора Языки: русский",16,16,ok
Опись 1,1,0463,466,"Статья К.Э. Циолковского ""Совершенство жизни вселенной"". Вид материала: статья Способ воспроизведения: машинопись с правкой автора Языки: русский",24,24,ok
Опись 1,1,0464,467,Жизнь. [Письма] К.Э. Циолковского. Вид материала: письма Способ воспроизведения: автограф Языки: русский,13,13,ok
Опись 1,1,0465,468,"Статья К.Э. Циолковского ""Перечисление открытых мною новых истин"". Вид материала: статья Способ воспроизведения: автограф Языки: русский",65,65,ok
Опись 1,1,0466,469,"Отрывок статьи К.Э. Циолковского ""Руководители человечества"". Вид материала: отрывок статьи Способ воспроизведения: машинопись с правкой автора Языки: русский",15,15,ok
Опись 1,1,0467,470,"Статья К.Э. Циолковского ""Человек. Жизнь человечества"" [не окончена]. Вид материала: статья Способ воспроизведения: машинопись с правкой автора Языки: русский",61,61,ok
Опись 1,1,0468,471,"Статья К.Э. Циолковского ""Как сохранить бодрость"". Вид материала: статья Способ воспроизведения: автограф Языки: русский",12,12,ok
Опись 1,1,0469,472,Пояснение к монизму и этике К.Э. Циолковского. Вид материала: письмо Способ воспроизведения: машинопись с правкой автора Языки: русский,68,68,ok
Опись 1,1,0470,473,"Статья К.Э. Циолковского ""Право на земле"". Вид материала: статья Способ воспроизведения: машинопись с правкой автора Языки: русский",14,14,ok
Опись 1,1,0471,474,"Статья К.Э. Циолковского ""Зачем работать"". Вид материала: статья Способ воспроизведения: машинопись с правкой автора Языки: русский",20,20,ok
Опись 1,1,0472,475,"Статья К.Э. Циолковского ""Происхождение музыки и её сущность"". Вид материала: статья Способ воспроизведения: машинопись с правкой автора Языки: русский",32,32,ok
Опись 1,1,0473,476,"Статья К.Э. Циолковского ""Законы будущего или предельные законы"" [не окончена]. Вид материала: статья Способ воспроизведения: автограф Языки: русский",17,17,ok
Опись 1,1,0474,477,"Статья К.Э. Циолковского ""Есть ли бог"". Вид материала: статья Способ воспроизведения: машинопись с правкой автора Языки: русский",26,26,ok
Опись 1,1,0475,478,"Статья К.Э. Циолковского ""Что надо знать"". Вид материала: статья Способ воспроизведения: машинопись с правкой автора Языки: русский",60,60,ok
Опись 1,1,0476,479,"Статья К.Э. Циолковского ""К монизму. Вопросы и ответы"". Вид материала: статья Способ воспроизведения: автограф, машинопись с правкой автора Языки: русский",25,25,ok
Опись 1,1,0477,480,"Статья К.Э. Циолковского ""Круги новых познаний"". Вид материала: статья Способ воспроизведения: машинопись с правкой автора Языки: русский",27,27,ok
Опись 1,1,0478,481,"Отрывок статьи К.Э. Циолковского ""Много или мало земли нужно одному человеку?"". Вид материала: отрывок статьи Способ воспроизведения: автограф Языки: русский",4,4,ok
Опись 1,1,0479,482,"Статья К.Э. Циолковского ""Есть ли духи?"". Вид материала: статья Способ воспроизведения: машинопись с правкой автора Языки: русский",24,24,ok
Опись 1,1,0480,483,"Отрывок статьи К.Э. Циолковского ""Из свойств вещества. [Свойства космоса]"". Вид материала: отрывок статьи Способ воспроизведения: автограф Языки: русский",19,19,ok
Опись 1,1,0481,484,"Статья К.Э. Циолковского ""Свойства космоса"" [не окончена]. Вид материала: статья Способ воспроизведения: машинопись с правкой автора Языки: русский",12,12,ok
Опись 1,1,0482,485,"Статья К.Э. Циолковского ""Ничего нет [Мысли безбожника]"". Вид материала: статья Способ воспроизведения: автограф Языки: русский",19,19,ok
Опись 1,1,0483,486,"Статья К.Э. Циолковского ""Космос есть животное"". Вид материала: статья Способ воспроизведения: машинопись с правкой автора Языки: русский",12,12,ok
Опись 1,1,0484,487,"Статья К.Э. Циолковского ""Условная истина"". Вид материала: статья Способ воспроизведения: машинопись с правкой автора Языки: русский",13,13,ok
Опись 1,1,0485,488,"Статья К.Э. Циолковского ""Господство жизни и разума"". Вид материала: статья Способ воспроизведения: машинопись с правкой автора Языки: русский",17,17,ok
Опись 1,1,0486,489,"Статья К.Э. Циолковского ""Абсолютная истина. [Высшая истина]"". Вид материала: статья Способ воспроизведения: машинопись с правкой автора Языки: русский",52,52,ok
Опись 1,1,0487,490,"Статья К.Э. Циолковского ""Технический прогресс земли"". Вид материала: статья Способ воспроизведения: машинопись с правкой автора Языки: русский",21,21,ok
Опись 1,1,0488,491,"Отрывок К.Э. Циолковского ""Моя философия"". Вид материала: отрывок статьи Способ воспроизведения: автограф Языки: русский",5,5,ok
Опись 1,1,0489,492,"Статья К.Э. Циолковского ""Социалистическое строительство"" и предисловие к ней. Вид материала: статья Способ воспроизведения: автограф, машинопись Языки: русский",10,10,ok
Опись 1,1,0490,493,"1-й вариант статьи К.Э. Циолковского ""Есть ли бог?"". Вид материала: статья Способ воспроизведения: машинопись с правкой автора Языки: русский",8,8,ok
Опись 1,1,0491,494,"2-й вариант статьи ""Есть ли бог?"". Вид материала: статья Способ воспроизведения: машинопись с правкой автора Языки: русский",8,8,ok
Опись 1,1,0492,495,"Статья К.Э. Циолковского ""Род или характеристика познания"". Вид материала: статья Способ воспроизведения: машинопись с правкой автора Языки: русский",12,12,ok
Опись 1,1,0493,496,"Статья К.Э. Циолковского ""Ложная мудрость. [Отрывок софистики]"". Вид материала: статья Способ воспроизведения: автограф, машинопись Языки: русский",21,21,ok
Опись 1,1,0494,497,"Статья К.Э. Циолковского ""Бесконечность"". Вид материала: статья Способ воспроизведения: машинопись с правкой автора Языки: русский",58,58,ok
Опись 1,1,0495,498,"Статья К.Э. Циолковского ""Простые мысли о вечности материи и чувства"". Вид материала: статья Способ воспроизведения: машинопись с правкой автора Языки: русский",20,20,ok
Опись 1,1,0496,499,"Статья К.Э. Циолковского ""Вселенная"". Вид материала: статья Способ воспроизведения: автограф, машинопись Языки: русский",189,189,ok
Опись 1,1,0497,500,"Статья К.Э. Циолковского ""Права и обязанности человека"". Вид материала: статья Способ воспроизведения: машинопись с правкой автора Языки: русский",23,23,ok
Опись 1,1,0498,501,"Статья К.Э. Циолковского ""Вселенная без орудий исследования и науки"". Вид материала: статья Способ воспроизведения: машинопись с правкой автора Языки: русский",35,35,ok
Опись 1,1,0499,502,"Статья К.Э. Циолковского ""Существа выше человека"". Вид материала: статья Способ воспроизведения: машинопись с правкой автора Языки: русский",5,5,ok
Опись 1,1,0500,503,"Статья К.Э. Циолковского ""Разум космоса и разум её существ"". Вид материала: статья Способ воспроизведения: машинопись с правкой автора Языки: русский",13,13,ok
Опись 1,1,0501,504,"Статья К.Э. Циолковского ""Вероятность рождения и вероятность высшей жизни и чувства"". Вид материала: статья Способ воспроизведения: машинопись с правкой автора Языки: русский",8,8,ok
Опись 1,1,0502,505,"Статья К.Э. Циолковского ""Граждане вселенной"". Вид материала: статья Способ воспроизведения: машинопись Языки: русский",9,9,ok
Опись 1,1,0503,506,"Статья К.Э. Циолковского ""Радость смерти"". Вид материала: статья Способ воспроизведения: автограф, машинопись с правкой автора Языки: русский",10,10,ok
Опись 1,1,0504,507,Порядок космической философии К.Э. Циолковского. Вид материала: статья Способ воспроизведения: машинопись Языки: русский,9,9,ok
Опись 1,1,0505,508,"Статья К.Э. Циолковского ""Планеты заселены живыми существами"". Вид материала: статья Способ воспроизведения: машинопись с правкой автора Языки: русский",5,5,ok
Опись 1,1,0506,509,"Статья К.Э. Циолковского ""Права и обязанности существ"". Вид материала: статья Способ воспроизведения: автограф Языки: русский",27,27,ok
Опись 1,1,0507,510,"Отрывок статьи К.Э. Циолковского ""Вечная деятельность вселенной"". Вид материала: отрывок статьи Способ воспроизведения: машинопись Языки: русский",5,5,ok
Опись 1,1,0508,511,"Статья К.Э. Циолковского ""Разговор [диалог] о праве на землю"". Вид материала: статья Способ воспроизведения: машинопись с правкой автора Языки: русский",10,10,ok
Опись 1,1,0509,512,"Статья К.Э. Циолковского ""Непрерывность жизни"" в форме диалога. Вид материала: статья Способ воспроизведения: машинопись Языки: русский",6,6,ok
Опись 1,1,0510,513,"Статья К.Э. Циолковского ""Натуральные основы"". Вид материала: статья Способ воспроизведения: машинопись с правкой автора Языки: русский",9,9,ok
Опись 1,1,0511,514,"Статья К.Э. Циолковского ""Научные основы мышления"". Вид материала: статья Способ воспроизведения: автограф Языки: русский",60,60,ok
Опись 1,1,0512,515,"Статья К.Э. Циолковского ""Демократия и иерархия"" [не окончена]. Вид материала: статья Способ воспроизведения: машинопись с правкой автора Языки: русский",6,6,ok
Опись 1,1,0513,516,"Статья К.Э. Циолковского ""Значение индустрии"". Вид материала: статья Способ воспроизведения: автограф, машинопись Языки: русский",4,4,ok
Опись 1,1,0514,517,"Статья К.Э. Циолковского ""Земная этика"". Вид материала: статья Способ воспроизведения: машинопись с правкой автора Языки: русский",15,15,ok
Опись 1,1,0515,518,"Статья К.Э. Циолковского ""Вместо злорадства - ликвидация несовершенного и эгоистического сострадания"". Вид материала: статья Способ воспроизведения: машинопись с правкой автора Языки: русский",4,4,ok
Опись 1,1,0516,519,"Статья К.Э. Циолковского ""Оценка людей"". Вид материала: статья Способ воспроизведения: машинопись с правкой автора Языки: русский",3,3,ok
Опись 1,1,0517,520,"Статья К.Э. Циолковского ""Свет и тьма поколений"". Вид материала: статья Способ воспроизведения: машинопись с правкой автора Языки: русский",7,7,ok
Опись 1,1,0518,521,"Статья К.Э. Циолковского ""Долголетие"". Вид материала: статья Способ воспроизведения: автограф, машинопись Языки: русский",29,29,ok
Опись 1,1,0519,522,"Статья К.Э. Циолковского ""Что чувствует?"". Вид материала: статья Способ воспроизведения: машинопись с правкой автора Языки: русский",3,3,ok
Опись 1,1,0520,523,"Заметка К.Э. Циолковского ""Какое правительство я считаю лучшим [индивидуальная истина]"". Вид материала: заметка Способ воспроизведения: машинопись с правкой автора Языки: русский",5,5,ok
Опись 1,1,0521,524,"Статья К.Э. Циолковского ""В каком порядке происходит открытие или изобретение"". Вид материала: статья Способ воспроизведения: машинопись Языки: русский",7,7,ok
Опись 1,1,0522,525,"Статья К.Э. Циолковского ""Вероятность жизни"". Вид материала: статья Способ воспроизведения: машинопись с правкой автора Языки: русский",4,4,ok
Опись 1,1,0523,526,"Статья К.Э. Циолковского ""Права материи и низших существ и обязанности высших"". Вид материала: статья Способ воспроизведения: машинопись с правкой автора Языки: русский",5,5,ok
Опись 1,1,0524,527,"Статья К.Э. Циолковского ""Блуждание материи при жизни одного существа"". Вид материала: статья Способ воспроизведения: машинопись Языки: русский",5,5,ok
Опись 1,1,0525,528,"Статья К.Э. Циолковского ""Почему во вселенной царствует разум и могущество"". Вид материала: статья Способ воспроизведения: автограф Языки: русский",8,8,ok
Опись 1,1,0526,529,"Статья К.Э. Циолковского ""Совершенство законов вселенной"". Вид материала: статья Способ воспроизведения: машинопись с правкой автора Языки: русский",20,20,ok
Опись 1,1,0527,530,"Статья К.Э. Циолковского ""Выводы из моих ""Монизма"" и ""Этики"". Вид материала: статья Способ воспроизведения: автограф Языки: русский",6,6,ok
Опись 1,1,0528,531,"Статья К.Э. Циолковского ""Свет и тени"" [не окончена]. Вид материала: статья Способ воспроизведения: машинопись Языки: русский",8,8,ok
Опись 1,1,0529,532,"Статья К.Э. Циолковского ""Ощущение, жизнь, смерть"". Вид материала: статья Способ воспроизведения: машинопись Языки: русский",5,5,ok
Опись 1,1,0530,533,"Статья К.Э. Циолковского ""Сомнительность всякой философии"". Вид материала: статья Способ воспроизведения: машинопись с правкой автора Языки: русский",2,2,ok
Опись 1,1,0531,534,"Заметка К.Э. Циолковского ""Мои идеи о вселенной..."". Вид материала: заметка Способ воспроизведения: машинопись с правкой автора Языки: русский",2,2,ok
Опись 1,1,0532,535,"Статья К.Э. Циолковского ""Необходимость космической точки зрения"". Вид материала: статья Способ воспроизведения: автограф, машинопись Языки: русский",4,4,ok
Опись 1,1,0533,536,"Статья К.Э. Циолковского ""Непротивление или борьба"". Вид материала: статья Способ воспроизведения: машинопись с правкой автора Языки: русский",4,4,ok
Опись 1,1,0534,537,"Статья К.Э. Циолковского ""Космическая философия"". Вид материала: статья Способ воспроизведения: автограф, машинопись с правкой автора Языки: русский",9,9,ok
Опись 1,1,0535,538,"Конспект космической философии К.Э. Циолковского. Вид материала: статья Способ воспроизведения: автограф, машинопись Языки: русский",53,53,ok
Опись 1,1,0536,539,Ответ К.Э. Циолковского А.А. Лебедеву. Вид материала: Способ воспроизведения: автограф Языки: русский,5,5,ok
Опись 1,1,0537,540,"Заметка К.Э. Циолковского ""Доказано"". Вид материала: заметка Способ воспроизведения: автограф Языки: русский",3,3,ok
Опись 1,1,0538,541,"Схема философских течений К.Э. Циолковского ""Философия"". Вид материала: заметка Способ воспроизведения: автограф Языки: русский",3,3,ok
Опись 1,1,0539,542,Фрагменты философских работ К.Э. Циолковского. Вид материала: фрагменты работ Способ воспроизведения: автограф Языки: русский,223,223,ok
Опись 1,1,0540,543,"Статья К.Э. Циолковского ""Обзор моих работ с 1881 до 1911 гг. [30 лет]"". Вид материала: статья Способ воспроизведения: автограф Языки: русский",101,101,ok
Опись 1,1,0541,544,"Обзор работ К.Э. Циолковского ""Характеристика моих работ по социологии и философии"". Вид материала: обзор Способ воспроизведения: автограф Языки: русский",7,7,ok
Опись 1,1,0542,545,"Обзор работ К.Э. Циолковского ""Характеристика некоторых неизданных еще трудов автора, сделанная им самим. Общий дух работ"". Вид материала: обзор Способ воспроизведения: автограф Языки: русский",11,11,ok
Опись 1,1,0543,546,Попытки концентрическими кругами уяснить направление и ценность моих работ К.Э. Циолковского. Вид материала: обзор Способ воспроизведения: автограф Языки: русский,41,41,ok
Опись 1,1,0544,547,"Краткий очерк К.Э. Циолковского ""Направление работ"". Вид материала: очерк Способ воспроизведения: машинопись с правкой автора Языки: русский",19,19,ok
Опись 1,1,0545,548,"Записки К.Э. Циолковского о своих научных трудах. Вид материала: записки Способ воспроизведения: автограф, машинопись Языки: русский",7,7,ok
Опись 1,1,0546,549,"Очерк К.Э. Циолковского ""Краткое содержание моих трудов [в хронол. порядке]"". Вид материала: очерк Способ воспроизведения: автограф Языки: русский",16,16,ok
Опись 1,1,0547,550,"Обзор работ К.Э. Циолковского ""Некоторые изданные работы К.Э. Циолковского [в хронологическом порядке]"". Вид материала: обзор Способ воспроизведения: автограф Языки: русский",56,56,ok
Опись 1,1,0548,551,"Краткое изложение основных направлений работы К.Э. Циолковского ""К каким новым выводам я пришел"". Вид материала: обзор Способ воспроизведения: машинопись с правкой автора Языки: русский",12,12,ok
Опись 1,1,0549,552,"Характеристика печатных работ К.Э. Циолковского ""Мои труды"". Вид материала: обзор Способ воспроизведения: автограф Языки: русский",16,16,ok
Опись 1,1,0550,553,Обзор трудов К.Э. Циолковского. Вид материала: обзор Способ воспроизведения: машинопись с правкой автора Языки: русский,14,14,ok
Опись 1,1,0551,554,"Список работ К.Э. Циолковского ""Юбилейный сборник"" для юбилейного сборника. Вид материала: список работ Способ воспроизведения: машинопись с правкой автора Языки: русский",7,7,ok
Опись 1,1,0552,555,"Набросок К.Э. Циолковского ""Предметы моих работ"". Вид материала: набросок Способ воспроизведения: автограф Языки: русский, французский",4,4,ok
Опись 1,1,0553,556,"Список работ К.Э. Циолковского ""Некоторые журнальные работы К.Э. Циолковского за последние три года"" за 1931 - 1933 гг. Вид материала: список работ Способ воспроизведения: машинопись с правкой автора Языки: русский",5,5,ok
Опись 1,1,0554,557,"Перечень статей К.Э. Циолковского ""Список кратких неизданных писем ""для друзей"". Вид материала: перечень статей Способ воспроизведения: автограф, машинопись с правкой автора Языки: русский",28,28,ok
Опись 1,1,0555,558,Над чем я работаю К.Э. Циолковского. Вид материала: интервью Способ воспроизведения: машинопись Языки: русский,3,3,ok
Опись 1,1,0556,559,"Перечень сочинений, подготовленных К.Э. Циолковским к печати, но не изданных. Вид материала: список работ Способ воспроизведения: автограф Языки: русский",34,34,ok
Опись 1,1,0557,560,"Предисловие к работам К.Э. Циолковского ""Из предисловия к моим трудам"". Вид материала: предисловие Способ воспроизведения: автограф Языки: русский",11,11,ok
Опись 1,1,0558,561,Предисловие ко всем моим трудам К.Э. Циолковского. Вид материала: предисловие Способ воспроизведения: машинопись с правкой автора Языки: русский,6,6,ok
Опись 1,1,0559,562,"Фрагмент заметки К.Э. Циолковского ""Что не упустить в издании"". Вид материала: фрагмент заметки Способ воспроизведения: автограф Языки: русский",6,6,ok
Опись 1,1,0560,563,"Набросок предложения К.Э. Циолковского ""А lа Чехов"" об издании популярных очерков о строении космоса. Вид материала: набросок Способ воспроизведения: автограф Языки: русский",7,7,ok
Опись 1,1,0561,564,"Отзыв К.Э. Циолковского ""Новое о нервной системе"" о труде Б.Б. Кажинского. Вид материала: отзыв Способ воспроизведения: автограф Языки: русский",6,6,ok
Опись 1,1,0562,565,"Отзыв К.Э. Циолковского ""Опыт исследования механизма природы"" о сочинении С.И. Квятковского. Вид материала: отзыв Способ воспроизведения: автограф Языки: русский",4,4,ok
Опись 1,1,0563,566,"Отзыв К.Э. Циолковского ""Жизнь во вселенной"" о машинописи Л.Л. Андреенко. Вид материала: отзыв Способ воспроизведения: автограф, машинопись Языки: русский",14,14,ok
Опись 1,1,0563а,567,"Набросок отзыва К.Э. Циолковского ""К статье тов. Г. Торчинского"". Вид материала: набросок Способ воспроизведения: машинопись Языки: русский",2,2,ok
Опись 1,1,0564,568,"Отзыв К.Э. Циолковского ""Мнение о трудах и деятельности профессора Александра Григорьевича Воробьева"". Вид материала: отзыв Способ воспроизведения: машинопись Языки: русский",3,3,ok
Опись 1,1,0565,569,"[Отзыв] К.Э. Циолковского ""Автобиографические черты"" [о книге Я.И. Перельмана]. Вид материала: отзыв Способ воспроизведения: автограф, машинопись Языки: русский",9,9,ok
Опись 1,1,0566,570,"Черновики, записки, заметки и фрагменты работ К.Э. Циолковского. Вид материала: заметки, записки, фрагменты, черновики Способ воспроизведения: автограф Языки: английский, немецкий, русский, французский",524,524,ok
Опись 1,1,0567,571,"Черновики работ, служившие К.Э. Циолковскому обложками для других его работ, заметок и статей. Вид материала: черновики Способ воспроизведения: автограф Языки: русский",422,422,ok
Опись 1А,1а,0001,572,"Чертежи, таблицы испытаний [воздушного корабля] ЦМ-1 (3 серия), составленные К.Э. Циолковским. Вид материала: отчёт Способ воспроизведения: автограф, машинопись Языки: русский",154,154,ok
Опись 1А,1а,0002,573,Инструкция по расчету оснований оболочки дирижабля К.Э. Циолковского. Вид материала: инструкция Способ воспроизведения: машинопись с правкой автора Языки: русский,30,30,ok
Опись 1А,1а,0003,574,Инструкция по расчету оболочки оснований дирижабля К.Э. Циолковского на изгиб горизонтальной плоскости. Вид материала: инструкция Способ воспроизведения: машинопись с правкой автора Языки: русский,100,100,ok
Опись 1А,1а,0004,575,Предварительный проект воздушного корабля ДЦ-12-4 объемом 6722 куб. м. системы К.Э. Циолковского. Вид материала: проект Способ воспроизведения: машинопись с правкой автора Языки: русский,207,207,ok
Опись 1А,1а,0005,576,Предварительный проект воздушного корабля ДЦ-12-4 объемом 6722 куб. м. системы К.Э. Циолковского. Вид материала: проект Способ воспроизведения: машинопись с правкой автора Языки: русский,118,118,ok
Опись 1А,1а,0006,577,Предварительный проект воздушного корабля ДЦ-12-4 объемом 6722 куб. м. системы К.Э. Циолковского. Вид материала: проект Способ воспроизведения: автограф Языки: русский,115,115,ok
Опись 1А,1а,0007,578,"Чертежи, фотографии, таблицы испытаний [воздушного корабля] ЦМ-12, составленные К.Э. Циолковским. Вид материала: проект Способ воспроизведения: автограф, машинопись с правкой автора Языки: русский",69,69,ok
Опись 1А,1а,0008,579,"Объяснительная записка К.Э.Циолковского к построению эпюр загрузок, перерезывающих сил и сгибающих моментов для корабля ДЦ-12. Вид материала: объяснительная записка Способ воспроизведения: машинопись с правкой автора Языки: русский",22,22,ok
Опись 1А,1а,0009,580,"Таблицы и обоснования схемы построения обвода оболочки корабля ДЦ-12, составленные К.Э. Циолковским. Вид материала: проект Способ воспроизведения: машинопись с правкой автора Языки: русский",62,62,ok
Опись 1А,1а,0010,581,"Геометрический расчет оболочки корабля ДЦ-12, сделанный К.Э. Циолковским. Вид материала: проект Способ воспроизведения: автограф Языки: русский",241,241,ok
Опись 1А,1а,0011,582,"Чертежи поперечного сечения трехдольного корабля ДЦ-12, сделанные К.Э. Циолковским. Вид материала: чертежи Способ воспроизведения: кальки Языки: русский",54,54,ok
Опись 1А,1а,0012,583,"Геометрический расчет оболочки корабля ДЦ-12-5, сделанный К.Э.Циолковским. Вид материала: расчёт Способ воспроизведения: автограф Языки: русский",76,76,ok
Опись 1А,1а,0013,584,"Чертежы, расчетные таблицы К.Э. Циолковского по статическому загружению корабля на уровне моря с максимальным загружением. Вид материала: таблицы, чертежи Способ воспроизведения: автограф Языки: русский",93,93,ok
Опись 1А,1а,0014,585,"Геометрический расчет корпуса трехдольного корабля ДЦ-12, сделанный К.Э. Циолковским. Вид материала: расчёт Способ воспроизведения: автограф Языки: русский",103,103,ok
Опись 1А,1а,0015,586,"Расчет оперения корабля ДЦ-12, сделанный К.Э. Циолковским. Вид материала: расчёт Способ воспроизведения: автограф Языки: русский",81,81,ok
Опись 1А,1а,0016,587,"Таблицы и чертежи по определению ширины основания в зависимости от радиуса, кривизны и минимального сверхдавления для оболочки дирижабля ДЦ-12-4, сделанные К.Э. Циолковским. Вид материала: таблицы, чертежи Способ воспроизведения: автограф Языки: русский",193,193,ok
Опись 1А,1а,0017,588,"Чертежи и таблицы К.Э Циолковского по расчету весового баланса трехдольного корабля ДЦ-12. Вид материала: таблицы, чертежи Способ воспроизведения: автограф Языки: русский",187,187,ok
Опись 1А,1а,0018,589,"Чертежи оболочки трехдольного корабля ДЦ-12, сделанные К.Э. Циолковским. Вид материала: чертежи Способ воспроизведения: автограф Языки: русский",43,43,ok
Опись 1А,1а,0019,590,"Чертежи общих видов к техническому проекту корабля ДЦ-12, сделанные К.Э. Циолковским. Вид материала: чертежи Способ воспроизведения: автограф Языки: русский",20,20,ok
Опись 1А,1а,0020,591,"Чертежи и таблицы расчетов касательных натяжений в гофре оболочки корабля ДЦ-12, сделанные К.Э. Циолковским. Вид материала: таблицы, чертежи Способ воспроизведения: автограф Языки: русский",127,127,ok
Опись 1А,1а,0021,592,"Определение проекций ширины и стрелки прогиба основания корабля ДЦ-12, произведенное К.Э. Циолковским. Вид материала: таблицы, чертежи Способ воспроизведения: автограф Языки: русский",119,119,ok
Опись 1А,1а,0022,593,"Чертежи К.Э. Циолковского: подвеска моторной гондолы, подвеска гондолы управления, шахта и шлюзы. Вид материала: чертежи Способ воспроизведения: автограф Языки: русский",31,31,ok
Опись 1А,1а,0023,594,Чертежи форм поперечного сечения в месте крепления оперения корабля ДЦ-12 и пояснения К.Э. Циолковского. Вид материала: чертежи Способ воспроизведения: автограф Языки: русский,31,31,ok
Опись 1А,1а,0024,595,"Чертежи и таблицы натяжения подвески в миделе Ц 8, сделанные К.Э. Циолковским. Вид материала: таблицы, чертежи Способ воспроизведения: автограф Языки: русский",7,7,ok
Опись 2,2,0001,596,"Фрагмент автобиографии К.Э. Циолковского ""Фатум, судьба, рок"". Вид материала: автобиография Способ воспроизведения: автограф Языки: русский",31,31,ok
Опись 2,2,0002,597,Автобиография К.Э. Циолковского. Вид материала: автобиография Способ воспроизведения: автограф Языки: русский,18,18,ok
Опись 2,2,0003,598,"Записки К.Э. Циолковского ""Автобиографические черты"". Вид материала: автобиография Способ воспроизведения: автограф, машинопись Языки: русский",20,20,ok
Опись 2,2,0004,599,"Записки К.Э. Циолковского ""Из моей жизни"". Вид материала: автобиография Способ воспроизведения: автограф, машинопись Языки: русский",8,8,ok
Опись 2,2,0005,600,"Анкета К.Э. Циолковского, заполненная им при поступлении на должность консультанта Базы опытного строительства и эксплуатации дирижаблей (БОСЭД), и краткая автобиография. Вид материала: анкета Способ воспроизведения: автограф Языки: русский",5,5,ok
Опись 2,2,0005а,601,Учетная карточка К.Э. Циолковского как члена Секции научных работников. Вид материала: учётная карточка Способ воспроизведения: фотокопия Языки: русский,4,4,ok
Опись 2,2,0006,602,Краткая автобиография К.Э. Циолковского. Вид материала: автобиография Способ воспроизведения: машинопись с правкой автора Языки: русский,16,16,ok
Опись 2,2,0007,603,"Записки К.Э. Циолковского ""Черты автобиографии"". Вид материала: автобиография Способ воспроизведения: автограф, машинопись Языки: русский",23,23,ok
Опись 2,2,0008,604,"Записки К.Э. Циолковского ""Моя жизнь. Черты из автобиографии"". Вид материала: автобиография Способ воспроизведения: машинопись с правкой автора Языки: русский",27,27,ok
Опись 2,2,0009,605,"Анкета К.Э. Циолковского, заполненная им по просьбе редакции ""Технического бюллетеня"" Дирижаблестроя. Вид материала: анкета Способ воспроизведения: автограф Языки: русский",3,3,ok
Опись 2,2,0010,606,"Автобиография К.Э. Циолковского. Вид материала: автобиография Способ воспроизведения: автограф, машинопись с правкой автора Языки: русский",14,14,ok
Опись 2,2,0011,607,"Фрагменты автобиографии К.Э. Циолковского ""К этапам жизни"". Вид материала: автобиография Способ воспроизведения: автограф, машинопись с правкой автора Языки: немецкий, русский",9,9,ok
Опись 2,2,0011а,608,Членская карточка К.Э. Циолковского в Союзе эсперантистов Советских республик. Вид материала: учётная карточка Способ воспроизведения: фотокопия Языки: русский,2,2,ok
Опись 2,2,0012,609,"Предисловие К.Э. Циолковского к автобиографии ""Почему из меня не вышел деятельный революционер"". Вид материала: предисловие Способ воспроизведения: автограф, машинопись с правкой автора Языки: русский",8,8,ok
Опись 2,2,0013,610,"Воспоминания К.Э. Циолковкого ""Черты из моей жизни"" (1-я редакция). Вид материала: автобиография Способ воспроизведения: автограф, машинопись с правкой автора Языки: русский",257,257,ok
Опись 2,2,0014,611,"Воспоминания К.Э. Циолковкого ""Черты из моей жизни"" ( 2-я редакция). Вид материала: автобиография Способ воспроизведения: машинопись с правкой автора Языки: русский",186,186,ok
Опись 2,2,0015,612,"Записки К.Э. Циолковского ""Странные совпадения или даты моей жизни нравственного характера"". Вид материала: записки Способ воспроизведения: машинопись с правкой автора Языки: русский",5,5,ok
Опись 2,2,0016,613,"Варианты писем К.Э. Циолковского об издании его автобиографии. Вид материала: письмо Способ воспроизведения: автограф, машинопись с правкой автора Языки: русский",15,15,ok
Опись 2,2,0016а,614,"Критические замечания К.Э. Циолковского на статью Д.И. Малинина ""Биография Циолковского"". Вид материала: замечания к статье Способ воспроизведения: автограф Языки: русский",4,4,ok
Опись 2,2,0017,615,"Замечания К.Э. Циолковского ""По поводу моей биографии, приложенной к первому тому моих трудов (""Цельнометрический дирижабль"") и написанной почтенным профессором Моисеевым"". Вид материала: предисловие Способ воспроизведения: автограф, машинопись с правкой автора Языки: русский",15,15,ok
Опись 2,2,0018,616,Послужной список К.Э. Циолковского. Вид материала: послужной список Способ воспроизведения: автограф Языки: русский,4,4,ok
Опись 2,2,0019,617,Ходатайство директора народных училищ Калужской губернии попечителю Московского учебного округа об утверждении К.Э. Циолковского в должности учителя высшего начального училища. Вид материала: ходатайство Способ воспроизведения: машинопись Языки: русский,5,5,ok
Опись 2,2,0020,618,"Заявление К.Э. Циолковского о вступлении в члены Калужского общества изучения природы, анкеты, заполненные при вступлении, список печатных и рукописных трудов. Вид материала: анкета, заявление Способ воспроизведения: автограф, машинопись Языки: немецкий, русский, французский",19,19,ok
Опись 2,2,0021,619,"Библиография трудов К.Э. Циолковского и работ, посвященных ученому. Вид материала: библиография Способ воспроизведения: машинопись Языки: русский",41,41,ok
Опись 2,2,0022,620,"Письма председателя Русского общества любителей мироведения Н.А. Морозова К.Э. Циолковскому об избрании его почетным членом Общества и извещения о заседаниях секций. Вид материала: письма Способ воспроизведения: машинопись, рукопись Языки: русский",90,90,ok
Опись 2,2,0023,621,"Письма Калужского районного совета ОСОАВИАХИМа К.Э. Циолковскому об избрании его почетным членом Совета, о его выступлении с докладом по дирижаблестроению и приглашением на открытие ""Дома обороны"". Вид материала: письма Способ воспроизведения: машинопись Языки: русский",7,7,ok
Опись 2,2,0024,622,"Письма, извещения и бюллетень Харьковского общества друзей и любителей астрономии об избрании К.Э. Циолковского почетным членом Общества и приглашения на заседания. Вид материала: бюллетень, извещения, письма Способ воспроизведения: машинопись, рукопись Языки: русский",23,23,ok
Опись 2,2,0025,623,"Извещение Комиссии по научному воздухоплаванию об избрании К.Э. Циолковского почетным членом Комиссии и приглашение на заседание, посвященное обзору его трудов. Вид материала: извещения Способ воспроизведения: машинопись, рукопись Языки: английский, латынь, немецкий, русский, французский",6,6,ok
Опись 2,2,0028,624,Телеграмма Уральского ОСОАВИАХИМа К.Э. Циолковскому с поздравлением по случаю юбилея. Вид материала: телеграмма Способ воспроизведения: Языки: русский,2,2,ok
Опись 2,2,0029,625,"Поздравление АН СССР К.Э. Циолковскому в связи с 50-летием его научной деятельности и черновик ответного письма К.Э. Циолковского. Вид материала: поздравление Способ воспроизведения: машинопись, рукопись Языки: русский",12,12,ok
Опись 2,2,0030,626,"Выписки из протоколов Центрального совета ОСОАВИАХИМа СССР и Президиума Мособлисполкома, обращение Юбилейной комиссии о праздновании 75-летия К.Э. Циолковского. Вид материала: выписки, обращение Способ воспроизведения: машинопись Языки: русский",22,22,ok
Опись 2,2,0031,627,"Приглашение правления Калужского общества ""Потребитель"" К.Э. Циолковскому на общее собрание членов Общества. Вид материала: приглашение Способ воспроизведения: рукопись Языки: русский",3,3,ok
Опись 2,2,0032,628,"Извещения Калужского общества изучения природы и местного края об очередных общих собраниях общества, присланные К.Э. Циолковскому. Вид материала: извещения Способ воспроизведения: машинопись, рукопись Языки: русский",11,11,ok
Опись 2,2,0033,629,Письмо Калужского губернского отдела Ассоциации изобретателей К.Э. Циолковскому с приглашением на организационное собрание изобретателей. Вид материала: письмо Способ воспроизведения: рукопись Языки: русский,4,4,ok
Опись 2,2,0034,630,Письмо [Калужского губернского отдела] ДВФ К.Э. Циолковскому с приглашением на открытие авиа-уголка в Калуге. Вид материала: письмо Способ воспроизведения: рукопись Языки: русский,3,3,ok
Опись 2,2,0035,631,Телеграмма начальника Воздушной академии К.Э. Циолковскому с приглашением на празднование 10-летия Академии. Вид материала: телеграмма Способ воспроизведения: Языки: русский,2,2,ok
Опись 2,2,0036,632,"Письмо Ленинградского института инженеров путей сообщения К.Э. Циолковскому с приглашением на торжественное заседание, посвященное 20-летию преподавания в Институте авиации и воздухоплавания. Вид материала: письмо Способ воспроизведения: машинопись, рукопись Языки: русский",6,6,ok
Опись 2,2,0037,633,"Письмо Московского землячества бывших участников Гражданской войны, красногвардейцев и красных партизан К.Э. Циолковскому с приглашением принять участие в юбилее, посвященном заслуженному летчику СССР Б.И. Россинскому. Вид материала: письмо Способ воспроизведения: машинопись Языки: русский",5,5,ok
Опись 2,2,0038,634,"Письма изобретателей Макса Вальера, инженера Гофмана, Н.А. Рынина в Выставочный комитет Межпланетной секции изобретателей об открытии выставки. Вид материала: письма Способ воспроизведения: машинопись Языки: русский",7,7,ok
Опись 2,2,0039,635,Телеграмма Управления делами СНК СССР К.Э. Циолковскому с приглашением на заседание Комиссии по вопросу трансарктического воздухоплавания. Вид материала: телеграмма Способ воспроизведения: Языки: русский,2,2,ok
Опись 2,2,0040,636,"Библиографические заметки К.Э. Циолковского, адреса корреспондентов, запись о смерти сына Ивана. Вид материала: адреса, выписки Способ воспроизведения: автограф Языки: русский",115,115,ok
Опись 2,2,0041,637,"Записи К.Э. Циолковского о состоянии здоровья, о работах, отправленных Л.Б. Шершевскому, библиографические заметки. Вид материала: заметки, записи Способ воспроизведения: автограф Языки: русский",16,16,ok
Опись 2,2,0042,638,"Приходо-расходная книжка К.Э. Циолковского, записи о построении модели металлической оболочки дирижабля (задача № 4), записи расходов и расписки. Вид материала: записи, расписки Способ воспроизведения: автограф Языки: русский",16,16,ok
Опись 2,2,0043,639,"Тетрадь с вычислениями, денежными расчетами и заметками К.Э. Циолковского. Вид материала: вычисления, заметки Способ воспроизведения: автограф Языки: русский",11,11,ok
Опись 2,2,0044,640,"Выписки из книг, наброски писем, заметки о планах работ К.Э Циолковского. Вид материала: выписки Способ воспроизведения: автограф Языки: русский",100,100,ok
Опись 2,2,0045,641,"Записи К.Э. Циолковского об отправленных работах, адреса посетителей и корреспондентов. Вид материала: записи Способ воспроизведения: автограф Языки: русский",37,37,ok
Опись 2,2,0046,642,"Черновики писем К.Э. Циолковского, заметки о проведении опытов, адреса отдельных лиц и учреждений, записи об отосланных книгах. Вид материала: письма Способ воспроизведения: автограф Языки: русский",33,33,ok
Опись 2,2,0047,643,"Выдержки из писем, полученных К.Э. Циолковским, списки отосланной корреспонденции, адреса отдельных лиц и учреждений. Вид материала: адреса, выписки, записи Способ воспроизведения: автограф Языки: немецкий, русский, французский",45,45,ok
Опись 2,2,0048,644,"Записи адресов редакций журналов, учреждений и отдельных лиц, сделанные К.Э. Циолковским. Вид материала: адреса Способ воспроизведения: автограф Языки: английский, русский",31,31,ok
Опись 2,2,0049,645,"Тетрадь К.Э. Циолковского с записями адресов посетителей. Вид материала: адреса Способ воспроизведения: автограф Языки: английский, русский",36,36,ok
Опись 2,2,0050,646,"Заметки и мысли К.Э. Циолковского о построении модели дирижабля, список иностранных научных учреждений и адреса посетителей. Вид материала: адреса, расчёты Способ воспроизведения: автограф Языки: английский, испанский, итальянский, немецкий, русский, турецкий, французский",24,24,ok
Опись 2,2,0051,647,"Записи К.Э. Циолковского о прочтенных книгах, о работах по построению модели дирижабля, о состоянии здоровья; адреса учреждений, посетителей и корреспондентов. Вид материала: адреса, записи Способ воспроизведения: автограф Языки: английский, русский",50,50,ok
Опись 2,2,0052,648,Тетрадь К.Э. Циолковского с записями и автографами посетителей. Вид материала: записи Способ воспроизведения: автограф Языки: русский,45,45,ok
Опись 2,2,0053,649,"Тетрадь К.Э. Циолковского с записями адресов посетителей и корреспондентов. Вид материала: адреса Способ воспроизведения: автограф Языки: немецкий, русский",35,35,ok
Опись 2,2,0054,650,"Заметки К.Э. Циолковского о книге Беляева ""Прыжок в ничто"", набросок автобиографии, адреса посетителей и сведения об отосланных работах. Вид материала: адреса, заметки Способ воспроизведения: автограф Языки: русский",26,26,ok
Опись 2,2,0056,651,"Ответ К.Э. Циолковского на письмо Пасс о выборе специальности. Вид материала: письмо Способ воспроизведения: автограф, машинопись Языки: русский",9,9,ok
Опись 2,2,0057,652,"Тексты надписей К.Э. Циолковского на фотографиях, переданных им Я.И. Перельману в 1928 г. Вид материала: надписи Способ воспроизведения: машинопись Языки: русский",2,2,ok
Опись 2,2,0058,653,"Статьи и заметки К.Э. Циолковского, а также посвященные ему, опубликованные в русской дореволюционной прессе. Вид материала: заметки, статьи Способ воспроизведения: газетные вырезки Языки: русский",56,56,ok
Опись 2,2,0059,654,"Статьи и заметки К.Э. Циолковского, а также посвященные ему, опубликованные в русской дореволюционной прессе. Вид материала: заметки, статьи Способ воспроизведения: газетные вырезки Языки: русский",262,262,ok
Опись 2,2,0060,655,"Выписки из протоколов заседаний СНК РСФСР и переписка К.Э. Циолковского с Управлением делами СНК СССР, Советом труда и обороны, Осоавиахимом о пенсионном обеспечении. Вид материала: выписки Способ воспроизведения: автограф, машинопись Языки: русский",42,42,ok
Опись 2,2,0061,656,"Письмо Киевского научно-технического совета в Президиум Киевского городского Совнархоза о переезде К.Э. Циолковского из Калуги на жительство в г. Киев. Вид материала: письмо Способ воспроизведения: автограф, машинопись Языки: русский",3,3,ok
Опись 2,2,0062,657,Письмо председателя Калужского общества изучения природы и местного края в Научно-технический совет Киевского губсовнархоза о действиях представителя Совета т. Федорова в связи с предполагаемым переездом К.Э. Циолковского в г. Киев. Вид материала: письмо Способ воспроизведения: машинопись Языки: русский,17,17,ok
Опись 2,2,0063,658,"Выписка из протокола заседания Комиссии по снабжению рабочих при Наркомпроде и докладная записка К.Э. Циолковского о предоставлении ему академического пайка. Вид материала: выписка Способ воспроизведения: автограф, машинопись Языки: русский",9,9,ok
Опись 2,2,0064,659,"Описание истории получения академического пайка К.Э. Циолковским (""История академического пайка""), отзывы учреждений и отдельных лиц о научных работах К.Э. Циолковского. Вид материала: описание Способ воспроизведения: автограф Языки: русский",48,48,ok
Опись 2,2,0065,660,Письмо К.Э. Циолковского в Союз Осоавиахим по поводу постановления о прекращении выдачи ему заработной платы. Вид материала: письмо Способ воспроизведения: автограф Языки: русский,5,5,ok
Опись 2,2,0066,661,Письмо К.Э. Циолковского в Калужский Исполнительный комитет об обмене дома. Вид материала: письмо Способ воспроизведения: машинопись Языки: русский,2,2,ok
Опись 2,2,0067,662,Письмо К.Э. Циолковского в Осоавиахим с благодарностью за присланный велосипед. Вид материала: письмо Способ воспроизведения: автограф Языки: русский,2,2,ok
Опись 2,2,0068,663,"Письма Калужской секции наcучных работников К.Э. Циолковскому по хозяйственным вопросам (о получении охранной жилищной грамоты, керосина и др.). Вид материала: письма Способ воспроизведения: автограф Языки: русский",14,14,ok
Опись 2,2,0069,664,"Доверенности К.Э. Циолковского, выданные т. Солодкову Г.И. на ведение издательских, судебных и др. дел и договор Г.И. Солодкова с Госмашметиздатом. Вид материала: доверенности Способ воспроизведения: машинопись Языки: русский",8,8,ok
Опись 2,2,0070,665,Письмо К.Э. Циолковского в Комиссию содействия ученым при СНК СССР о предоставлении комнаты Г.И. Солодкову. Вид материала: письмо Способ воспроизведения: машинопись Языки: русский,2,2,ok
Опись 2,2,0071,666,"Письмо и рапорт военного представителя Военно-технического управления РККА по поводу ходатайства о предоставлении К.Э. Циолковскому более благоприятных условий для работы. Вид материала: письмо Способ воспроизведения: автограф, машинопись Языки: русский",4,4,ok
Опись 2,2,0072,667,"Письмо Союза Осоавиахим СССР К.Э. Циолковскому о переводе ему одной тысячи рублей для улучшения условий работы и копия распоряжения о перечислении денежных средств. Вид материала: письмо Способ воспроизведения: автограф, машинопись Языки: русский",5,5,ok
Опись 2,2,0073,668,"Выписка из постановления Президиума Калужского горсовета, отношение Управления ВВС РККА в Президиум Осоавиахима и Калужский райвоенкомат, заявление К.Э. Циолковского об улучшении жилищных условий ученого. Вид материала: выписка, заявление Способ воспроизведения: автограф, машинопись Языки: русский",9,9,ok
Опись 2,2,0074,669,Завещание К.Э. Циолковского. Вид материала: завещание Способ воспроизведения: машинопись Языки: русский,2,2,ok
Опись 2,2,0075,670,"Письма Всесоюзного общества изобретателей К.Э. Циолковскому с предложением оказания помощи в связи с болезнью. Вид материала: письма Способ воспроизведения: автограф, машинопись Языки: русский",9,9,ok
Опись 2,2,0076,671,"Калькуляция стоимости брошюр, издаваемых К.Э. Циолковским за свой счет. Вид материала: калькуляция Способ воспроизведения: автограф Языки: русский",6,6,ok
Опись 2,2,0077,672,"Подписной лист на боевую эскадрилью ""Научный работник - обороне СССР"", подписанный К.Э. Циолковским в составе членов Калужской секции научных работников. Вид материала: подписной лист Способ воспроизведения: автограф Языки: русский",3,3,ok
Опись 2,2,0077а,673,"Очерк Ассонова В.В. ""Друзья К.Э. Циолковского"". Вид материала: очерк Способ воспроизведения: машинопись Языки: русский",7,7,ok
Опись 2,2,0077б,674,"Фрагмент мемуаров Ассонова В.В. о К.Э. Циолковском. Вид материала: фрагмент мемуаров Способ воспроизведения: автограф, машинопись Языки: русский",39,39,ok
Опись 2,2,0077в,675,"Статья Бунескула Е.Г. ""Мои воспоминания о К.Э. Циолковском"". Вид материала: статья Способ воспроизведения: машинопись Языки: русский",14,14,ok
Опись 2,2,0078,676,"Воспоминания Кажинского Б.Б. о встречах с К.Э. Циолковским, обсуждении вопроса о передаче мыслей на расстоянии; фрагмент работы ""Биологическая радиосвязь"". Вид материала: воспоминания Способ воспроизведения: машинопись Языки: русский",16,16,ok
Опись 2,2,0079,677,"Воспоминания Л. Кассиля о К.Э. Циолковском ""Звездоплаватель и земляки"". Вид материала: воспоминания Способ воспроизведения: машинопись Языки: русский",30,30,ok
Опись 2,2,0079а,678,"Статья А.А. Космодемьянского ""К.Э. Циолковский - основоположник современной ракетодинамики"". Вид материала: статья Способ воспроизведения: машинопись Языки: русский",35,35,ok
Опись 2,2,0080,679,"Записи В. Костина (внука К.Э. Циолковского) ""Последние дни дома"". Вид материала: записи Способ воспроизведения: машинопись Языки: русский",3,3,ok
Опись 2,2,0081,680,"Воспоминания Марии Константиновны Костиной, дочери К.Э. Циолковского. Вид материала: воспоминания Способ воспроизведения: машинопись Языки: русский",4,4,ok
Опись 2,2,0082,681,"Воспоминания Муси Костиной, внучки К.Э. Циолковского. Вид материала: воспоминания Способ воспроизведения: машинопись Языки: русский",3,3,ok
Опись 2,2,0083,682,"Очерк Н. Крэн о К.Э. Циолковском ""Калуга"". Вид материала: очерк Способ воспроизведения: машинопись Языки: русский",14,14,ok
Опись 2,2,0085,683,"Схема ""Потомки К.Э. Циолковского"", составленная [Я.И. Перельманом]. Вид материала: схема Способ воспроизведения: автограф Языки: русский",2,2,ok
Опись 2,2,0085а,684,"Статья Г.В. Пленкова ""Новые материалы о К.Э. Циолковском"". Вид материала: статья Способ воспроизведения: машинопись Языки: русский",5,5,ok
Опись 2,2,0085б,685,"Статья Я.А. Рапопорта ""Воспоминания о К.Э. Циолковском"". Вид материала: статья Способ воспроизведения: машинопись Языки: русский",24,24,ok
Опись 2,2,0085в,686,"Исследование С.И. Самойловича ""Жизнь и педагогическая деятельность Константина Эдуардовича Циолковского (по документальным материалам)"". Вид материала: очерк Способ воспроизведения: машинопись Языки: русский",496,496,ok
Опись 2,2,0086,687,Фрагмент воспоминаний врача Н.И. Сироткина о К.Э. Циолковском. Вид материала: воспоминания Способ воспроизведения: машинопись Языки: русский,7,7,ok
Опись 2,2,0087,688,"Стенограмма доклада академика А.Е. Ферсмана ""Циолковский - ученый"". Вид материала: стенограмма Способ воспроизведения: машинопись Языки: русский",44,44,ok
Опись 2,2,0087а,689,"Фрагмент мемуаров М.Е. Филиппова ""О великом ученом К.Э. Циолковском"". Вид материала: мемуары Способ воспроизведения: автограф, машинопись, типографская печать Языки: русский",197,197,ok
Опись 2,2,0088,690,Воспоминания жены К.Э. Циолковского В.Е. Циолковской. Вид материала: воспоминания Способ воспроизведения: машинопись Языки: русский,9,9,ok
Опись 2,2,0089,691,Воспоминания дочери К.Э. Циолковского Л.К. Циолковской. Вид материала: воспоминания Способ воспроизведения: машинопись Языки: русский,13,13,ok
Опись 2,2,0090,692,Воспоминания дочери К.Э. Циолковского Л.К. Циолковской. Вид материала: воспоминания Способ воспроизведения: машинопись с правкой автора Языки: русский,82,82,ok
Опись 2,2,0091,693,Черновые материалы к воспоминаниям дочери К.Э. Циолковского Л.К. Циолковской. Вид материала: воспоминания Способ воспроизведения: автограф Языки: русский,247,247,ok
Опись 2,2,0091а,694,"Мои воспоминания, написанные дочерью К.Э. Циолковского Л.К. Циолковской. Вид материала: воспоминания Способ воспроизведения: рукопись Языки: русский",171,171,ok
Опись 2,2,0092,695,"Фрагмент воспоминаний Л.К. Циолковской ""Циолковский и общественность до и после революции"". Вид материала: воспоминания Способ воспроизведения: автограф, машинопись Языки: русский",45,45,ok
Опись 2,2,0092а,696,"Фрагмент воспоминаний Л.К. Циолковской ""Пьесы из жизни Циолковского"". Вид материала: воспоминания Способ воспроизведения: рукопись Языки: русский",395,395,ok
Опись 2,2,0093,697,Записи А.Л. Чижевского о К.Э. Циолковском. Вид материала: автобиография Способ воспроизведения: машинопись Языки: русский,9,9,ok
Опись 2,2,0093а,698,"Фрагмент статьи неустановленного автора ""Советские атланты нашего времени поддерживают ""небесный свод"" социализма, советские прометеи 20 века похищают с неба огонь заатмосферных полетов"", посвященной К.Э. Циолковскому. Вид материала: статья Способ воспроизведения: машинопись Языки: русский",7,7,ok
Опись 2,2,0094,699,"Бюллетени о состоянии здоровья К.Э. Циолковского, газетные статьи и заметки, посвященные годовщине смерти ученого. Вид материала: бюллетени Способ воспроизведения: газетные вырезки Языки: русский",37,37,ok
Опись 2,2,0095,700,"Извещения о смерти К.Э. Циолковского и некрологи. Вид материала: извещения, некрологи Способ воспроизведения: газетные вырезки Языки: русский",21,21,ok
Опись 2,2,0096,701,Соболезнования по поводу смерти К.Э. Циолковского. Вид материала: соболезнования Способ воспроизведения: автограф Языки: русский,11,11,ok
Опись 2,2,0097,702,"Передовая статья газеты ""Правда"", посвященная памяти К.Э. Циолковского. Вид материала: статья Способ воспроизведения: газетные вырезки, машинопись Языки: русский",3,3,ok
Опись 2,2,0098а,703,"Статья и заметки в газетах и журналах, посвященные памяти К.Э. Циолковского. Вид материала: статья Способ воспроизведения: газетные вырезки Языки: русский",253,253,ok
Опись 2,2,0099,704,"Калужские газеты ""Знамя"" и ""Молодой ленинец"" со статьями о К.Э. Циолковском. Вид материала: статьи Способ воспроизведения: газетные вырезки Языки: русский",3,3,ok
Опись 2,2,0100,705,"Некролог, посвященный К.Э. Циолковскому, опубликованный в первом выпуске журнала ""Ракетная техника"". Вид материала: некролог Способ воспроизведения: машинопись Языки: русский",71,71,ok
Опись 2,2,0101,706,"Афиши вечеров и докладов, посвященных памяти К.Э. Циолковского. Вид материала: афиши Способ воспроизведения: типографская печать Языки: русский",3,3,ok
Опись 2,2,0102,707,"Протокол заседания Совета Всесоюзной выставки изобретательства и рационализации об открытии раздела, посвященного К.Э. Циолковскому. Вид материала: протокол Способ воспроизведения: машинопись Языки: русский",49,49,ok
Опись 2,2,0103,708,"Устав, программа и обращение Общества любителей межпланетных сообщений им. К.Э. Циолковского. Вид материала: обращение, программа, устав Способ воспроизведения: машинопись Языки: русский",24,24,ok
Опись 2,2,0103а,709,"Протокол совещания бывших учениц К.Э. Циолковского, воспитанниц Калужского женского епархиального училища с писателем Т.В. Чурилиным по обсуждению сведений и материалов о К.Э. Циолковском. Вид материала: протокол Способ воспроизведения: машинопись Языки: русский",16,16,ok
Опись 2,2,0103б,710,"Материалы, связанные с вручением посольству СССР во Франции медали и диплома Французского аэронафтического клуба, присужденных посмертно К.Э. Циолковскому. Вид материала: материалы Способ воспроизведения: машинопись, рукопись Языки: русский, французский",24,24,ok
Опись 2,2,0103в,711,"Переписка В.В. Ассонова, Н.А. Маслова, С.И. Самойловича и др. с Отделом культуры ЦК КПСС, Министерством культуры СССР, киностудией художественных фильмов им. А.М. Горького и др. Вид материала: письма Способ воспроизведения: машинопись, рукопись Языки: русский",21,21,ok
Опись 2,2,0103г,712,"Переписка В.В. Ассонова, М.Е. Филиппова, Н.А. Маслова и др. с ЦК КПСС, Министерством культуры СССР и др. о выборе проекта и месторасположения музея им. К.Э. Циолковского в Калуге. Вид материала: письма Способ воспроизведения: машинопись, рукопись Языки: русский",6,6,ok
Опись 2,2,0103д,713,"Переписка В.В. Ассонова с редакцией калужской газеты ""Знамя"", дирекцией Института истории естествознания и техники АН СССР и др. по поводу статьи С.И. Самойловича ""Циолковский - инженер-конструктор"". Вид материала: письма Способ воспроизведения: машинопись Языки: русский",8,8,ok
Опись 2,2,0104,714,"Письмо В.В. Ассонова Б.Н. Воробьеву о роли профессора Н. Анощенко в жизни К.Э. Циолковского. Вид материала: письмо Способ воспроизведения: машинопись, рукопись Языки: русский",3,3,ok
Опись 2,2,0105,715,Фотографии проектов памятников К.Э. Циолковскому. Вид материала: проекты Способ воспроизведения: фото Языки: русский,3,3,ok
Опись 2,2,0106,716,Плакат с извещением о приеме студентов в дирижаблестроительный институт им. К.Э. Циолковского. Вид материала: плакат Способ воспроизведения: типографская печать Языки: русский,23,23,ok
Опись 2,2,0107,717,Отчет о работе Дома-музея К.Э. Циолковского за 1936 год. Вид материала: отчёт Способ воспроизведения: машинопись Языки: русский,257,257,ok
Опись 2,2,0108,718,"Переписка по вопросам организации, оборудования и финансирования Дома-музея им. К.Э. Циолковского. Вид материала: письма Способ воспроизведения: автограф, машинопись, рукопись Языки: русский",25,25,ok
Опись 2,2,0109,719,"Переписка председателя Комиссии по изданию трудов К.Э. Циолковского Б.Н. Воробьева с начальником Дирижаблестроя и секретарем Калужского райкома ВКП(б). Вид материала: письма Способ воспроизведения: автограф, машинопись Языки: русский",5,5,ok
Опись 2,2,0110,720,Письмо С.А. Михайлова о необходимости замены руководителя Музея К.Э. Циолковского более квалифицированным сотрудником. Вид материала: письмо Способ воспроизведения: автограф Языки: русский,14,14,ok
Опись 2,2,0111,721,"Переписка председателя Комиссии по разбору и изданию трудов К.Э. Циолковского инженера Б.Н. Воробьева с Л.К. Циолковской по вопросам оборудования Музея К.Э. Циолковского. Вид материала: письма Способ воспроизведения: автограф, машинопись Языки: русский",5,5,ok
Опись 2,2,0112,722,"Письмо начальника архива НИИ им. К.Э. Циолковского инженера Б.Н. Воробьева директору Дома-музея К.Э. Циолковского об эвакуации музея. Вид материала: письмо Способ воспроизведения: автограф, машинопись Языки: русский",23,23,ok
Опись 2,2,0113,723,"Акт о разрушениях в Доме-музее К.Э. Циолковского, произведенных немецкими фашистами, отчет инженера Б.Н. Воробьева о мерах по восстановлению Музея. Вид материала: акт, отчёт Способ воспроизведения: автограф, машинопись Языки: русский",19,19,ok
Опись 2,2,0114,724,План переустройства экспонатуры Дома-музея К.Э. Циолковского в Калуге. Вид материала: план Способ воспроизведения: машинопись Языки: русский,3,3,ok
Опись 2,2,0115,725,"Заметка в Калужской областной газеты ""Знамя"" ""Музей пополняется"", посвященная экспозиции Музея К.Э. Циолковского. Вид материала: заметка Способ воспроизведения: газетные вырезки Языки: русский",31,31,ok
Опись 2,2,0116,726,"Путеводитель по Дому-музею К.Э. Циолковского в Калуге с краткой биографией ученого, составленной Б.А. Монастырцевым. Вид материала: путеводитель Способ воспроизведения: машинопись Языки: русский",85,85,ok
Опись 2,2,0117,727,Путеводитель по Дому-музею К.Э. Циолковского. Вид материала: путеводитель Способ воспроизведения: типографская печать Языки: русский,37,37,ok
Опись 2,2,0119,728,Каталог книг Музея К.Э. Циолковского в Калуге. Вид материала: каталог Способ воспроизведения: машинопись Языки: русский,12,12,ok
Опись 2,2,0120,729,"Фотографии К.Э. Циолковского в детском возрасте (в возрасте 5-6 лет). Вид материала: фотографии Способ воспроизведения: фото Языки: русский, французский",7,7,ok
Опись 2,2,0121,730,Фотопортрет К.Э. Циолковского - учитель Калужского епархиального женского училища в 1908/1909 учебном году. Вид материала: портрет Способ воспроизведения: фото Языки: русский,3,3,ok
Опись 2,2,0122,731,Фотопортрет К.Э. Циолковского. Вид материала: портрет Способ воспроизведения: фото Языки: русский,4,4,ok
Опись 2,2,0123,732,Фотопортрет К.Э. Циолковского. Вид материала: портрет Способ воспроизведения: фото Языки: русский,10,10,ok
Опись 2,2,0124,733,Фотопортрет К.Э. Циолковского. Вид материала: портрет Способ воспроизведения: фото Языки: русский,42,42,ok
Опись 2,2,0125,734,Фотографии К.Э. Циолковского среди моделей своего дирижабля. Вид материала: фотографии Способ воспроизведения: фото Языки: русский,10,10,ok
Опись 2,2,0126,735,Фотопортрет К.Э. Циолковского. Вид материала: портрет Способ воспроизведения: фото Языки: русский,84,84,ok
Опись 2,2,0127,736,"Фотопортреты К.Э. Циолковского. Вид материала: портрет Способ воспроизведения: фото Языки: английский, русский",8,8,ok
Опись 2,2,0128,737,Фотопортреты К.Э. Циолковского. Вид материала: портрет Способ воспроизведения: фото Языки: русский,5,5,ok
Опись 2,2,0129,738,Фотографии К.Э. Циолковского за работой в своей комнате. Вид материала: фотографии Способ воспроизведения: фото Языки: русский,5,5,ok
Опись 2,2,0130,739,Фотографии К.Э. Циолковского у токарного станка в своей мастерской. Вид материала: фотографии Способ воспроизведения: фото Языки: русский,13,13,ok
Опись 2,2,0131,740,Фотопортрет К.Э. Циолковского. Вид материала: портрет Способ воспроизведения: фото Языки: русский,16,16,ok
Опись 2,2,0132,741,Фотографии К.Э. Циолковского за работой. Вид материала: фотографии Способ воспроизведения: фото Языки: русский,9,9,ok
Опись 2,2,0133,742,Фотографии К.Э. Циолковского со своей слуховой трубой. Вид материала: фотографии Способ воспроизведения: фото Языки: русский,6,6,ok
Опись 2,2,0134,743,Фотографии К.Э. Циолковского в садике своего дома. Вид материала: фотографии Способ воспроизведения: фото Языки: русский,15,15,ok
Опись 2,2,0135,744,Фотопортреты К.Э. Циолковского. Вид материала: фотографии Способ воспроизведения: фото Языки: русский,14,14,ok
Опись 2,2,0136,745,"Фотографии К.Э. Циолковского за чтением газет и журналов в своей ""светелке"" и самой ""светелки"". Вид материала: фотографии Способ воспроизведения: фото Языки: русский",34,34,ok
Опись 2,2,0137,746,Фотографии К.Э. Циолковского во время велосипедных прогулок и в загородном саду. Вид материала: фотографии Способ воспроизведения: фото Языки: русский,3,3,ok
Опись 2,2,0138,747,Фотопортрет К.Э. Циолковского. Вид материала: портрет Способ воспроизведения: фото Языки: русский,5,5,ok
Опись 2,2,0138а,748,Фотографии К.Э. Циолковского во время послеобеденного отдыха. Вид материала: фотографии Способ воспроизведения: фото Языки: русский,2,2,ok
Опись 2,2,0139,749,Фотография К.Э. Циолковского с дарственной надписью А.Л. Чижевскому. Вид материала: фотография Способ воспроизведения: фото Языки: русский,8,8,ok
Опись 2,2,0140,750,Фотографии К.Э. Циолковского. Вид материала: фотографии Способ воспроизведения: фото Языки: русский,4,4,ok
Опись 2,2,0141,751,Фотографии К.Э. Циолковского в больнице после операции. Вид материала: фотографии Способ воспроизведения: фото Языки: русский,7,7,ok
Опись 2,2,0142,752,Фотографии К.Э. Циолковского среди преподавателей Епархиального женского училища. Вид материала: фотографии Способ воспроизведения: фото Языки: русский,8,8,ok
Опись 2,2,0143,753,Фотографии К.Э. Циолковского и А.В. Ассонова в садике дома К.Э. Циолковского. Вид материала: фотографии Способ воспроизведения: фото Языки: русский,42,42,ok
Опись 2,2,0144,754,Фотографии К.Э. Циолковского в кругу семьи. Вид материала: фотографии Способ воспроизведения: фото Языки: русский,9,9,ok
Опись 2,2,0145,755,Фотографии К.Э. Циолковского среди орудий для гофрировки оболочки дирижабля. Вид материала: фотографии Способ воспроизведения: фото Языки: русский,5,5,ok
Опись 2,2,0146,756,Фотографии К.Э. Циолковского с внуком В. Костиным в своем саду. Вид материала: фотографии Способ воспроизведения: фото Языки: русский,14,14,ok
Опись 2,2,0147,757,"Фотографии К.Э. Циолковского во время беседы с журналистами, с юными авиамоделистами, в кругу детей подросткового санатория ""Сосновый бор"" в Калуге. Вид материала: фотографии Способ воспроизведения: фото Языки: русский",2,2,ok
Опись 2,2,0148,758,Фотография К.Э. Циолковского в садике своего дома среди детей. Вид материала: фотография Способ воспроизведения: фото Языки: русский,15,15,ok
Опись 2,2,0149,759,"Фотографии К.Э. Циолковского во время выступлений на торжественных заседаниях, посвященных его юбилею, и с сотрудником газеты ""Коммуна"" Б.А. Монастыревым. Вид материала: фотографии Способ воспроизведения: фото Языки: русский",21,21,ok
Опись 2,2,0150,760,"Групповые фотографии К.Э. Циолковского во время беседы с работниками кино, колхозниками, в Доме Красной армии, на трибуне во время демонстрации и среди активистов Калужского общества ""Знание"". Вид материала: фотографии Способ воспроизведения: фото Языки: русский",4,4,ok
Опись 2,2,0151,761,Фотография К.Э. Циолковского среди работников Калужского театра. Вид материала: фотография Способ воспроизведения: фото Языки: русский,6,6,ok
Опись 2,2,0151а,762,Фотография К.Э. Циолковского и Тихонравова. Вид материала: фотография Способ воспроизведения: фото Языки: русский,2,2,ok
Опись 2,2,0152,763,Фотоснимки скульптурных портретов К.Э. Циолковского работы скульпторов С.Д. Меркурова и А.Н. Реброва. Вид материала: фотографии Способ воспроизведения: фото Языки: русский,27,27,ok
Опись 2,2,0153,764,Фотоснимок портрета К.Э. Циолковского работы калужского художника Любимова. Вид материала: фотография Способ воспроизведения: фото Языки: русский,3,3,ok
Опись 2,2,0154,765,Фотографии К.Э. Циолковского в гробу. Вид материала: фотографии Способ воспроизведения: фото Языки: русский,5,5,ok
Опись 2,2,0155,766,Фотоснимки похорон К.Э. Циолковского. Вид материала: фотографии Способ воспроизведения: фото Языки: русский,55,55,ok
Опись 2,2,0156,767,Фотоснимки Уголка К.Э. Циолковского в Калужском историческом музее. Вид материала: фотографии Способ воспроизведения: фото Языки: русский,13,13,ok
Опись 2,2,0157,768,"Фотографии модели гидросамолета К.Э. Циолковского ""Летающее крыло"", плаката Калужской организации изобретателей во главе с К.Э. Циолковским и фотовыставки, посвященной К.Э. Циолковскому. Вид материала: фотографии Способ воспроизведения: фото Языки: русский",29,29,ok
Опись 2,2,0157а,769,"Фотографии кадров кинофильма ""Космический рейс"", посвященного К.Э. Циолковскому. Вид материала: фотографии Способ воспроизведения: фото Языки: русский",33,33,ok
Опись 2,2,0158,770,"Фотоснимок делегации учащихся школы им. К.Э. Циолковского, посетивших ученого в больнице в день его рождения 18 сентября 1935 г. Вид материала: фотография Способ воспроизведения: фото Языки: русский",3,3,ok
Опись 2,2,0158а,771,"Фотографии дома в Рязани и флигеля во дворе дома, в котором жила семья К.Э. Циолковского. Вид материала: фотографии Способ воспроизведения: фото Языки: русский",6,6,ok
Опись 2,2,0159,772,"Фотографии дома в Калуге, подаренного К.Э. Циолковскому Калужским Горсоветом. Вид материала: фотографии Способ воспроизведения: фото Языки: русский",16,16,ok
Опись 2,2,0160,773,"Фотографии уголка К.Э. Циолковского в школе и здания средней школы им. К.Э. Циолковского, в которой он преподавал в течение 19 лет физику и математику. Вид материала: фотографии Способ воспроизведения: фото Языки: русский, французский",10,10,ok
Опись 2,2,0161,774,"Фотоснимки митингов, посвященных памяти К.Э. Циолковского. Вид материала: фотографии Способ воспроизведения: фото Языки: русский",71,71,ok
Опись 2,2,0162,775,Фотоснимки памятника К.Э. Циолковскому в Загородном саду в г. Калуге [работы архитектора Дмитриева]. Вид материала: фотографии Способ воспроизведения: фото Языки: русский,21,21,ok
Опись 2,2,0163,776,"Альбом фотоплакатов с портретами К.Э. Циолковского, видами его дома в Калуге, моделями дирижабля, рисунками ракеты др. Вид материала: альбом Способ воспроизведения: типографская печать, фото Языки: русский",54,54,ok
Опись 2,2,0164,777,Фотоснимки стендов в Доме-музее К.Э. Циолковского в Калуге. Вид материала: фотографии Способ воспроизведения: фото Языки: русский,68,68,ok
Опись 2,2,0165,778,Портрет К.Э. Циолковского. Вид материала: портрет Способ воспроизведения: фото Языки: русский,3,3,ok
Опись 2,2,0166,779,Фотоснимки траурной комнаты в Доме-музее К.Э. Циолковского. Вид материала: фотографии Способ воспроизведения: фото Языки: русский,7,7,ok
Опись 2,2,0167,780,"Фотоснимки дома К.Э. Циолковского в Калуге, в котором он жил с семьей в 1904-1933 гг., виды из дома на р. Оку и Заречье. Вид материала: фотографии Способ воспроизведения: фото Языки: русский",17,17,ok
Опись 2,2,0167а,781,"Фотоснимки дома К.Э. Циолковского в Калуге, в котором он жил с 1892 по 1893 г. Вид материала: фотографии Способ воспроизведения: фото Языки: русский",4,4,ok
Опись 2,2,0167б,782,"Фотоснимки дома К.Э. Циолковского в Калуге, в котором он жил с 1893 по 1902 г. Вид материала: фотографии Способ воспроизведения: фото Языки: русский",8,8,ok
Опись 2,2,0168,783,"Фотоснимок проекта беседки в саду при Музее К.Э. Циолковского в Калуге, в виде эстакады для взлета ракеты. Вид материала: фотография Способ воспроизведения: фото Языки: русский",3,3,ok
Опись 2,2,0169,784,"Фотографии разрушений, произведенных немцами в Калуге в Доме-музее К.Э. Циолковского. Вид материала: фотографии Способ воспроизведения: фото Языки: русский",29,29,ok
Опись 2,2,0170,785,"Фотопортреты Эдуарда Игнатьевича Циолковского, отца К.Э. Циолковского. Вид материала: портреты Способ воспроизведения: фото Языки: русский",7,7,ok
Опись 2,2,0171,786,"Фотопортреты Марии Ивановны Циолковской (ур. Юмашевой), матери К.Э. Циолковского. Вид материала: портреты Способ воспроизведения: фото Языки: русский",11,11,ok
Опись 2,2,0172,787,"Фотография Дмитрия Эдуардовича Циолковского, брата К.Э. Циолковского. Вид материала: фотография Способ воспроизведения: фото Языки: русский",3,3,ok
Опись 2,2,0173,788,"Фотография Марии Константиновны Циолковской, дочери К.Э. Циолковского. Вид материала: фотография Способ воспроизведения: фото Языки: русский",3,3,ok
Опись 2,2,0174,789,"Фотографии Вениамина Костина, внука К.Э. Циолковского. Вид материала: фотографии Способ воспроизведения: фото Языки: русский",9,9,ok
Опись 2,2,0175,790,"Фотоснимки родственников К.Э. Циолковского (бабушки, жены, детей и внуков). Вид материала: фотографии Способ воспроизведения: фото Языки: русский",54,54,ok
Опись 2,2,0176,791,"Фотоснимки друзей и знакомых К.Э. Циолковского (В.В. Рюмина, П.В. Белопольского, В.В. Ассонова, и др.). Вид материала: фотографии Способ воспроизведения: фото Языки: русский",37,37,ok
Опись 2,2,0177,792,"Рецензия Д. Кольцова на статью К.Э. Циолковского ""К вопросу о летании посредством крыльев"". Вид материала: рецензия Способ воспроизведения: машинопись Языки: русский",3,3,ok
Опись 2,2,0177а,793,"Характеристика деятельности К.Э. Циолковского, составленная Н.А. Пановым. Вид материала: характеристика Способ воспроизведения: машинопись Языки: русский",4,4,ok
Опись 2,2,0178,794,"Предисловие Ф.А. Цандера к статье К.Э. Циолковского ""Новый аэроплан"". Вид материала: предисловие Способ воспроизведения: машинопись Языки: русский",3,3,ok
Опись 2,2,0179,795,"Отзыв неизвестного автора на статью К.Э. Циолковского ""Наибольшая глубина погружения Океанской Батисферы"", присланный из Академии наук СССР. Вид материала: отзыв Способ воспроизведения: машинопись Языки: русский",5,5,ok
Опись 2,2,0180,796,Отзывы неустановленных авторов о трудах К.Э. Циолковского. Вид материала: отзывы Способ воспроизведения: машинопись Языки: русский,11,11,ok
Опись 2,2,0181,797,"Копия аттестата Эдуарда Игнатьевича Циолковского, отца К.Э. Циолковского. Вид материала: аттестат Способ воспроизведения: рукопись Языки: русский",5,5,ok
Опись 2,2,0182,798,Копия письма членов семьи К.Э. Циолковского И.В. Сталину. Вид материала: письмо Способ воспроизведения: машинопись Языки: русский,2,2,ok
Опись 2,2,0183,799,Письмо заведующего Мособлздравотделом М. Болдырева Вениамину Костину (внуку К.Э. Циолковского) о поступлении его в учебное заведение. Вид материала: письмо Способ воспроизведения: машинопись Языки: русский,2,2,ok
Опись 2,2,0184,800,Письмо ближайших родственников К.Э. Циолковского в Президиум Центрального совета Осоавиахима с выражением благодарности. Вид материала: письмо Способ воспроизведения: машинопись Языки: русский,2,2,ok
Опись 2,2,0185,801,Письмо начальника Московского института инженеров гражданского и воздушного флота секретарю Калужского горкома ВКП(б) об оказании помощи членам семьи К.Э. Циолковского в получении дефицитных продуктов. Вид материала: письмо Способ воспроизведения: машинопись Языки: русский,4,4,ok
Опись 2,2,0185а,802,"Записка Б.Н. Воробьева ""О семье К.Э. Циолковского после его смерти"". Вид материала: записка Способ воспроизведения: машинопись Языки: русский",2,2,ok
Опись 2,2,0186,803,"Конспекты по различным вопросам истории и философии, составленные для К.Э. Циолковского его дочерью Л.К. Циолковской. Вид материала: конспекты Способ воспроизведения: автограф, машинопись Языки: русский",84,84,ok
Опись 2,2,0187,804,"Материалы по увековечиванию памяти К.Э. Циолковского (программы вечеров, краткая справка-путеводитель по Дому-музею, памятные открытки и конверты). Вид материала: материалы Способ воспроизведения: машинопись, фото Языки: русский",247,247,ok
Опись 2,2,0188,805,"Брошюра с высказываниями К.Э. Циолковского ""Мысли о будущем"", подготовленная Домом-музеем К.Э. Циолковского. Вид материала: брошюра Способ воспроизведения: типографская печать Языки: русский",25,25,ok
Опись 2,2,0189,806,"Фотографии строительства моделей дирижабля К.Э. Циолковского, его деталей и приборов. Вид материала: фотографии Способ воспроизведения: фото Языки: русский",11,11,ok
Опись 2,2,0190,807,"Брошюра ""К.Э. Циолковский о межпланетных сообщениях"", подготовленная Домом-музеем К.Э. Циолковского. Вид материала: брошюра Способ воспроизведения: типографская печать Языки: русский",22,22,ok
Опись 3,3,0001,808,"Письмо (копия) VII отдела Русского технического общества К.Э. Циолковскому и доклад VII отдела о проекте К.Э. Циолковского ""Построение металлического аэростата, способного изменять свой объем"". Вид материала: письмо Способ воспроизведения: автограф, машинопись, рукопись Языки: русский",8,8,ok
Опись 3,3,0002,809,"Заключение VII отдела Русского технического общества о труде К.Э. Циолковского ""Аэростат металлический, управляемый"". Вид материала: заключение Способ воспроизведения: машинопись, рукопись Языки: русский",17,17,ok
Опись 3,3,0003,810,Письмо инженера А.Г. Щавинского из Международного технического бюро К.Э. Циолковскому о реализации проекта строительства цельнометаллического дирижабля. Вид материала: письмо Способ воспроизведения: автограф Языки: русский,3,3,ok
Опись 3,3,0004,811,"Заметка специалистов о проекте К.Э. Циолковского ""Металлический управляемый аэростат на 200 человек"" Вид материала: заметка Способ воспроизведения: типографская печать Языки: русский",5,5,ok
Опись 3,3,0005,812,"Письмо Русского технического общества К.Э. Циолковскому о его работе ""О воздушной корабле"". Вид материала: письмо Способ воспроизведения: автограф Языки: русский",2,2,ok
Опись 3,3,0006,813,"Копии писем К.Э. Циолковского в редакции газет ""Новое время"" и ""Новости"" и копии статей из журнала ""Воздухоплаватель"", отражающие полемику с VII отделом Русского технического общества по воздухоплаванию. Вид материала: письма Способ воспроизведения: машинопись Языки: русский",10,10,ok
Опись 3,3,0007,814,"Прошение К.Э. Циолковского в Комитет по техническим делам Департамента торговли и мануфактур о выдаче привилегии на изобретение гладкого металлического мешка, изменяющего свой объем и форму. Вид материала: прошение Способ воспроизведения: автограф, типографская печать Языки: русский",7,7,ok
Опись 3,3,0008,815,Копия письма К.Э. Циолковского в Воздухоплавательное отделение Генерального штаба о постройке металлических аэронатов. Вид материала: письмо Способ воспроизведения: машинопись Языки: русский,5,5,ok
Опись 3,3,0009,816,Письма промышленных и торгующих организаций К.Э. Циолковскому о поставке металлов для постройки моделей дирижабля. Вид материала: письма Способ воспроизведения: машинопись Языки: русский,17,17,ok
Опись 3,3,0010,817,Письмо К.Э. Циолковского Киевскому обществу построения дирижаблей о порядке работ при реализации проекта оболочки дирижабля. Вид материала: письмо Способ воспроизведения: автограф Языки: русский,11,11,ok
Опись 3,3,0011,818,Письмо К.Э. Циолковского в Комиссию по восстановлению грузоподъемных дирижаблей о проведении работы по строительству дирижабля. Вид материала: письмо Способ воспроизведения: автограф Языки: русский,15,15,ok
Опись 3,3,0012,819,Письмо К.Э. Циолковского в Народный комиссариат торговли и промышленности и копия ответа К.Э. Циолковского начальнику авиации Южного фронта о постройке дирижаблей. Вид материала: письмо Способ воспроизведения: рукопись Языки: русский,5,5,ok
Опись 3,3,0013,820,"Описание изобретения ""Упрощенный металлический дирижабль"", заявочные свидетельства и переписка К.Э. Циолковского с Комитетом по делам изобретений ВСНХ СССР. Вид материала: описание Способ воспроизведения: автограф, машинопись Языки: русский",115,115,ok
Опись 3,3,0014,821,Протокол общего заседания научно-технической части Главного управления Военно-воздушного флота о металлическом дирижабле К.Э. Циолковского. Вид материала: протокол Способ воспроизведения: машинопись Языки: русский,5,5,ok
Опись 3,3,0015,822,"Переписка К.Э. Циолковского с Главным управлением Военно-воздушного флота о постройке модели металлического дирижабля. Вид материала: письма Способ воспроизведения: автограф, машинопись Языки: русский",37,37,ok
Опись 3,3,0016,823,"Переписка К.Э. Циолковского с Ассоциацией натуралистов-самоучек (АССНАТ) о строительстве дирижабля. Вид материала: письма Способ воспроизведения: автограф, машинопись Языки: русский",191,191,ok
Опись 3,3,0017,824,"Переписка К.Э. Циолковского с Ассоциацией натуралистов-самоучек (АССНАТ) о строительстве дирижабля. Вид материала: письма Способ воспроизведения: автограф, машинопись Языки: русский",86,86,ok
Опись 3,3,0018,825,"Переписка К.Э. Циолковского с Реввоенсоветом РСФСР и СССР, о проекте металлического дирижабля, реактивном аэроплане, об издании рукописи, об оказании материальной помощи и др. Вид материала: письма Способ воспроизведения: автограф, машинопись Языки: русский",53,53,ok
Опись 3,3,0019,826,Программа лекции К.Э. Циолковского в Академии воздушного флота о металлическом дирижабле. Вид материала: программа Способ воспроизведения: автограф Языки: русский,5,5,ok
Опись 3,3,0020,827,Письма Объединения государственных предприятий по добыче и обработке цветных металлов (трест Госпромцветмет) К.Э. Циолковскому о поставке металла для постройки моделей дирижабля. Вид материала: письма Способ воспроизведения: машинопись Языки: русский,4,4,ok
Опись 3,3,0021,828,"Доклад К.Э. Циолковского на собрании сотрудников Военно-воздушной академии им. Н.Е. Жуковского о проекте металлического дирижабля и решение Авиационно-промышленной секции. Вид материала: доклад Способ воспроизведения: автограф, машинопись Языки: русский",8,8,ok
Опись 3,3,0022,829,Выдержки из выступлений на диспуте в Бюро комитета по осуществлению дирижабля Циолковского. Вид материала: выдержки Способ воспроизведения: машинопись Языки: русский,4,4,ok
Опись 3,3,0023,830,Протокол заседания Бюро съездов Госплана по изучению производительных сил СССР о металлическом дирижабле К.Э. Циолковского. Вид материала: протокол Способ воспроизведения: машинопись Языки: русский,3,3,ok
Опись 3,3,0024,831,"Письмо К.Э. Циолковского ""Для всех учреждений и лиц, прикосновенных к строительству металлических дирижаблей системы К. Циолковского"". Вид материала: письмо Способ воспроизведения: автограф Языки: русский",9,9,ok
Опись 3,3,0025,832,"Ответы К.Э. Циолковского на замечания немецкого дирижаблиста, командира ""цеппелинов"", доктора Брунса о дирижабле Циолковского. Вид материала: ответы Способ воспроизведения: автограф Языки: русский",34,34,ok
Опись 3,3,0026,833,Выписки из протоколов заседаний президиума Авиационно-промышленной секции и Комиссии по дирижаблестроению Общества содействия авиационно-химическому строительству в СССР о дирижабле Циолковского. Вид материала: выписки Способ воспроизведения: машинопись Языки: русский,32,32,ok
Опись 3,3,0027,834,Письма К.Э. Циолковского председателю Антарктической комиссии проф. А.А. Ярилову и в Госплан СССР о модели металлического дирижабля. Вид материала: письма Способ воспроизведения: автограф Языки: русский,47,47,ok
Опись 3,3,0028,835,"Ответ К.Э. Циолковского Научно-техническому комитету на вопросы, поставленные в статье ""Вопросы по аэронату Циолковского"". Вид материала: ответ Способ воспроизведения: автограф Языки: русский",13,13,ok
Опись 3,3,0029,836,Письма К.Э. Циолковского в Общество содействия авиационно-химическому строительству в СССР (Авиахим СССР) о проекте дирижабля из волнистого металла на 40 человек. Вид материала: письма Способ воспроизведения: автограф Языки: русский,13,13,ok
Опись 3,3,0030,837,"Ответ К.Э. Циолковского на экспертизу 10 мая 1926 г. ""апрельской"" модели дирижабля из волнистого металла. Вид материала: письмо Способ воспроизведения: автограф Языки: русский",9,9,ok
Опись 3,3,0031,838,"Записка К.Э. Циолковского в Общество содействия авиационно-химическому строительству РСФСР ""О сильном наклоне дирижабля и крепости оболочки"". Вид материала: записка Способ воспроизведения: автограф Языки: русский",9,9,ok
Опись 3,3,0032,839,Письмо К.Э. Циолковского в Общество содействия авиационно-химическому строительству в СССР (Авиахим) с оценкой деятельности А.Я. Рапопорта. Вид материала: письмо Способ воспроизведения: автограф Языки: русский,3,3,ok
Опись 3,3,0033,840,"Заключение Народного комиссариата почт и телеграфов СССР о возможности эксплуатации дирижаблей для обслуживания нужд связи в СССР. Вид материала: заключение Способ воспроизведения: автограф, машинопись Языки: русский",5,5,ok
Опись 3,3,0034,841,"Ответы Н.А. Рапопорта на возражения противников дирижабля системы К.Э. Циолковского ""Некоторые типичные возражения против аэроната Циолковского"". Вид материала: ответы Способ воспроизведения: машинопись с правкой автора Языки: русский",19,19,ok
Опись 3,3,0035,842,"Протоколы Комиссии Центрального аэрогидродинамического института (ЦАГИ) по рассмотрению дирижабля системы К.Э. Циолковского, выписки из протоколов коллегии ЦАГИ. Вид материала: протоколы Способ воспроизведения: автограф, машинопись Языки: русский",16,16,ok
Опись 3,3,0036,843,Выписка из протокола заседания коллегии Центрального аэрогидродинамического института (ЦАГИ) и заключение [Я.А.] Рапопорта о дирижабле К.Э. Циолковского. Вид материала: выписка Способ воспроизведения: машинопись Языки: русский,7,7,ok
Опись 3,3,0037,844,Ответы Я.А. Рапопорта на постановления коллегии Центрального аэрогидродинамического института (ЦАГИ) о дирижабле К.Э. Циолковского. Вид материала: ответы Способ воспроизведения: автограф Языки: русский,5,5,ok
Опись 3,3,0038,845,"Выписка из протокола расширенного заседания районного бюро Инженерно-технической секции водников при Московско-Окском райкомводе по докладу Я.А. Рапопорта о металлическом дирижабле К.Э. Циолковского. Вид материала: выписка Способ воспроизведения: автограф, машинопись Языки: русский",4,4,ok
Опись 3,3,0039,846,"Письмо компании ""Форд мотор"" К.Э. Циолковскому о пересылке его письма о дирижабле в Aircraft Development Corporation с пометами и наброском ответа К.Э. Циолковского. Вид материала: письмо Способ воспроизведения: автограф, машинопись Языки: английский, русский, французский",7,7,ok
Опись 3,3,0040,847,"Письмо Aircraft Development Corporation К.Э. Циолковскому о невозможности использования его идеи при строительстве дирижаблей. Вид материала: письмо Способ воспроизведения: машинопись Языки: английский, русский",5,5,ok
Опись 3,3,0041,848,Письмо проф. Института инженеров путей сообщения Н.А. Рынина в Бюро содействия изобретательству ВСНХ СССР с отзывом о металлическом дирижабле К.Э. Циолковского. Вид материала: письмо Способ воспроизведения: машинопись Языки: русский,7,7,ok
Опись 3,3,0042,849,Заключение С. Родзевича на запрос Главного экономического управления ВСНХ об изобретенном К.Э. Циолковским дирижабле. Вид материала: заключение Способ воспроизведения: машинопись Языки: русский,2,2,ok
Опись 3,3,0043,850,"Заявление Я.А. Рапопорта в Осоавиахим; копии отзывов проф. А.И. Морошкина и проф. Н.А. Рынина о дирижабле и копия письма К.Э. Циолковского о заключении ЦАГИ о его дирижабле. Вид материала: заявление Способ воспроизведения: автограф, машинопись Языки: русский",7,7,ok
Опись 3,3,0044,851,"Письмо президента Корпорации металлических воздушных кораблей (США) К.Э. Циолковскому и ответ К.Э. Циолковского. Вид материала: письмо Способ воспроизведения: автограф, машинопись Языки: английский, русский",10,10,ok
Опись 3,3,0045,852,"Стенограммы совещаний в ВСНХ СССР о возможности и целесообразности построения металлического дирижабля системы К.Э. Циолковского. Вид материала: стенограммы Способ воспроизведения: автограф, машинопись Языки: русский",107,107,ok
Опись 3,3,0046,853,Ответы К.Э. Циолковского Комитету содействия изобретательству Осоавиахим по вопросам строительства дирижабля. Вид материала: ответы Способ воспроизведения: автограф Языки: русский,42,42,ok
Опись 3,3,0047,854,"Письма Института инженеров путей сообщения в Бюро содействия изобретательству ВСНХ СССР о работах по дирижаблю К.Э. Циолковского, смета работ. Вид материала: письма Способ воспроизведения: машинопись Языки: русский",62,62,ok
Опись 3,3,0048,855,Письма Бюро содействия изобретательству Научно-технического управления ВСНХ СССР К.Э. Циолковскому об осуществлении строительства металлических дирижаблей его системы. Вид материала: письма Способ воспроизведения: машинопись Языки: русский,15,15,ok
Опись 3,3,0049,856,"Ответ К.Э. Циолковского инженеру Н.В. Фомину на записку от 28 октября 1927 г. Вид материала: ответ Способ воспроизведения: автограф, машинопись Языки: русский",6,6,ok
Опись 3,3,0050,857,"Сообщения Я.А. Рапопорта о заседаниях и совещаниях в различных учреждениях СССР, на которых обсуждался вопрос о дирижабле К.Э. Циолковского. Вид материала: сообщения Способ воспроизведения: машинопись Языки: русский",7,7,ok
Опись 3,3,0050а,858,Запись беседы Я.И. Рапопорта с итальянским конструктор дирижаблей Умберто Нобиле. Вид материала: запись беседы Способ воспроизведения: рукопись Языки: русский,3,3,ok
Опись 3,3,0051,859,"Заявления Я.А. Рапопорта в Комитет содействия изобретательству Осоавиахим о возобновлении работ по дирижаблю К.Э. Циолковского. Вид материала: заявления Способ воспроизведения: автограф, машинопись Языки: русский",13,13,ok
Опись 3,3,0052,860,Письмо члена Комитета по развитию воздухоплавания Я.Я. Анвельта К.Э. Циолковскому о внесении денег в фонд дирижаблестроения. Вид материала: письмо Способ воспроизведения: машинопись Языки: русский,3,3,ok
Опись 3,3,0053,861,"Заявление Я.А. Рапопорта в Бюро реализации изобретений Авиатреста об оказании помощи в возобновлении и завершении работы по металлическому дирижаблю К.Э. Циолковского. Вид материала: заявление Способ воспроизведения: автограф, машинопись Языки: русский",13,13,ok
Опись 3,3,0054,862,"Письмо К. Мехоношина и Н. Стобровского К.Э. Циолковскому о написании им популярной статьи по дирижаблестроению. Вид материала: письмо Способ воспроизведения: автограф, машинопись Языки: русский",3,3,ok
Опись 3,3,0055,863,"Письмо К.Э. Циолковского руководителю Группы безрельсового транспорта Госплана [СССР] В.А. Зарзару ""Эскиз чистометаллического дирижаблестроения"". Вид материала: письмо Способ воспроизведения: машинопись Языки: русский",17,17,ok
Опись 3,3,0056,864,"Письмо заводского комитета и партийной ячейки завода ""Электросталь"" К.Э. Циолковскому об изготовлении заводом стали для дирижабля в срок и набросок ответа К.Э. Циолковского. Вид материала: письмо Способ воспроизведения: автограф, машинопись Языки: русский",3,3,ok
Опись 3,3,0057,865,"Заметка в ""Известия"" под названием ""О начале практического осуществления дирижабля"". Вид материала: заметка Способ воспроизведения: газетные вырезки Языки: русский",5,5,ok
Опись 3,3,0058,866,"Переписка К.Э. Циолковского с директором Научно-исследовательского института строительства и эксплуатации дирижаблей (НИИСЭД) Всесоюзного объединения гражданского воздушного флота Г.И. Тарапкиным о плане работ по дирижаблю на 1931 г. Вид материала: письма Способ воспроизведения: автограф, машинопись Языки: русский",14,14,ok
Опись 3,3,0059,867,"Переписка К.Э. Циолковского с Базой опытного строительства и эксплуатации дирижаблей (БОСЭД) о дирижаблестроении. Вид материала: письма Способ воспроизведения: автограф, машинопись Языки: русский",19,19,ok
Опись 3,3,0060,868,"Справка Я.А. Рапопорта о структуре, производственной базе и личном составе ""дирижаблестроения"". Вид материала: справка Способ воспроизведения: рукопись Языки: русский",5,5,ok
Опись 3,3,0061,869,"Предполагаемый доклад Я.А. Рапопорта в Дирижаблестрое ""О преимуществах дирижабля Циолковского"". Вид материала: доклад Способ воспроизведения: машинопись с правкой автора Языки: русский",23,23,ok
Опись 3,3,0062,870,"Письма Я.А. Рапопорта в бухгалтерию и начальнику Дирижаблестроя т. Пурмаль о снятии К.Э. Циолковского с содержания и о необходимости возобновления работ по цельнометаллическим дирижаблям. Вид материала: письма Способ воспроизведения: автограф, машинопись Языки: русский",24,24,ok
Опись 3,3,0063,871,"Переписка секретаря шефского бюро над изобретениями по дирижаблестроению при газете ""Вечерняя Москва"" Г.И. Солодкова с Комитетом содействия ученым при СНК СССР, Гражданским Военно-Воздушным Флотом СССР и К.Э. Циолковским. Вид материала: письма Способ воспроизведения: автограф, машинопись с правкой автора Языки: русский",49,49,ok
Опись 3,3,0064,872,"Письмо г. Ронеса из Бюро местной и иностранной торговли Департамента торговли США К.Э. Циолковскому о пересылке его статьи ""Дирижабли из волнистой стали"" в Бюро моделей. Вид материала: письмо Способ воспроизведения: машинопись Языки: русский",4,4,ok
Опись 3,3,0065,873,Протокол совещания в Секторе автомобилизации и аэрофикации Госплана СССР о дирижабле К.Э. Циолковского. Вид материала: протокол Способ воспроизведения: машинопись Языки: русский,5,5,ok
Опись 3,3,0066,874,Письмо К.Э. Циолковского начальнику Сектора автомобилизации и аэрофикации Госплана СССР В.А. Зарзару. Вид материала: письмо Способ воспроизведения: машинопись Языки: русский,3,3,ok
Опись 3,3,0067,875,Информационное сообщение Г.И. Солодкова о проведении обследования в Дирижаблестрое группы К.Э. Циолковского и об образовании нового Комитета содействия дирижаблестроению при Осоавиахим. Вид материала: сообщение Способ воспроизведения: автограф Языки: русский,7,7,ok
Опись 3,3,0068,876,"Договор К.Э. Циолковского с Дирижаблестроем о строительстве цельнометаллического дирижабля системы Циолковского. Вид материала: договор Способ воспроизведения: автограф, машинопись с правкой автора Языки: русский",28,28,ok
Опись 3,3,0069,877,Письмо Украинского лекционного бюро Уполцентротехпрома Наркомата тяжелой промышленности К.Э. Циолковскому с просьбой прочитать ряд лекций. Вид материала: письмо Способ воспроизведения: машинопись с правкой автора Языки: русский,2,2,ok
Опись 3,3,0070,878,"Письмо секции информации и печати ""Бюллетеня ЦАГИ"" К.Э. Циолковскому с просьбой дать статью о работах по строительству цельнометаллических дирижаблей. Вид материала: письмо Способ воспроизведения: машинопись Языки: русский",3,3,ok
Опись 3,3,0071,879,"Календарный план, объяснительная записка и материалы к плану работ Бюро дирижабля Циолковского на 1933 г., составленные Я.А. Рапопортом. Вид материала: план Способ воспроизведения: автограф, машинопись Языки: русский",29,29,ok
Опись 3,3,0072,880,Протокол совещания при горкоме Союза аэроработников по вопросу о постройке дирижабля К.Э. Циолковского. Вид материала: протокол Способ воспроизведения: машинопись Языки: русский,6,6,ok
Опись 3,3,0073,881,Объяснительная записка Я.А. Рапопорта и материалы к ориентировочному плану работ по дирижаблю Циолковского на 1934 г. Вид материала: записка Способ воспроизведения: автограф Языки: русский,21,21,ok
Опись 3,3,0074,882,Тезисы и материалы к докладу Я.А. Рапопорта на коллегии Аэрофлота о дирижабле Циолковского. Вид материала: тезисы Способ воспроизведения: машинопись Языки: русский,25,25,ok
Опись 3,3,0075,883,Чертежи опытного дирижабля системы Циолковского (1-й и 2-й варианты) объёмом в 3000 куб. м. Вид материала: чертежи Способ воспроизведения: синька Языки: русский,10,10,ok
Опись 3,3,0076,884,Протокол производственного совещания Дирижаблестроя по Группе Циолковского о плане работ Группы. Вид материала: протокол Способ воспроизведения: машинопись Языки: русский,4,4,ok
Опись 3,3,0077,885,Доклад начальника Бюро по сооружению воздушного корабля Циолковского В.В. Разумова коллегии Аэрофлота. Вид материала: доклад Способ воспроизведения: машинопись Языки: русский,12,12,ok
Опись 3,3,0078,886,"Отзыв К.Э. Циолковского на предложения слушателя Военно-транспортной академии Н.А. Петрова о дирижаблестроении. Вид материала: отзыв Способ воспроизведения: автограф, машинопись Языки: русский",8,8,ok
Опись 3,3,0079,887,Письмо помощника начальника Дирижаблестроя председателю горкома Союза авиаработников Чуракову о ходе работ над дирижаблем. Вид материала: письмо Способ воспроизведения: машинопись Языки: русский,2,2,ok
Опись 3,3,0080,888,Письмо начальника 1-го сектора Управления делами Союза Осоавиахим А. Иорданского начальнику Дирижаблестроя И.А. Фельдману. Вид материала: письмо Способ воспроизведения: машинопись Языки: русский,2,2,ok
Опись 3,3,0081,889,"Письма К.Э. Циолковского начальнику Дирижаблестроя И.А. Фельдману о Г.И. Солодкове и проекте летающей модели дирижабля Циолковского в 3000 куб. м. Вид материала: письма Способ воспроизведения: автограф, машинопись Языки: русский",11,11,ok
Опись 3,3,0083,890,Беседа корреспондента газеты с начальником Группы по постройке дирижаблей системы К.Э. Циолковского Я.А. Рапопортом по работах по строительству дирижабля. Вид материала: беседа Способ воспроизведения: машинопись Языки: русский,5,5,ok
Опись 3,3,0084,891,"Докладная записка К.Э. Циолковского и Я.А. Рапопорта начальнику Аэрофлота И.С. Уншлихту о недостатках в работе экспериментального ""цеха Циолковского"" после его восстановления. Вид материала: записка Способ воспроизведения: автограф, машинопись Языки: русский",7,7,ok
Опись 3,3,0085,892,Письмо начальника Аэрофлота И.С. Уншлихта и начальника Дирижаблестроя И.А. Фельдмана К.Э. Циолковскому. Вид материала: письмо Способ воспроизведения: машинопись Языки: русский,6,6,ok
Опись 3,3,0086,893,"Заявление Я.А. Рапопорта в Комитет содействия дирижаблестроению при Осоавиахим о недопустимости ликвидации ""цеха Циолковского"". Вид материала: заявление Способ воспроизведения: машинопись Языки: русский",3,3,ok
Опись 3,3,0087,894,"Заметка в газете об одобрении эскизного проекта дирижабля К.Э. Циолковского. Вид материала: заметка Способ воспроизведения: газетные вырезки, машинопись Языки: русский",4,4,ok
Опись 3,3,0091,895,"Письма К.Э. Циолковского в Общество содействия успехам опытных наук им. Х.С. Леденцова и заключения экспертной комиссии Общества о работе К.Э. Циолковского ""Второе начало термодинамики"". Вид материала: письма Способ воспроизведения: машинопись Языки: русский",7,7,ok
Опись 3,3,0092,896,Постановление ЦИК СССР и СНК СССР о патентах на изобретения и инструкции Комитета по делам изобретений Научно-технического управления (НТУ) ВСНХ СССР о порядке получения патентов. Вид материала: постановление Способ воспроизведения: типографская печать Языки: русский,30,30,ok
Опись 3,3,0093,897,"Патент, заявочное свидетельство и переписка К.Э. Циолковского с Комитетом по делам изобретений ВСНХ СССР и Государственным институтом техники управления о выдаче патента на пишущую машинку. Вид материала: патент Способ воспроизведения: автограф, машинопись, типографская печать Языки: русский",30,30,ok
Опись 3,3,0094,898,"Описание изобретения ""Гигиенические коньки"" и переписка К.Э. Циолковского с Комитетом по делам изобретений ВСНХ СССР о выдаче патента. Вид материала: описание Способ воспроизведения: машинопись, типографская печать Языки: русский",12,12,ok
Опись 3,3,0095,899,"Переписка К.Э. Циолковского с Московской кинофабрикой о постановке научно-фантастического фильма ""Космический рейс"". Вид материала: письма Способ воспроизведения: автограф, машинопись Языки: русский",10,10,ok
Опись 3,3,0096,900,"Письмо Управления военных изобретений, начальника вооружений РККА К.Э. Циолковскому. Вид материала: письма Способ воспроизведения: автограф, машинопись Языки: русский",6,6,ok
Опись 3,3,0097,901,Письмо Метеоритного отдела Минералогического музея АН СССР К.Э. Циолковскому о падении метеорита. Вид материала: письмо Способ воспроизведения: газетные вырезки Языки: русский,11,11,ok
Опись 3,3,0098,902,Письмо из книжного отдела Комиссии содействия ученым при СНК СССР К.Э. Циолковскому о составлении им заявки на необходимую для научной работы литературу. Вид материала: письмо Способ воспроизведения: машинопись Языки: русский,4,4,ok
Опись 3,3,0099,903,Письмо и отзыв Вагонного научно-исследовательского института о проекте рельсового автопоезда К.Э. Циолковского. Вид материала: письмо Способ воспроизведения: машинопись Языки: русский,3,3,ok
Опись 3,3,0100,904,Контурная карта азиатской части СССР с проектом маршрута воздушного корабля Москва - Пекин. Вид материала: карта Способ воспроизведения: типографская печать Языки: русский,3,3,ok
Опись 3,3,0101,905,Отклик К.Э. Циолковского на постройку стратостата им. Сталина Вид материала: телеграмма Способ воспроизведения: автограф Языки: русский,3,3,ok
Опись 3,3,0102,906,"Письмо К.Э. Циолковского в редакцию газеты ""Биржевые ведомости"" об опубликованной в газете заметке об использовании американской компанией ракет в качестве боевых снарядов. Вид материала: письмо Способ воспроизведения: автограф, машинопись Языки: русский",7,7,ok
Опись 3,3,0102a,907,Письма К.Э. Циолковского в Секцию межпланетных сообщений Военно-научного общества Академии воздушного флота о работе Общества и издании книг К.Э. Циолковского. Вид материала: письма Способ воспроизведения: автограф Языки: русский,17,17,ok
Опись 3,3,0103,908,"Письма Чернова Валерия Ивановича, члена правления Общества изучения межпланетных сообщений, К.Э. Циолковскому о его работе в Обществе. Вид материала: письма Способ воспроизведения: автограф Языки: русский",7,7,ok
Опись 3,3,0104,909,"Переписка К.Э. Циолковского с Обществом любителей мироведения в г. Одессе о возможности столкновения ракет с метеоритами. Вид материала: письма Способ воспроизведения: автограф Языки: русский, французский",13,13,ok
Опись 3,3,0105,910,"Описание изобретения ""Полуреактивный аэроплан"" и переписка К.Э. Циолковского с Комитетом по делам изобретений ВСНХ СССР и техническим штабом начальника Вооружений РККА. Вид материала: описание Способ воспроизведения: автограф, машинопись с правкой автора Языки: русский",27,27,ok
Опись 3,3,0106,911,Письма Центральной группы изучения реактивного движения ОСОАВИАХИМ'а К.Э. Циолковскому об оказании помощи в работе ЦГИРД'а. С пометами К.Э. Циолковского. Вид материала: письма Способ воспроизведения: машинопись с правкой автора Языки: русский,6,6,ok
Опись 3,3,0107,912,"Переписка К.Э. Циолковского с руководителем Реактивной группы ОСОАВИАХИМ'а И.А. Меркуловым. Вид материала: письма Способ воспроизведения: автограф, машинопись Языки: русский",26,26,ok
Опись 3,3,0108,913,"Переписка К.Э. Циолковского с Реактивным научно-исследовательским институтом о его участии в работах института. Вид материала: письма Способ воспроизведения: автограф, машинопись Языки: русский",30,30,ok
Опись 3,3,0110,914,"Переписка К.Э. Циолковского с Российской академией наук, русским физико-химическим обществом и академиком М.А. Рыкачевым об опытах по сопротивлению воздуха. Вид материала: письма Способ воспроизведения: автограф, машинопись Языки: русский",22,22,ok
Опись 3,3,0111,915,Проект письма К.Э. Циолковского в Русское физико-химическое общество об опытах по сопротивлению воздуха. Вид материала: письмо Способ воспроизведения: автограф Языки: русский,13,13,ok
Опись 3,3,0112,916,"Выписки из протоколов заседаний Физико-математического отделения Академии наук об оказании содействия К.Э. Циолковскому в проведении опытов по сопротивлению воздуха. Вид материала: выписки Способ воспроизведения: машинопись, рукопись Языки: русский",18,18,ok
Опись 3,3,0113,917,"Переписка К.Э. Циолковского с Организационным комитетом 3-го Всероссийского воздухоплавательного съезда об участии его в работе съезда. Вид материала: письма Способ воспроизведения: автограф, машинопись Языки: русский",10,10,ok
Опись 3,3,0114,918,Письмо Калужских Средних общеобразовательных курсов К.Э. Циолковскому с просьбой принять участие в работе курсов. Вид материала: письмо Способ воспроизведения: машинопись Языки: русский,3,3,ok
Опись 3,3,0115,919,"Письма Калужского пролетарского университета памяти Октябрьской революции К.Э. Циолковскому о прочтении им лекций по физике и об очередном собрании организационной комиссии университета. Вид материала: письма Способ воспроизведения: автограф, машинопись Языки: русский",6,6,ok
Опись 3,3,0116,920,"Ответное письмо К.Э. Циолковского на поздравительное письмо Калужского общества по изучению природы и местного края. Вид материала: письмо Способ воспроизведения: автограф, машинопись Языки: русский",12,12,ok
Опись 3,3,0117,921,"Запросы о научной работе, извещения и повестки дня общих собраний Калужской секции научных работников, присланные К.Э. Циолковскому. С пометами К.Э. Циолковского. Вид материала: запросы Способ воспроизведения: автограф, машинопись Языки: русский",28,28,ok
Опись 3,3,0118,922,Письмо К.Э. Циолковского в Госплан в Секцию антарктического воздухоплавания о невозможности сделать доклад на конференции. Вид материала: письмо Способ воспроизведения: автограф Языки: русский,3,3,ok
Опись 3,3,0119,923,"Письма учреждений Академии наук СССР К.Э. Циолковскому - приглашения на I-ю Всесоюзную конференцию по изучению стратосферы. Вид материала: письма Способ воспроизведения: автограф, машинопись, типографская печать Языки: русский",28,28,ok
Опись 3,3,0120,924,"Ответ К.Э. Циолковского на приглашение присутствовать на заседании комитета по развитию воздухоплавания. Вид материала: письмо Способ воспроизведения: автограф, машинопись Языки: русский",5,5,ok
Опись 3,3,0121,925,Обращение Богимовского землячества к К.Э. Циолковскому с просьбой прочесть ряд лекций по дирижаблестроению. Вид материала: обращение Способ воспроизведения: автограф Языки: русский,5,5,ok
Опись 3,3,0122,926,Письмо Сектора техпропа Государственного политехнического музея имени К.Э. Циолковского с просьбой дать согласие на чтение лекций. Вид материала: письмо Способ воспроизведения: машинопись Языки: русский,3,3,ok
Опись 3,3,0123,927,Пригласительное письмо и приветственная телеграмма Оргкомитета по созыву I-ой Всесоюзной конференции по изучению стратосферы К.Э. Циолковскому. Вид материала: письмо Способ воспроизведения: машинопись Языки: русский,6,6,ok
Опись 3,3,0124,928,"Ответное письмо К.Э. Циолковского на приглашение II-го дорожного съезда изобретателей Западной дороги. Вид материала: письмо Способ воспроизведения: автограф, машинопись Языки: русский",5,5,ok
Опись 3,3,0125,929,"Письмо Стратосферного комитета Авиационного научного инженерно-технического общества (АВИАВНИТО) К.Э. Циолковскому. Вид материала: письмо Способ воспроизведения: автограф, машинопись, типографская печать Языки: русский",12,12,ok
Опись 3,3,0126,930,"Письмо Всесоюзного совета по аэродинамике ЦАГИ К.Э. Циолковскому об участии в работе конференции по скоростной авиации. Вид материала: письмо Способ воспроизведения: автограф, машинопись Языки: русский",6,6,ok
Опись 3,3,0127,931,Письмо Комиссии по улучшению быта студенчества (КУБС) Первого московского государственного университета К.Э. Циолковскому. Вид материала: письмо Способ воспроизведения: машинопись Языки: русский,3,3,ok
Опись 3,3,0128,932,Приглашение Лекционного бюро при Ленинградском военном округе К.Э. Циолковскому выступить с докладом на лекционных вечерах. Вид материала: телеграммы Способ воспроизведения: Языки: русский,3,3,ok
Опись 3,3,0129,933,"Переписка К.Э. Циолковского с Социалистической академией общественных наук РСФСР об утверждении его членом-соревнователем Академии, о разрешении работать в Калуге и др. Часть I. Вид материала: письма Способ воспроизведения: автограф, машинопись Языки: русский",50,50,ok
Опись 3,3,0130,934,"Переписка К.Э. Циолковского с Социалистической академией общественных наук РСФСР. Часть II. Фотокопии материалов, хранящихся в ЦГАОР'е. Вид материала: письма Способ воспроизведения: автограф, машинопись Языки: русский",27,27,ok
Опись 3,3,0131,935,Выписки из дел Социалистической академии общественных наук по документальным материалам Центрального Государственного архива Октябрьской революции и Социалистического строительства СССР (ЦГАОР СССР). Вид материала: выписки Способ воспроизведения: машинопись Языки: русский,30,30,ok
Опись 3,3,0132,936,Письмо Московского Цензурного комитета МВД об издании рукописей К.Э. Циолковского. Вид материала: письмо Способ воспроизведения: машинопись Языки: русский,3,3,ok
Опись 3,3,0133,937,Письмо И.С. Блонова - владельца мастерской по изготовлению клише о заказе К.Э. Циолковского. Вид материала: письмо Способ воспроизведения: автограф Языки: русский,2,2,ok
Опись 3,3,0134,938,Письмо Государственного технического издательства К.Э. Циолковскому о невозможности напечатать его работы. Вид материала: письмо Способ воспроизведения: машинопись Языки: русский,2,2,ok
Опись 3,3,0135,939,"Письма и извещения Московского общества любителей астрономии К.Э. Циолковскому. Вид материала: письма Способ воспроизведения: автограф, машинопись, типографская печать Языки: русский",8,8,ok
Опись 3,3,0136,940,"Ответное письмо К.Э. Циолковского в редакцию журнала ""Помощь самообразованию"" о написании им автобиографии. Вид материала: письмо Способ воспроизведения: автограф, машинопись Языки: русский",5,5,ok
Опись 3,3,0137,941,"Письма Издательства Ольденбург из Мюнхена (Германия) К.Э. Циолковскому о переводе и напечатании его работ и ответ К.Э. Циолковского. Вид материала: письма Способ воспроизведения: автограф, машинопись Языки: немецкий, русский",9,9,ok
Опись 3,3,0138,942,"Переписка К.Э. Циолковского с редколлегией ""10 лет Красного воздухоплавания"" при ОСОАВИАХИМ'е об издании его статей. Вид материала: письма Способ воспроизведения: автограф, машинопись Языки: русский",7,7,ok
Опись 3,3,0139,943,"Письма Всесоюзного общества культурной связи с заграницей К.Э. Циолковскому с просьбой дать статью о его научных работах для ""Информационного бюллетеня"" ВОКС'а. С пометами К.Э. Циолковского. Вид материала: письма Способ воспроизведения: машинопись Языки: русский",5,5,ok
Опись 3,3,0140,944,"Письмо Ленинградского отделения Государственного издательства К.Э. Циолковскому об издании его книги ""На луне"" и ответ К.Э. Циолковского. Вид материала: письмо Способ воспроизведения: автограф, машинопись Языки: русский",3,3,ok
Опись 3,3,0141,945,"Письма издательства ""Молодая гвардия"" К.Э. Циолковскому. Вид материала: письма Способ воспроизведения: автограф, машинопись с правкой автора Языки: русский",14,14,ok
Опись 3,3,0142,946,Письмо ОСОАВИАХИМ'а СССР в Калужскую Гостипографию об оказании содействия К.Э. Циолковскому в издании его трудов. Набросок текста письма рукой К.Э. Циолковского. Вид материала: письмо Способ воспроизведения: автограф Языки: русский,3,3,ok
Опись 3,3,0143,947,Письмо научного книгоиздательства К.Э. Циолковскому о высылке им работ по вопросам научно-философского мировоззрения. С пометами К.Э. Циолковского. Вид материала: письмо Способ воспроизведения: автограф Языки: русский,5,5,ok
Опись 3,3,0144,948,Письмо директора Калужской типографии Попова К.Э. Циолковскому о невозможности напечатать его работы. Вид материала: письмо Способ воспроизведения: машинопись Языки: русский,3,3,ok
Опись 3,3,0145,949,"Проект письма К.Э. Циолковского в Издательство Академии наук СССР нескольких его научно-популярных работ и копии писем К.Э. Циолковского в АН СССР о посылке им статьи ""Стратоплан"" на отзыв. Вид материала: письмо Способ воспроизведения: автограф, машинопись Языки: русский",7,7,ok
Опись 3,3,0146,950,Переписка К.Э. Циолковского с Объединением научно-технических издательств об издании и распространении его трудов. Вид материала: письма Способ воспроизведения: машинопись Языки: русский,6,6,ok
Опись 3,3,0147,951,"Письма Редакции ""Большая Советская энциклопедия"" К.Э. Циолковскому о высылке им автобиографии и портрета для помещения в энциклопедии. С пометами К.Э. Циолковского. Вид материала: письма Способ воспроизведения: автограф Языки: русский",3,3,ok
Опись 3,3,0148,952,Письмо Главного управления по делам литературы и издательств ГЛАВЛИТ'а К.Э. Циолковскому с разрешением напечатать ряд рукописей. Вид материала: письмо Способ воспроизведения: автограф Языки: русский,2,2,ok
Опись 3,3,0149,953,"Письмо Издательства ""Молодой большевик"" К.Э. Циолковскому. Вид материала: письмо Способ воспроизведения: автограф, машинопись Языки: русский",5,5,ok
Опись 3,3,0150,954,Письмо К.Э. Циолковского о целесообразности издания его работ в Калуге. Адресат не указан. Вид материала: письмо Способ воспроизведения: автограф Языки: русский,7,7,ok
Опись 3,3,0151,955,"Черновая записка К.Э. Циолковского ""Надо спешить"" о необходимости издания его трудов при жизни. Вид материала: записка Способ воспроизведения: автограф Языки: русский",6,6,ok
Опись 3,3,0152,956,"Переписка К.Э. Циолковского с заместителем председателя Комитета по изучению стратосферы В.А. Сытиным об издании автобиографии и работы о стратоплане. Вид материала: письма Способ воспроизведения: автограф, машинопись Языки: русский",39,39,ok
Опись 3,3,0153,957,"Переписка К.Э. Циолковского с Ленинградским областным издательством об издании автобиографии. Вид материала: письма Способ воспроизведения: автограф, машинопись Языки: русский",6,6,ok
Опись 3,3,0154,958,"Письма Госмашметиздата К.Э. Циолковскому об издании его трудов. Вид материала: письма Способ воспроизведения: автограф, машинопись Языки: русский",8,8,ok
Опись 3,3,0155,959,Письмо Государственного социально-экономического издательства К.Э. Циолковскому о помещении в подготавливаемом к изданию массовом политическом словаре его биографии. Вид материала: письмо Способ воспроизведения: машинопись Языки: русский,4,4,ok
Опись 3,3,0156,960,"Письма Объединения государственных издательств (ОГИЗ) К.Э. Циолковскому о высылке его избранных трудов. Вид материала: письма Способ воспроизведения: автограф, машинопись Языки: русский",6,6,ok
Опись 3,3,0158,961,"Письма редакции журнала ""Авиапромышленность"" К.Э. Циолковскому с предложением о постоянном сотрудничестве. Вид материала: письма Способ воспроизведения: машинопись Языки: русский",3,3,ok
Опись 3,3,0159,962,"Письма редакции журнала ""Авиация и химия"" К.Э. Циолковскому с просьбой прислать в редакцию статьи о дирижабле его конструкции. Вид материала: письма Способ воспроизведения: машинопись Языки: русский",7,7,ok
Опись 3,3,0160,963,"Переписка редакции журнала ""В бой за технику"" с К.Э. Циолковским о помещении его статей в журнале, отправке статей других авторов ему на отзыв и заключение. Вид материала: письма Способ воспроизведения: автограф, машинопись Языки: русский",32,32,ok
Опись 3,3,0161,964,"Переписка К.Э. Циолковского с редакцией журнала ""Вестник воздушного флота"" о помещении его работ в журнале. Вид материала: письма Способ воспроизведения: автограф Языки: русский",5,5,ok
Опись 3,3,0162,965,"Переписка К.Э. Циолковского с редакцией журнала ""Вестник знания"" с предложением о постоянном сотрудничестве, об издании статьи ""Солнечная энергия"" и др. Вид материала: письма Способ воспроизведения: автограф, машинопись Языки: русский",10,10,ok
Опись 3,3,0163,966,"Переписка К.Э. Циолковского с редакцией журналов ""Вестник инженеров и техников"" и ""Инженерный труд"" о помещении его статей в журналах. Вид материала: письма Способ воспроизведения: автограф, машинопись Языки: русский",20,20,ok
Опись 3,3,0164,967,"Письма редакции журнала ""Воздухоплавание"" К.Э. Циолковскому с просьбой прислать статьи для журнала. С пометами К.Э. Циолковского. Вид материала: письма Способ воспроизведения: автограф, машинопись Языки: русский",7,7,ok
Опись 3,3,0165,968,"Письмо из редакции журналов ""Вокруг света"" и ""Борьба миров"" К.Э. Циолковскому о сотрудничестве в журналах. Вид материала: письмо Способ воспроизведения: машинопись Языки: русский",3,3,ok
Опись 3,3,0166,969,"Письмо редакции журнала ""Вопросы стенографии и машинописи"" К.Э. Циолковскому с просьбой принять участие в журнале. Вид материала: письмо Способ воспроизведения: машинопись Языки: русский",4,4,ok
Опись 3,3,0167,970,"Письмо редакций журналов ""Всемирный следопыт"", ""Всемирный турист"" К.Э. Циолковскому о сотрудничестве в журналах. Вид материала: письмо Способ воспроизведения: машинопись Языки: русский",3,3,ok
Опись 3,3,0168,971,"Письма редакции журнала ""Гражданская авиация"" К.Э. Циолковскому о помещении его статей в журнале. Вид материала: письмо Способ воспроизведения: автограф, машинопись Языки: русский",17,17,ok
Опись 3,3,0169,972,"Письмо редакции ""За рулем"" К.Э. Циолковскому с уведомлением о невозможности использовать в журнале статью ""Жизнь в эфире"". Вид материала: письмо Способ воспроизведения: машинопись Языки: русский",3,3,ok
Опись 3,3,0170,973,"Письмо редакции журнала ""Изобретатель"" К.Э. Циолковскому с просьбой выслать автобиографию, портрет и литературу о его работе и изобретениях. С пометами К.Э. Циолковского. Вид материала: письмо Способ воспроизведения: машинопись Языки: русский",5,5,ok
Опись 3,3,0171,974,"Письма из редакции журнала ""Искры науки"" К.Э. Циолковскому с просьбой прислать статьи для журнала. С пометами К.Э. Циолковского. Вид материала: письма Способ воспроизведения: автограф, машинопись Языки: русский",7,7,ok
Опись 3,3,0172,975,"Письмо редакции журнала ""Мироведение"" К.Э. Циолковскому о невозможности поместить его статью в журнал без обсуждения. Вид материала: письмо Способ воспроизведения: машинопись Языки: русский",3,3,ok
Опись 3,3,0173,976,"Переписка К.Э. Циолковского с редакцией журнала ""Наука и техника"" по вопросу об отправке его статей для журнала. С пометами К.Э. Циолковского. Вид материала: письма Способ воспроизведения: автограф, машинопись Языки: русский",10,10,ok
Опись 3,3,0174,977,"Переписка К.Э. Циолковского с редакцией журнала ""Наши достижения"" о невозможности напечатать его автобиографии. Вид материала: письма Способ воспроизведения: автограф, машинопись Языки: русский",4,4,ok
Опись 3,3,0175,978,"Письма редакции журнала ""Огонек"" К.Э. Циолковскому с просьбой прислать статьи для журнала. Вид материала: письма Способ воспроизведения: машинопись Языки: русский",12,12,ok
Опись 3,3,0176,979,"Письма редакции журнала ""Природа"" К.Э. Циолковскому о невозможности поместить его статьи в журнал. Вид материала: письма Способ воспроизведения: машинопись Языки: русский",7,7,ok
Опись 3,3,0177,980,"Письма журнала ""Рабочее изобретательство"" К.Э. Циолковскому с просьбой написать для журнала ряд статей по проблемам дирижаблестроения в СССР. Вид материала: письма Способ воспроизведения: автограф, машинопись Языки: русский",11,11,ok
Опись 3,3,0178,981,"Письма редакции журнала ""Самолет"" К.Э. Циолковскому с предложением о сотрудничестве, об отправке в редакцию статьи ""Дирижабль ""СССР"" - цельнометаллический дирижабль"" и др. Вид материала: письма Способ воспроизведения: машинопись Языки: русский",8,8,ok
Опись 3,3,0179,982,"Письмо редакции журнала ""Техника Воздушного флота"" о невозможности напечатать его статьи. Вид материала: письмо Способ воспроизведения: автограф Языки: русский",4,4,ok
Опись 3,3,0180,983,"Письма редакции журнала ""Техника молодежи"" К.Э. Циолковскому с предложением о сотрудничестве и с просьбой разъяснить некоторые места в его статье о планерах. Вид материала: письма Способ воспроизведения: машинопись Языки: русский",9,9,ok
Опись 3,3,0181,984,"Письма редакции журнала ""Техника и жизнь"" К.Э. Циолковскому с просьбой прислать статьи по проблематике транспорта. Вид материала: письма Способ воспроизведения: автограф, машинопись Языки: русский",13,13,ok
Опись 3,3,0182,985,"Письма редакции журнала ""Техника смене"" К.Э. Циолковскому о его работе в журнале. Вид материала: письма Способ воспроизведения: машинопись Языки: русский",12,12,ok
Опись 3,3,0183,986,"Письмо редакции журнала ""30 дней"" К.Э. Циолковскому по вопросу об отправке его статей, биографии и фотографий в редакцию. Вид материала: письмо Способ воспроизведения: машинопись Языки: русский",3,3,ok
Опись 3,3,0184,987,"Черновик письма К.Э. Циолковского в редакцию журнала ""Труд инженера"" с просьбой издать статью об успехах реактивного движения за 1930-1931гг. Вид материала: письмо Способ воспроизведения: автограф Языки: русский",3,3,ok
Опись 3,3,0185,988,"Письма редакции журнала ""Химия и оборона"" К.Э. Циолковскому о помещении в журнале его статьи ""Энергия химического соединения веществ"". Вид материала: письма Способ воспроизведения: машинопись Языки: русский",7,7,ok
Опись 3,3,0186,989,Письмо Общества межпланетных сообщений К.Э. Циолковскому по вопросу об отправке научных статей для издания в журнале Общества. Вид материала: письмо Способ воспроизведения: автограф Языки: русский,5,5,ok
Опись 3,3,0187,990,"Письма редакции газеты ""Известия"" К.Э. Циолковскому с просьбой выслать статьи о болиде и отказ от помещения статьи в журнале ""Сорена"". Вид материала: письмо, телеграмма Способ воспроизведения: машинопись Языки: русский",6,6,ok
Опись 3,3,0188,991,"Письмо редакции газеты ""Кино"" К.Э. Циолковскому и набросок ответа К.Э. Циолковского. Вид материала: письмо Способ воспроизведения: автограф Языки: русский",3,3,ok
Опись 3,3,0189,992,"Письмо редакции газеты ""Коммуна"" (г. Калуга) К.Э. Циолковскому о помещении в газете его статей, интервью и биографии. Вид материала: письмо Способ воспроизведения: автограф, машинопись Языки: русский",21,21,ok
Опись 3,3,0190,993,"Письмо редакции газеты ""Комсомолец Украины"" К.Э. Циолковскому с просьбой выслать статью для помещения ее в специальном номере, посвященном Дню авиации. Вид материала: письмо Способ воспроизведения: машинопись Языки: русский",3,3,ok
Опись 3,3,0191,994,"Письмо редакции газеты ""На страже"" (орган Центрального Совета Осоавиахима) К.Э. Циолковскому с просьбой дать для газеты статью, посвященную полету стратостата ""СССР-1-бис"". Вид материала: письмо Способ воспроизведения: автограф, машинопись Языки: русский",4,4,ok
Опись 3,3,0192,995,"Переписка К.Э. Циолковского с редакциями газет ""Правда"" и ""Комсомольская правда"" об отправке им статьи о дирижабле, полетах в стратосферу и др. Вид материала: письма Способ воспроизведения: автограф, машинопись Языки: русский",22,22,ok
Опись 3,3,0193,996,"Письмо редакции ""Рабочей газеты"" К.Э. Циолковскому с просьбой прислать в журнал ""Хочу все знать"" ответ на запрос читателя. Запрос неизвестен. Вид материала: письмо Способ воспроизведения: машинопись Языки: русский",3,3,ok
Опись 3,3,0194,997,"Письма редакции газеты ""Техника"" К.Э. Циолковскому о помещении его статей в газете. С пометами К.Э. Циолковского. Вид материала: письма, телеграммы Способ воспроизведения: машинопись Языки: русский",18,18,ok
Опись 3,3,0195,998,"Письмо редакции газеты Малинского лесокомбината ""Ударник лесного фронта"" К.Э. Циолковскому с благодарностью за высланную литературу. Вид материала: письмо Способ воспроизведения: автограф Языки: русский",4,4,ok
Опись 3,3,0196,999,"Письмо редакции газеты ""ЦАГИ"" К.Э. Циолковскому с просьбой принять участие в номере, посвященном Дню авиации. Вид материала: письмо Способ воспроизведения: машинопись Языки: русский",3,3,ok
Опись 3,3,0197,1000,"Письма учреждений и отдельных лиц К.Э. Циолковскому с просьбой прислать книги и с выражением благодарности за полученные книги. Вид материала: письма Способ воспроизведения: автограф, машинопись Языки: русский",37,37,ok
Опись 3,3,0198,1001,"Письма учреждений и отдельных лиц К.Э. Циолковскому с просьбой прислать книги и с выражением благодарности за полученные книги. Вид материала: письма Способ воспроизведения: автограф, машинопись Языки: русский, французский",73,73,ok
Опись 3,3,0199,1002,Письма учреждений и отдельных лиц К.Э. Циолковскому с просьбой прислать книги и с выражением благодарности за полученные книги. Вид материала: письма Способ воспроизведения: машинопись Языки: русский,74,74,ok
Опись 3,3,0200,1003,"Письма Академий наук (Берлин, Вена), Смитсоновского института (Вашингтон), Стокгольмской обсерватории, и других зарубежных научных учреждений К.Э. Циолковскому. Вид материала: письма Способ воспроизведения: автограф, машинопись Языки: английский, немецкий, русский, французский",25,25,ok
Опись 3,3,0201,1004,Пустые конверты от писем из различных учреждений. С пометами К.Э. Циолковского. Вид материала: конверты Способ воспроизведения: Языки: русский,95,95,ok
Опись 3,3,0202,1005,"Пустые конверты, надписанные К.Э. Циолковским. Вид материала: конверты Способ воспроизведения: Языки: русский",16,16,ok
Опись 4,4,0001,1006,Письмо К.Э. Циолковского к помощнику начальника Воздушного флота действующей армии Анощенко Николаю Дмитриевичу. Вид материала: письмо Способ воспроизведения: автограф Языки: русский,9,9,ok
Опись 4,4,0001а,1007,"Письмо К.Э. Циолковского к инженеру Ассонову Александру Васильевичу. Вид материала: письмо Способ воспроизведения: автограф, машинопись Языки: русский",25,25,ok
Опись 4,4,0001б,1008,Письмо К.Э. Циолковского к общественному деятелю Ассонову Василию Ивановичу. Вид материала: письмо Способ воспроизведения: автограф Языки: русский,3,3,ok
Опись 4,4,0002,1009,"Письма К.Э. Циолковского к инженеру Ассонову Владимиру Васильевичу. Вид материала: письма Способ воспроизведения: автограф, машинопись Языки: русский",67,67,ok
Опись 4,4,0003,1010,"Письмо К.Э. Циолковского к сотруднику редакции газеты ""Правда"" Берестинскому Михаилу Исааковичу. Вид материала: письмо Способ воспроизведения: автограф, машинопись Языки: русский",21,21,ok
Опись 4,4,0003а,1011,"Письмо К.Э. Циолковского к астроному, профессору Ягеллонского университета Бонахевичу Тадеушу Артуровичу. Вид материала: письмо Способ воспроизведения: автограф Языки: русский",2,2,ok
Опись 4,4,0004,1012,"Письма К.Э. Циолковского к начальнику Организационного отдела Главвоздухофлота Вишневу Владимиру Михайловичу. Вид материала: письма Способ воспроизведения: автограф, машинопись Языки: русский",71,71,ok
Опись 4,4,0005,1013,Письмо К.Э. Циолковского к редактору ОНТИ [Объединенного научно-технического издательства] Вольперту Г. Вид материала: письмо Способ воспроизведения: автограф Языки: русский,2,2,ok
Опись 4,4,0006,1014,"Письмо К.Э. Циолковского к инженеру, преподавателю Института инженеров путей сообщения Воробьеву Александру Григорьевичу. Вид материала: письмо Способ воспроизведения: машинопись Языки: русский",3,3,ok
Опись 4,4,0007,1015,Письмо К.Э. Циолковского к Ворошилову Клименту Ефремовичу. Вид материала: письмо Способ воспроизведения: автограф Языки: русский,3,3,ok
Опись 4,4,0007а,1016,"Письма К.Э. Циолковского к Н.К. Голованову и П.К. Энгельмейру. Вид материала: письма Способ воспроизведения: автограф, машинопись Языки: русский",12,12,ok
Опись 4,4,0008,1017,"Письмо К.Э. Циолковского к Горькому (Алексею Максимовичу). Вид материала: письмо Способ воспроизведения: автограф, машинопись Языки: русский",4,4,ok
Опись 4,4,0009,1018,Письмо К.Э. Циолковского к Гулину В.Г. Вид материала: письмо Способ воспроизведения: автограф Языки: русский,5,5,ok
Опись 4,4,0010,1019,"Письма К.Э. Циолковского к профессору Московского университета Жуковскому Николаю Егоровичу. Вид материала: письма Способ воспроизведения: автограф, машинопись Языки: русский",31,31,ok
Опись 4,4,0010а,1020,Письма К.Э. Циолковского к кинорежиссеру Журавлеву Василию Николаевичу. Вид материала: письма Способ воспроизведения: автограф Языки: русский,46,46,ok
Опись 4,4,0011,1021,"Письмо К.Э. Циолковского к журналисту Ивановскому Александру Ивановичу. Вид материала: письмо Способ воспроизведения: автограф, машинопись Языки: русский",6,6,ok
Опись 4,4,0012,1022,Письма К.Э. Циолковского к инженеру Кажинскому Бернарду Бернардовичу. Вид материала: письма Способ воспроизведения: автограф Языки: русский,34,34,ok
Опись 4,4,0012а,1023,"Письмо К.Э. Циолковского к начальнику Реактивного научно-исследовательского института Клейменову Ивану Терентьевичу. Вид материала: письмо Способ воспроизведения: автограф, типографская печать Языки: русский",4,4,ok
Опись 4,4,0013,1024,"Письма К.Э. Циолковского к заведующему ОНТИ [Объединенного научно-технического издательства] Коссаковскому. Вид материала: письма Способ воспроизведения: автограф, машинопись Языки: русский",16,16,ok
Опись 4,4,0014,1025,"Письма К.Э. Циолковского к инженеру Роберту Ладеману (Lademann R.). Вид материала: письма Способ воспроизведения: автограф, машинопись Языки: русский",5,5,ok
Опись 4,4,0015,1026,"Письма К.Э. Циолковского к редактору Госмашметиздата ОНТИ Латынину Евгению Всеволодовичу. Вид материала: письма Способ воспроизведения: автограф, машинопись Языки: русский",17,17,ok
Опись 4,4,0015а,1027,"Письмо К.Э. Циолковского к редактору газеты Лашмакову. Вид материала: письмо Способ воспроизведения: автограф, газетные вырезки Языки: русский, французский",10,10,ok
Опись 4,4,0016,1028,"Письмо К.Э. Циолковского к писателю Лею Вилли (Ley Willy). Вид материала: письмо Способ воспроизведения: автограф Языки: немецкий, русский",2,2,ok
Опись 4,4,0016а,1029,"Письма К.Э. Циолковского к ученому, химику Менделееву Дмитрию Ивановичу. Вид материала: письма Способ воспроизведения: автограф Языки: русский",6,6,ok
Опись 4,4,0017,1030,"Письма К.Э. Циолковского к писателю Перельману Якову Исидоровичу. Вид материала: письма Способ воспроизведения: автограф, машинопись Языки: русский",39,39,ok
Опись 4,4,0018,1031,Письмо К.Э. Циолковского к Э.Л. Пороховщиковой [владелица типографии]. Вид материала: письмо Способ воспроизведения: автограф Языки: русский,4,4,ok
Опись 4,4,0019,1032,"Письма К.Э. Циолковского к Рапопорту Якову Айзиковичу. Вид материала: письма Способ воспроизведения: автограф, машинопись Языки: русский",110,110,ok
Опись 4,4,0020,1033,"Письма К.Э. Циолковского к профессору Рынину Николаю Алексеевичу. Т. 1. Вид материала: письма Способ воспроизведения: автограф, машинопись Языки: русский",60,60,ok
Опись 4,4,0020а,1034,"Письмо К.Э. Циолковского к профессору Рынину Николаю Алексеевичу. Т. 2. Вид материала: письмо Способ воспроизведения: автограф, машинопись Языки: русский",159,159,ok
Опись 4,4,0021,1035,"Письма К.Э. Циолковского к инженеру Рюмину Владимиру Владимировичу. Вид материала: письма Способ воспроизведения: автограф, машинопись Языки: русский",113,113,ok
Опись 4,4,0021а,1036,Письмо К.Э. Циолковского к профессору Военно-воздушной академии Семенову Виктору Александровичу. Вид материала: письмо Способ воспроизведения: машинопись Языки: русский,2,2,ok
Опись 4,4,0021б,1037,Письмо К.Э. Циолковского к сотруднику Ленинградской астрономической обсерватории [Соловьеву] Александру Васильевичу. Вид материала: письмо Способ воспроизведения: автограф Языки: русский,7,7,ok
Опись 4,4,0022,1038,"Письма К.Э. Циолковского к Солодкову Георгию Ильичу. Вид материала: письма Способ воспроизведения: автограф, машинопись Языки: русский",119,119,ok
Опись 4,4,0023,1039,Письмо К.Э. Циолковского к Спектору Залману Гамшеевичу. Вид материала: письмо Способ воспроизведения: автограф Языки: русский,3,3,ok
Опись 4,4,0024,1040,Письма К.Э. Циолковского к профессору Московского университета Столетову Александру Григорьевичу. Вид материала: письма Способ воспроизведения: автограф Языки: русский,61,61,ok
Опись 4,4,0025,1041,"Письма К.Э. Циолковского к начальнику Сектора оргмассовой работы ЦГИРД Фортикову Ивану Петровичу. Вид материала: письма Способ воспроизведения: автограф, машинопись Языки: русский",33,33,ok
Опись 4,4,0025а,1042,Письмо К.Э. Циолковского к Ходову Зелику Философу. Вид материала: письмо Способ воспроизведения: автограф Языки: русский,3,3,ok
Опись 4,4,0025б,1043,"Письмо К.Э. Циолковского к врачу, биохимику Цветикову Алексею Николаевичу. Вид материала: письмо Способ воспроизведения: автограф Языки: русский",3,3,ok
Опись 4,4,0026,1044,Письмо К.Э. Циолковского к дочери Циолковской Любови Констатиновне. Вид материала: письмо Способ воспроизведения: автограф Языки: русский,3,3,ok
Опись 4,4,0027,1045,Письмо К.Э. Циолковского к Чернову Виктору Михайловичу. Вид материала: письмо Способ воспроизведения: автограф Языки: русский,3,3,ok
Опись 4,4,0028,1046,"Письма К.Э. Циолковского к Чижевскому Александру Леонидовичу. Вид материала: письма Способ воспроизведения: автограф, машинопись Языки: русский",41,41,ok
Опись 4,4,0029,1047,"Письма К.Э. Циолковского к Шершевскому Александру Борисовичу. Вид материала: письма Способ воспроизведения: автограф, машинопись Языки: русский",6,6,ok
Опись 4,4,0030,1048,"Письмо К.Э. Циолковского к Штернфельду А.Я. (Sternfeld A.Y.). Вид материала: письмо Способ воспроизведения: автограф, машинопись Языки: русский",4,4,ok
Опись 4,4,0031,1049,Письма К.Э. Циолковского к председателю Нижегородского кружка любителей физики и астрономии Щербакову Сергею Васильевичу. Вид материала: письма Способ воспроизведения: автограф Языки: русский,47,47,ok
Опись 4,4,0031а,1050,Письмо К.Э. Циолковского к Нижегородскому кружку любителей физики-астрономии. Вид материала: письмо Способ воспроизведения: автограф Языки: русский,7,7,ok
Опись 4,4,0032,1051,"Письмо К.Э. Циолковского к ""Юным техникам Ленинграда"". Вид материала: письмо Способ воспроизведения: автограф, машинопись Языки: русский",8,8,ok
Опись 4,4,0033,1052,"Письмо К.Э. Циолковского неустановленным лицам. Вид материала: письмо Способ воспроизведения: автограф, машинопись Языки: русский, французский",30,30,ok
Опись 4,4,0034,1053,Замечания К.Э. Циолковского по поводу писем одного из его корреспондентов. Вид материала: письмо Способ воспроизведения: автограф Языки: русский,3,3,ok
Опись 4,4,0035,1054,Письма сотрудника Уральского механомашиностроительного института Абазопуло Евгения Павловича к К.Э. Циолковскому. Вид материала: письма Способ воспроизведения: автограф Языки: русский,14,14,ok
Опись 4,4,0036,1055,Письма студента Новочеркассого авиационного института А. Абецедарского к К.Э. Циолковскому. Вид материала: письма Способ воспроизведения: автограф Языки: русский,5,5,ok
Опись 4,4,0037,1056,Письмо техника К. Аблекова к К.Э. Циолковскому. Вид материала: письмо Способ воспроизведения: автограф Языки: русский,4,4,ok
Опись 4,4,0038,1057,Письмо сельскохозяйственного техника А. Абрамова к К.Э. Циолковскому. Вид материала: письмо Способ воспроизведения: автограф Языки: русский,4,4,ok
Опись 4,4,0039,1058,Письмо студента 2 курса Техникума точной механики-электрометрической отделки Л. Аврутиса к К.Э. Циолковскому. Вид материала: письмо Способ воспроизведения: автограф Языки: русский,6,6,ok
Опись 4,4,0040,1059,Письмо вычислительницы Одесской обсерватории Н. Авсенева к К.Э. Циолковскому. Вид материала: письмо Способ воспроизведения: автограф Языки: русский,4,4,ok
Опись 4,4,0041,1060,Письма Б.В. Агафонова к К.Э. Циолковскому. Вид материала: письма Способ воспроизведения: автограф Языки: русский,34,34,ok
Опись 4,4,0042,1061,Письмо инженера НИИВОГВФ Аксюнина Степана Александровича к К.Э. Циолковскому. Вид материала: письмо Способ воспроизведения: автограф Языки: русский,7,7,ok
Опись 4,4,0043,1062,Письма И. Александр[ов]а к К.Э. Циолковскому. Вид материала: письма Способ воспроизведения: автограф Языки: русский,9,9,ok
Опись 4,4,0044,1063,Письма В.А. Александрова к К.Э. Циолковскому. Вид материала: письма Способ воспроизведения: автограф Языки: русский,10,10,ok
Опись 4,4,0046,1064,Письмо Н.К. Александровича к К.Э. Циолковскому. Вид материала: письмо Способ воспроизведения: автограф Языки: русский,3,3,ok
Опись 4,4,0047,1065,Письма Алексеева Ивана Ивановича к К.Э. Циолковскому. Вид материала: письма Способ воспроизведения: автограф Языки: русский,13,13,ok
Опись 4,4,0048,1066,Письмо Альбова Николая Ивановича к К.Э. Циолковскому. Вид материала: письмо Способ воспроизведения: автограф Языки: русский,3,3,ok
Опись 4,4,0049,1067,Письмо военного летчика В. Анашева к К.Э. Циолковскому. Вид материала: письмо Способ воспроизведения: автограф Языки: русский,3,3,ok
Опись 4,4,0050,1068,Письмо Андрезена Владимира к К.Э. Циолковскому. Вид материала: письмо Способ воспроизведения: автограф Языки: русский,4,4,ok
Опись 4,4,0051,1069,"Письма астронома Андренко Леонида Леонидовича и Андренко Анны Васильевной к К.Э. Циолковскому. Вид материала: письма Способ воспроизведения: автограф, машинопись Языки: испанский, русский, французский",123,123,ok
Опись 4,4,0052,1070,"Письмо зав. редакцией ""Вестника воздушного флота"" Анощенко Николая Дмитриевича к К.Э. Циолковскому. Вид материала: письмо Способ воспроизведения: автограф Языки: немецкий, русский",8,8,ok
Опись 4,4,0053,1071,Письмо подпоручика артеллерии Аполлова к К.Э. Циолковскому. Вид материала: письмо Способ воспроизведения: автограф Языки: русский,5,5,ok
Опись 4,4,0054,1072,Письмо зав. астрономическим бюро Аптер Зинаиды Марковны к К.Э. Циолковскому. Вид материала: письмо Способ воспроизведения: автограф Языки: русский,3,3,ok
Опись 4,4,0054а,1073,Письмо полковника Аргамакова Александра Павловича к К.Э. Циолковскому. Вид материала: письмо Способ воспроизведения: автограф Языки: русский,8,8,ok
Опись 4,4,0055,1074,Письмо А. Арендта к К.Э. Циолковскому. Вид материала: письмо Способ воспроизведения: автограф Языки: русский,7,7,ok
Опись 4,4,0056,1075,Письмо астронома Аристовой Татьяны Дмитриевной к К.Э. Циолковскому. Вид материала: письмо Способ воспроизведения: автограф Языки: русский,7,7,ok
Опись 4,4,0057,1076,Письмо А.Н. Артамонова к К.Э. Циолковскому. Вид материала: письмо Способ воспроизведения: автограф Языки: русский,5,5,ok
Опись 4,4,0058,1077,Письмо горного инженера Арцта Люциана Леопольдовича к К.Э. Циолковскому. Вид материала: письмо Способ воспроизведения: автограф Языки: русский,4,4,ok
Опись 4,4,0059,1078,Письмо студента Донского политехнического института Ф.Н. Артынова к К.Э. Циолковскому. Вид материала: письмо Способ воспроизведения: автограф Языки: русский,6,6,ok
Опись 4,4,0060,1079,Письма энтомолога областного земельного управления г. Киева Артюхина Петра Ивановича к К.Э. Циолковскому. Вид материала: письма Способ воспроизведения: автограф Языки: русский,30,30,ok
Опись 4,4,0061,1080,Письмо Архангельского Петра Николаевича к К.Э. Циолковскому. Вид материала: письмо Способ воспроизведения: автограф Языки: русский,3,3,ok
Опись 4,4,0062,1081,Письмо инженера Н. Архипова к К.Э. Циолковскому. Вид материала: письмо Способ воспроизведения: автограф Языки: русский,2,2,ok
Опись 4,4,0063,1082,"Письма инженер-аэромеханика, зав. Воздухоплавательным отделением Высшего аэромеханического института Ф. Ассберга к К.Э. Циолковскому. Вид материала: письма Способ воспроизведения: автограф Языки: русский",9,9,ok
Опись 4,4,0064,1083,"Письма инженера Ассонова Александра Васильевича к К.Э. Циолковскому. Вид материала: письма Способ воспроизведения: автограф, машинопись Языки: русский",64,64,ok
Опись 4,4,0065,1084,Письма инженера Ассонова Владимира Васильевича к К.Э. Циолковскому. Вид материала: письма Способ воспроизведения: автограф Языки: русский,27,27,ok
Опись 4,4,0066,1085,Письмо А. Ассоновой (матери А.В. и В.В. Ассоновых) к К.Э. Циолковскому. Вид материала: письмо Способ воспроизведения: автограф Языки: русский,3,3,ok
Опись 4,4,0068,1086,Письмо Афанасенко Василия Константиновича к К.Э. Циолковскому. Вид материала: письмо Способ воспроизведения: автограф Языки: русский,5,5,ok
Опись 4,4,0069,1087,Письмо В.П. Афанасьева к К.Э. Циолковскому. Вид материала: письмо Способ воспроизведения: автограф Языки: русский,4,4,ok
Опись 4,4,0070,1088,Письмо И.Н. Бабикова к К.Э. Циолковскому. Вид материала: письмо Способ воспроизведения: автограф Языки: русский,4,4,ok
Опись 4,4,0071,1089,Письмо В.Н. Баданина к К.Э. Циолковскому. Вид материала: письмо Способ воспроизведения: автограф Языки: русский,3,3,ok
Опись 4,4,0072,1090,"Письма председателя ""Культурно-земельного общества"" Баженова Бориса Васильевича к К.Э. Циолковскому. Вид материала: письма Способ воспроизведения: автограф Языки: русский",11,11,ok
Опись 4,4,0073,1091,Письмо Валентина Балашова к К.Э. Циолковскому. Вид материала: письмо Способ воспроизведения: автограф Языки: русский,4,4,ok
Опись 4,4,0074,1092,Письмо Балашовых Алексея и Ксении к К.Э. Циолковскому. Вид материала: письмо Способ воспроизведения: автограф Языки: русский,6,6,ok
Опись 4,4,0075,1093,"Письмо профессора Банахевича Тадеуша Артуровича к К.Э. Циолковскому. Вид материала: письмо Способ воспроизведения: машинопись Языки: польский, русский",6,6,ok
Опись 4,4,0076,1094,Письмо В.Н. Банухина к К.Э. Циолковскому. Вид материала: письмо Способ воспроизведения: автограф Языки: русский,3,3,ok
Опись 4,4,0077,1095,Письмо Ф.П. Барсукова к К.Э. Циолковскому. Вид материала: письмо Способ воспроизведения: автограф Языки: русский,6,6,ok
Опись 4,4,0078,1096,Письма Бартко Александра И. к К.Э. Циолковскому. Вид материала: письма Способ воспроизведения: автограф Языки: русский,18,18,ok
Опись 4,4,0079,1097,Письмо Батиева к К.Э. Циолковскому. Вид материала: письмо Способ воспроизведения: автограф Языки: русский,4,4,ok
Опись 4,4,0080,1098,Письма Бачинского Алексея Иосифовича к К.Э. Циолковскому. Вид материала: письма Способ воспроизведения: автограф Языки: русский,7,7,ok
Опись 4,4,0081,1099,Письма Башкирова Ивана Сергеевича к К.Э. Циолковскому. Вид материала: письма Способ воспроизведения: автограф Языки: русский,7,7,ok
Опись 4,4,0082,1100,Письмо профессора Безсонова Сергея Васильевича К.Э. Циолковскому. Вид материала: письмо Способ воспроизведения: автограф Языки: русский,5,5,ok
Опись 4,4,0083,1101,Письмо студентки Энергетического института (3-й курс) Безсоновой Елены Сергеевны (дочь проф. С.В. Безсонова) к К.Э. Циолковскому. Вид материала: письмо Способ воспроизведения: автограф Языки: русский,9,9,ok
Опись 4,4,0084,1102,"Письмо Бека Александра (Веска) к К.Э. Циолковскому. Вид материала: письмо Способ воспроизведения: машинопись Языки: немецкий, русский",3,3,ok
Опись 4,4,0085,1103,Письмо медсестры А.В. Беккаревич к К.Э. Циолковскому. Вид материала: письмо Способ воспроизведения: автограф Языки: русский,7,7,ok
Опись 4,4,0086,1104,Письмо А. Белавенцева к К.Э. Циолковскому. Вид материала: письмо Способ воспроизведения: автограф Языки: русский,3,3,ok
Опись 4,4,0087,1105,Письма Белевича Бориса Александровича к К.Э. Циолковскому. Вид материала: письма Способ воспроизведения: автограф Языки: русский,10,10,ok
Опись 4,4,0088,1106,Письмо инженер-строителя М.Н. Белевцева к К.Э. Циолковскому. Вид материала: письмо Способ воспроизведения: автограф Языки: русский,4,4,ok
Опись 4,4,0089,1107,Письмо Беленкова Павла Ивановича к К.Э. Циолковскому. Вид материала: письмо Способ воспроизведения: автограф Языки: русский,3,3,ok
Опись 4,4,0090,1108,Письма юрисконсульта и друга детства Белопольского Петра Васильевича к К.Э. Циолковскому. Вид материала: письма Способ воспроизведения: автограф Языки: русский,42,42,ok
Опись 4,4,0091,1109,Письмо Белоусовой Марьи к К.Э. Циолковскому. Вид материала: письмо Способ воспроизведения: автограф Языки: русский,5,5,ok
Опись 4,4,0091a,1110,"Письмо писателя Беляева Александра Романовича к К.Э. Циолковскому. Вид материала: письмо Способ воспроизведения: автограф, машинопись Языки: русский",21,21,ok
Опись 4,4,0092,1111,Письмо Беляевой М. (жена писателя А.Р. Беляева) к К.Э. Циолковскому. Вид материала: письмо Способ воспроизведения: автограф Языки: русский,3,3,ok
Опись 4,4,0093,1112,Письмо Бергера Наума к К.Э. Циолковскому. Вид материала: письмо Способ воспроизведения: автограф Языки: русский,4,4,ok
Опись 4,4,0094,1113,Письмо Береснева С. к К.Э. Циолковскому. Вид материала: письмо Способ воспроизведения: автограф Языки: русский,6,6,ok
Опись 4,4,0095,1114,Письмо Бескишкина С.Н. и Спотапуло Н.К. к К.Э. Циолковскому. Вид материала: письмо Способ воспроизведения: автограф Языки: русский,6,6,ok
Опись 4,4,0096,1115,Письмо студента 4 курса Московского химического техникума Бесчастного Алексея к К.Э. Циолковскому. Вид материала: письмо Способ воспроизведения: автограф Языки: русский,4,4,ok
Опись 4,4,0097,1116,"Письмо учителя, члена ЦГИРДа Бикчентаева Анвера Гадеевича к К.Э. Циолковскому. Вид материала: письмо Способ воспроизведения: автограф Языки: русский",4,4,ok
Опись 4,4,0098,1117,Письмо Бирючинского к К.Э. Циолковскому. Вид материала: письмо Способ воспроизведения: автограф Языки: русский,3,3,ok
Опись 4,4,0099,1118,Письмо инженера Бихеле Глеба к К.Э. Циолковскому. Вид материала: письмо Способ воспроизведения: автограф Языки: русский,8,8,ok
Опись 4,4,0099a,1119,Письма Благовещенского Бориса Сергеевича к К.Э. Циолковскому. Вид материала: письма Способ воспроизведения: автограф Языки: русский,9,9,ok
Опись 4,4,0100,1120,Письма Блохинцева Дмитрия И. к К.Э. Циолковскому. Вид материала: письма Способ воспроизведения: автограф Языки: русский,10,10,ok
Опись 4,4,0101,1121,Письмо Бобовича В.М. к К.Э. Циолковскому. Вид материала: письмо Способ воспроизведения: автограф Языки: русский,6,6,ok
Опись 4,4,0102,1122,Письмо Богданова П.С. к К.Э. Циолковскому. Вид материала: письмо Способ воспроизведения: автограф Языки: русский,3,3,ok
Опись 4,4,0103,1123,Письмо инженера-технопога пирогенных процессов Московского технологического института Богодарова А.Н. к К.Э. Циолковскому. Вид материала: письмо Способ воспроизведения: автограф Языки: русский,9,9,ok
Опись 4,4,0104,1124,Письмо Богольнова Михаила к К.Э. Циолковскому. Вид материала: письмо Способ воспроизведения: автограф Языки: русский,3,3,ok
Опись 4,4,0105,1125,Письмо Бодло А.А. к К.Э. Циолковскому. Вид материала: письмо Способ воспроизведения: автограф Языки: русский,3,3,ok
Опись 4,4,0106,1126,Письмо студента 3 курса наземных сооружений В. Ф.(уч[ебно]-стр[оительный] комбинат) В.А. Бокулева к К.Э. Циолковскому. Вид материала: письмо Способ воспроизведения: автограф Языки: русский,5,5,ok
Опись 4,4,0107,1127,Письмо Болотрикова Павла Ивановича к К.Э. Циолковскому. Вид материала: письмо Способ воспроизведения: автограф Языки: русский,9,9,ok
Опись 4,4,0108,1128,Письма Борисова Александра С. к К.Э. Циолковскому. Вид материала: письма Способ воспроизведения: автограф Языки: русский,9,9,ok
Опись 4,4,0109,1129,Письмо Борисова Ив[ана] Петр[овича] к К.Э. Циолковскому. Вид материала: письмо Способ воспроизведения: автограф Языки: русский,3,3,ok
Опись 4,4,0110,1130,Письма студента П. Борисова к К.Э. Циолковскому. Вид материала: письма Способ воспроизведения: автограф Языки: русский,9,9,ok
Опись 4,4,0111,1131,Письмо Борисовой Нины к К.Э. Циолковскому. Вид материала: письмо Способ воспроизведения: автограф Языки: русский,13,13,ok
Опись 4,4,0112,1132,Письмо сотрудника группы реактивных двигателей [ГРД] Бородаева Ив[ана] к К.Э. Циолковскому. Вид материала: письмо Способ воспроизведения: автограф Языки: русский,4,4,ok
Опись 4,4,0113,1133,Письмо члена общества Р.О.Л.М. Бородулина Николая К. к К.Э. Циолковскому. Вид материала: письмо Способ воспроизведения: автограф Языки: русский,5,5,ok
Опись 4,4,0114,1134,Письмо студента авиационного техникума Н.Н. Боронина к К.Э. Циолковскому. Вид материала: письмо Способ воспроизведения: автограф Языки: русский,3,3,ok
Опись 4,4,0115,1135,Письма студента Электро-механического техникума Борща Виктора Петровича к К.Э. Циолковскому. Вид материала: письма Способ воспроизведения: автограф Языки: русский,11,11,ok
Опись 4,4,0116,1136,Письма Босенко Петра Петровича к К.Э. Циолковскому. Вид материала: письма Способ воспроизведения: автограф Языки: русский,20,20,ok
Опись 4,4,0117,1137,Письмо лектора-антирелигиозника (педагога) Ю.В. Бошенятова к К.Э. Циолковскому. Вид материала: письмо Способ воспроизведения: автограф Языки: русский,7,7,ok
Опись 4,4,0118,1138,Письма инженера Б.Н. Брандта к К.Э. Циолковскому. Вид материала: письма Способ воспроизведения: автограф Языки: русский,15,15,ok
Опись 4,4,0119,1139,"Письма [агронома, милиоратора] Бровареца Алексея Евдокимовича к К.Э. Циолковскому. Вид материала: письма Способ воспроизведения: автограф Языки: русский",20,20,ok
Опись 4,4,0120,1140,"Письма писателя Брюгеля Веркера (Brugl W.) к К.Э. Циолковскому. Вид материала: письма Способ воспроизведения: автограф Языки: немецкий, русский",17,17,ok
Опись 4,4,0121,1141,Письмо А.П. Булавенко к К.Э. Циолковскому. Вид материала: письмо Способ воспроизведения: автограф Языки: русский,4,4,ok
Опись 4,4,0122,1142,Письмо токаря государственного завода пишущих машин Булатова Рауфа Вафича к К.Э. Циолковскому. Вид материала: письмо Способ воспроизведения: автограф Языки: русский,8,8,ok
Опись 4,4,0123,1143,Письмо Бунескула Евгения Григорьевича к К.Э. Циолковскому. Вид материала: письмо Способ воспроизведения: автограф Языки: русский,4,4,ok
Опись 4,4,0124,1144,Письмо инженера воздушного флота Бураго Георгия Федоровича к К.Э. Циолковскому. Вид материала: письмо Способ воспроизведения: автограф Языки: русский,11,11,ok
Опись 4,4,0125,1145,"Письма поэта-футуриста Бурлюка Давида Давидовича к К.Э. Циолковскому. Вид материала: письма Способ воспроизведения: автограф, машинопись Языки: английский, русский",48,48,ok
Опись 4,4,0126,1146,Письмо А. Бурмистрова к К.Э. Циолковскому. Вид материала: письмо Способ воспроизведения: автограф Языки: русский,3,3,ok
Опись 4,4,0127,1147,Письма Бутурлина Сергея Александровича к К.Э. Циолковскому. Вид материала: письма Способ воспроизведения: автограф Языки: русский,49,49,ok
Опись 4,4,0128,1148,Письмо Буховеца Виталия к К.Э. Циолковскому. Вид материала: письмо Способ воспроизведения: автограф Языки: русский,5,5,ok
Опись 4,4,0129,1149,"Письмо слесаря-инструментальщика, студента 4 курса рабфака Быкова Леонида Тихоновича к К.Э. Циолковскому. Вид материала: письмо Способ воспроизведения: автограф Языки: русский",6,6,ok
Опись 4,4,0130,1150,Письмо изобретателя Ю. Былинского к К.Э. Циолковскому. Вид материала: письмо Способ воспроизведения: автограф Языки: русский,8,8,ok
Опись 4,4,0131,1151,"Письмо юриста Быстрицкого Александра Евгеньевича к К.Э. Циолковскому. Вид материала: письмо Способ воспроизведения: автограф, машинопись Языки: русский",31,31,ok
Опись 4,4,0132,1152,Письмо артиста миманса ГАБТ (мимического ансамбля) Бычкова Гарри к К.Э. Циолковскому. Вид материала: письмо Способ воспроизведения: автограф Языки: русский,8,8,ok
Опись 4,4,0133,1153,Письмо Бычковского Влад[имир]а к К.Э. Циолковскому. Вид материала: письмо Способ воспроизведения: автограф Языки: русский,3,3,ok
Опись 4,4,0134,1154,Письмо А. Вакулича к К.Э. Циолковскому. Вид материала: письмо Способ воспроизведения: автограф Языки: русский,3,3,ok
Опись 4,4,0135,1155,Письмо студента Московского автодорожного института В.П. Ванчурова к К.Э. Циолковскому. Вид материала: письмо Способ воспроизведения: автограф Языки: русский,11,11,ok
Опись 4,4,0136,1156,Письмо педагога-математика Васильева Александра Андреевича к К.Э. Циолковскому. Вид материала: письмо Способ воспроизведения: автограф Языки: русский,3,3,ok
Опись 4,4,0137,1157,Письма Л.А. Васильева к К.Э. Циолковскому. Вид материала: письма Способ воспроизведения: автограф Языки: русский,13,13,ok
Опись 4,4,0138,1158,Письма студента Ленинградского авиатехникума Васяева Григория к К.Э. Циолковскому. Вид материала: письма Способ воспроизведения: автограф Языки: русский,8,8,ok
Опись 4,4,0139,1159,Письмо В. Венгерова к К.Э. Циолковскому. Вид материала: письмо Способ воспроизведения: автограф Языки: русский,7,7,ok
Опись 4,4,0140,1160,Письма Верьяненкова Якова Карповича к К.Э. Циолковскому. Вид материала: письма Способ воспроизведения: автограф Языки: русский,9,9,ok
Опись 4,4,0141,1161,Письмо Т.Е. Вестмана к К.Э. Циолковскому. Вид материала: письмо Способ воспроизведения: автограф Языки: русский,7,7,ok
Опись 4,4,0142,1162,Письмо профессора Ветчинкина Владимира Петровича к К.Э. Циолковскому. Вид материала: письмо Способ воспроизведения: автограф Языки: русский,4,4,ok
Опись 4,4,0143,1163,"Письмо инженера, доцента Ленинградского Лесного института Ветчинкина Николая Сергеевича к К.Э. Циолковскому. Вид материала: письмо Способ воспроизведения: машинопись Языки: русский",3,3,ok
Опись 4,4,0144,1164,Письмо школьников В. Вигдерчана и А. Гауза к К.Э. Циолковскому. Вид материала: письмо Способ воспроизведения: автограф Языки: русский,9,9,ok
Опись 4,4,0145,1165,Письмо Виницкой Ольги В. к К.Э. Циолковскому. Вид материала: письмо Способ воспроизведения: автограф Языки: русский,6,6,ok
Опись 4,4,0146,1166,"Письмо ассистента секретаря Королевского общества Р. Винкворта (Winckworth R) к К.Э. Циолковскому. Вид материала: письмо Способ воспроизведения: машинопись Языки: английский, русский",2,2,ok
Опись 4,4,0147,1167,Письмо учителя К. Виноградова к К.Э. Циолковскому. Вид материала: письмо Способ воспроизведения: автограф Языки: русский,5,5,ok
Опись 4,4,0148,1168,Письмо студента 4 курса Московского авиационного института Винокура Ильи Федоровича к К.Э. Циолковскому. Вид материала: письмо Способ воспроизведения: автограф Языки: русский,3,3,ok
Опись 4,4,0149,1169,Письма начальника отрганизационного отдела общего отдела Главвоздухфлота Вишнева Владимира Михайловича к К.Э. Циолковскому. Вид материала: письма Способ воспроизведения: автограф Языки: русский,74,74,ok
Опись 4,4,0150,1170,Письмо Н. Вишнякова к К.Э. Циолковскому. Вид материала: письмо Способ воспроизведения: автограф Языки: русский,3,3,ok
Опись 4,4,0151,1171,Письмо Вишнякова Сергея Владимировича к К.Э. Циолковскому. Вид материала: письмо Способ воспроизведения: автограф Языки: русский,3,3,ok
Опись 4,4,0152,1172,Письмо Войды Александра Николаевича к К.Э. Циолковскому. Вид материала: письмо Способ воспроизведения: автограф Языки: русский,9,9,ok
Опись 4,4,0153,1173,Письма Волкова Ивана Ивановича к К.Э. Циолковскому. Вид материала: письма Способ воспроизведения: автограф Языки: русский,12,12,ok
Опись 4,4,0154,1174,"Письмо Студента 3 курса Ленинградского индустриального политехникума, Волкова Ник[олая] Зос[имовича] к К.Э. Циолковскому. Вид материала: письмо Способ воспроизведения: автограф Языки: русский",8,8,ok
Опись 4,4,0155,1175,Письма Н.М. Волкова к К.Э. Циолковскому. Вид материала: письма Способ воспроизведения: автограф Языки: русский,57,57,ok
Опись 4,4,0156,1176,Письмо Волынской Марии Алексеевны к К.Э. Циолковскому. Вид материала: письмо Способ воспроизведения: автограф Языки: русский,3,3,ok
Опись 4,4,0157,1177,"Письма инженера, преподавателя Института инженеров путей сообщения, Ленинградского Политехнического института и Военной воздухоплавательной школы к К.Э. Циолковскому. Вид материала: письма Способ воспроизведения: автограф, машинопись Языки: английский, русский",47,47,ok
Опись 4,4,0158,1178,Письмо инженера Воробьева Бориса Никитича к К.Э. Циолковскому. Вид материала: письмо Способ воспроизведения: автограф Языки: русский,7,7,ok
Опись 4,4,0159,1179,Письмо Воробьёвой Варвары Ивановны к К.Э. Циолковскому. Вид материала: письмо Способ воспроизведения: автограф Языки: русский,3,3,ok
Опись 4,4,0160,1180,Письмо В.В. Ворошилова к К.Э. Циолковскому. Вид материала: письмо Способ воспроизведения: автограф Языки: русский,3,3,ok
Опись 4,4,0161,1181,Письмо Н.Д. Восокобойникова к К.Э. Циолковскому. Вид материала: письмо Способ воспроизведения: автограф Языки: русский,3,3,ok
Опись 4,4,0162,1182,Письма Выгузова Александра Андреевича к К.Э. Циолковскому. Вид материала: письма Способ воспроизведения: автограф Языки: русский,5,5,ok
Опись 4,4,0163,1183,Письмо Гаврилова к К.Э. Циолковскому. Вид материала: письмо Способ воспроизведения: автограф Языки: русский,3,3,ok
Опись 4,4,0164,1184,Письма Галаховой Варвары Яковлевной к К.Э. Циолковскому. Вид материала: письма Способ воспроизведения: автограф Языки: русский,10,10,ok
Опись 4,4,0165,1185,Письмо В. Галицкого к К.Э. Циолковскому. Вид материала: письмо Способ воспроизведения: автограф Языки: русский,4,4,ok
Опись 4,4,0166,1186,Письма Галкина Нила к К.Э. Циолковскому. Вид материала: письма Способ воспроизведения: автограф Языки: русский,13,13,ok
Опись 4,4,0167,1187,Письма М.А. Гарбузова к К.Э. Циолковскому. Вид материала: письма Способ воспроизведения: автограф Языки: русский,9,9,ok
Опись 4,4,0168,1188,Письмо Гейнаца Игоря Григорьевича к К.Э. Циолковскому. Вид материала: письмо Способ воспроизведения: автограф Языки: русский,10,10,ok
Опись 4,4,0169,1189,Письма писателя Геко Юрия Вячеславовича к К.Э. Циолковскому. Вид материала: письма Способ воспроизведения: автограф Языки: русский,14,14,ok
Опись 4,4,0170,1190,"Письмо рабочего завода ""Самоточка"", студента ВТУЗа Герасимова Марка к К.Э. Циолковскому. Вид материала: письмо Способ воспроизведения: автограф Языки: русский",5,5,ok
Опись 4,4,0171,1191,"Письма технического редактора журнала ""Аэростат"", издаваемого ОДВФ РСФСР, Германа Юрия Николаевича к К.Э. Циолковскому. Вид материала: письма Способ воспроизведения: автограф Языки: русский",20,20,ok
Опись 4,4,0172,1192,Письмо Гильберта Степана Фомича к К.Э. Циолковскому. Вид материала: письмо Способ воспроизведения: автограф Языки: русский,10,10,ok
Опись 4,4,0173,1193,Письмо Я.С. Гинцбурга к К.Э. Циолковскому. Вид материала: письмо Способ воспроизведения: автограф Языки: русский,4,4,ok
Опись 4,4,0174,1194,Письмо слушателя Академии Военно-воздушного флота РККА Глазова Сергея Сергеевича к К.Э. Циолковскому. Вид материала: письмо Способ воспроизведения: автограф Языки: русский,6,6,ok
Опись 4,4,0175,1195,Письмо писателя Глебова к К.Э. Циолковскому. Вид материала: письмо Способ воспроизведения: автограф Языки: русский,3,3,ok
Опись 4,4,0176,1196,Письмо Б.В. Глебовича к К.Э. Циолковскому. Вид материала: письмо Способ воспроизведения: автограф Языки: русский,5,5,ok
Опись 4,4,0177,1197,Письмо Глухарева Николая Поликар[повича] к К.Э. Циолковскому. Вид материала: письмо Способ воспроизведения: автограф Языки: русский,4,4,ok
Опись 4,4,0178,1198,"Письма инженера Глушко Валентина Петровича к К.Э. Циолковскому. Вид материала: письма Способ воспроизведения: автограф, машинопись Языки: русский",54,54,ok
Опись 4,4,0179,1199,Письма Голитовского Геннадия к К.Э. Циолковскому. Вид материала: письма Способ воспроизведения: автограф Языки: русский,7,7,ok
Опись 4,4,0180,1200,Письмо студентов 1-го Петроградского политехнического института им. Калинина Л. Голубева и К. Кор[...]а к К.Э. Циолковскому. Вид материала: письмо Способ воспроизведения: автограф Языки: русский,5,5,ok
Опись 4,4,0181,1201,Письма бывшего ученика Калужского уездного училища Гольцова Ивана Алексеевича к К.Э. Циолковскому. Вид материала: письма Способ воспроизведения: автограф Языки: русский,8,8,ok
Опись 4,4,0181а,1202,"Письма А.Н. Гордова к К.Э. Циолковскому. Вид материала: письма Способ воспроизведения: автограф Языки: русский, украинский",7,7,ok
Опись 4,4,0182,1203,Письмо С.И. Городова к К.Э. Циолковскому. Вид материала: письмо Способ воспроизведения: автограф Языки: русский,4,4,ok
Опись 4,4,0183,1204,Телеграмма писателя М. Горького [Алексей Максимович Пешков] к К.Э. Циолковскому. Вид материала: телеграмма Способ воспроизведения: автограф Языки: русский,2,2,ok
Опись 4,4,0184,1205,Письмо члена кружка любителей физики и астрономии Горяинова к К.Э. Циолковскому. Вид материала: письмо Способ воспроизведения: автограф Языки: русский,3,3,ok
Опись 4,4,0185,1206,Письмо Гофедитца Ник[олая] к К.Э. Циолковскому. Вид материала: письмо Способ воспроизведения: автограф Языки: русский,6,6,ok
Опись 4,4,0186,1207,Письмо писателя Граве Сергея Людвиговича к К.Э. Циолковскому. Вид материала: письмо Способ воспроизведения: автограф Языки: русский,3,3,ok
Опись 4,4,0187,1208,Письмо красноармейца Гребенюка к К.Э. Циолковскому. Вид материала: письмо Способ воспроизведения: автограф Языки: русский,3,3,ok
Опись 4,4,0188,1209,Письма Грибакина Германа Васильевича к К.Э. Циолковскому. Вид материала: письма Способ воспроизведения: автограф Языки: русский,5,5,ok
Опись 4,4,0189,1210,Письмо учителя Григорьева Аркадия Петровича к К.Э. Циолковскому. Вид материала: письмо Способ воспроизведения: автограф Языки: русский,5,5,ok
Опись 4,4,0190,1211,Письмо Григорьева А.Я к К.Э. Циолковскому. Вид материала: письмо Способ воспроизведения: автограф Языки: русский,3,3,ok
Опись 4,4,0191,1212,Письмо студента машиностроительного факультета Московского ВТУЗа Григорьева Сергея Николаевича к К.Э. Циолковскому. Вид материала: письмо Способ воспроизведения: автограф Языки: русский,5,5,ok
Опись 4,4,0192,1213,Письма студента Высшего Московского технического училища инженерно-строительного факультета Груздева Петра Алексеевича к К.Э. Циолковскому. Вид материала: письма Способ воспроизведения: автограф Языки: русский,14,14,ok
Опись 4,4,0193,1214,Письма от В. Гулина к К.Э. Циолковскому. Вид материала: письма Способ воспроизведения: автограф Языки: русский,34,34,ok
Опись 4,4,0194,1215,Письмо М. Гуревича к К.Э. Циолковскому. Вид материала: письмо Способ воспроизведения: автограф Языки: русский,3,3,ok
Опись 4,4,0195,1216,Письмо профессора Смоленского государственного университета М. Даняна к К.Э. Циолковскому. Вид материала: письмо Способ воспроизведения: автограф Языки: русский,5,5,ok
Опись 4,4,0196,1217,"Письмо [писателя] Дашевского Бориса Леонтьевича к К.Э. Циолковскому. Вид материала: письмо Способ воспроизведения: автограф, машинопись Языки: русский",6,6,ok
Опись 4,4,0197,1218,Письмо Демидова Константина Васильевича к К.Э. Циолковскому. Вид материала: письмо Способ воспроизведения: автограф Языки: русский,6,6,ok
Опись 4,4,0198,1219,Письмо студента МИЭИ Демина Алексея Петровича к К.Э. Циолковскому. Вид материала: письмо Способ воспроизведения: автограф Языки: русский,7,7,ok
Опись 4,4,0199,1220,Письмо Н. Дерибазова к К.Э. Циолковскому. Вид материала: письмо Способ воспроизведения: автограф Языки: русский,3,3,ok
Опись 4,4,0200,1221,Письмо аспиранта НИИ физики инженера электромеханика Лаборатории Московского электрозавода Джапаридзе Виктора Аркадьевича к К.Э. Циолковскому. Вид материала: письмо Способ воспроизведения: автограф Языки: русский,5,5,ok
Опись 4,4,0201,1222,"Письма учительницы Дмитриевой Елизаветы Николаевны, жены авиатора Дмитриева Николая Михайловича к К.Э. Циолковскому. Вид материала: письма Способ воспроизведения: автограф Языки: русский",23,23,ok
Опись 4,4,0202,1223,Письмо Дневского Ивана Александровича к К.Э. Циолковскому. Вид материала: письмо Способ воспроизведения: автограф Языки: русский,6,6,ok
Опись 4,4,0203,1224,Письмо Добрецова Николая Николаевича к К.Э. Циолковскому. Вид материала: письмо Способ воспроизведения: автограф Языки: русский,5,5,ok
Опись 4,4,0204,1225,Письмо Доброгаева Игоря к К.Э. Циолковскому. Вид материала: письмо Способ воспроизведения: автограф Языки: русский,3,3,ok
Опись 4,4,0205,1226,Письмо Дондука Виктора к К.Э. Циолковскому. Вид материала: письмо Способ воспроизведения: автограф Языки: русский,5,5,ok
Опись 4,4,0206,1227,Письмо слесаря И. Доронина к К.Э. Циолковскому. Вид материала: письмо Способ воспроизведения: автограф Языки: русский,3,3,ok
Опись 4,4,0207,1228,Письмо профессора Сибирской сельскохозяйственной Академии Драверта Петра Людовиков[ича] к К.Э. Циолковскому. Вид материала: письмо Способ воспроизведения: автограф Языки: русский,6,6,ok
Опись 4,4,0208,1229,"Письмо инженера-конструктора С.Н. Драновского к К.Э. Циолковскому. Вид материала: письмо Способ воспроизведения: автограф, машинопись Языки: русский",14,14,ok
Опись 4,4,0209,1230,Письмо Драчука Сергея Матвеевича к К.Э. Циолковскому. Вид материала: письмо Способ воспроизведения: автограф Языки: русский,6,6,ok
Опись 4,4,0210,1231,Письмо члена Русского общества любителей мироведения (РОЛМ) Р.Л. Дрейзина к К.Э. Циолковскому. Вид материала: письмо Способ воспроизведения: автограф Языки: русский,3,3,ok
Опись 4,4,0211,1232,Письма члена Русского общества любителей мироведения (РОЛМ) С. Дроздова к К.Э. Циолковскому. Вид материала: письма Способ воспроизведения: автограф Языки: русский,10,10,ok
Опись 4,4,0212,1233,Письмо рабочего М.К. Дружинина к К.Э. Циолковскому. Вид материала: письмо Способ воспроизведения: автограф Языки: русский,4,4,ok
Опись 4,4,0213,1234,Письмо Н. Дубинского к К.Э. Циолковскому. Вид материала: письмо Способ воспроизведения: автограф Языки: русский,7,7,ok
Опись 4,4,0214,1235,Письмо Дугина Сергея Александровича к К.Э. Циолковскому. Вид материала: письмо Способ воспроизведения: автограф Языки: русский,7,7,ok
Опись 4,4,0215,1236,Письма председателя кружка юных любителей астрономии и физики Думаревского Сергея Сергеевича к К.Э. Циолковскому. Вид материала: письма Способ воспроизведения: автограф Языки: русский,13,13,ok
Опись 4,4,0216,1237,Письмо журналиста В.А. Дылева к К.Э. Циолковскому. Вид материала: письмо Способ воспроизведения: автограф Языки: русский,4,4,ok
Опись 4,4,0217,1238,Письма учителя Технической школы И.А. Дьякова к К.Э. Циолковскому. Вид материала: письма Способ воспроизведения: автограф Языки: русский,5,5,ok
Опись 4,4,0218,1239,Письмо Дюнина Аркадия Константиновича к К.Э. Циолковскому. Вид материала: письмо Способ воспроизведения: автограф Языки: русский,30,30,ok
Опись 4,4,0219,1240,Письмо профессора Томского технологического института М.И. Евдокимова-Ростоцкого к К.Э. Циолковскому. Вид материала: письмо Способ воспроизведения: автограф Языки: русский,3,3,ok
Опись 4,4,0220,1241,Письмо журналиста С.С. Емелина к К.Э. Циолковскому. Вид материала: письмо Способ воспроизведения: автограф Языки: русский,4,4,ok
Опись 4,4,0221,1242,Письмо Емельянова Ал. Ив[ановича] к К.Э. Циолковскому. Вид материала: письмо Способ воспроизведения: автограф Языки: русский,5,5,ok
Опись 4,4,0222,1243,Письмо студента Есменского Игоря к К.Э. Циолковскому. Вид материала: письмо Способ воспроизведения: автограф Языки: русский,4,4,ok
Опись 4,4,0223,1244,Письмо Ефимова Вл[адимира] Вас[ильевича] к К.Э. Циолковскому. Вид материала: письмо Способ воспроизведения: автограф Языки: русский,4,4,ok
Опись 4,4,0224,1245,Письма начинающего писателя Ефременкова Василия Конс[тантиновича] к К.Э. Циолковскому. Вид материала: письма Способ воспроизведения: автограф Языки: русский,5,5,ok
Опись 4,4,0225,1246,Письмо преподавателя курсов Ефремова Леонида Ник. к К.Э. Циолковскому. Вид материала: письмо Способ воспроизведения: автограф Языки: русский,3,3,ok
Опись 4,4,0226,1247,Письмо секретаря научно-технического кружка авиастроительного факультета Ленинградского политехнического института им. М.И. Калинина Н. Ефремова к К.Э. Циолковскому. Вид материала: письмо Способ воспроизведения: машинопись Языки: русский,4,4,ok
Опись 4,4,0227,1248,Письма Желтова Федора Алексеевича к К.Э. Циолковскому. Вид материала: письма Способ воспроизведения: автограф Языки: русский,6,6,ok
Опись 4,4,0228,1249,Письмо сотрудника физико-механического института инженерной Акакдемии Н.А. Желудева к К.Э. Циолковскому. Вид материала: письмо Способ воспроизведения: автограф Языки: русский,3,3,ok
Опись 4,4,0229,1250,"Письмо инженера-механика, конструктора преподавателя ВУЗ-ов Л. Жигалина к К.Э. Циолковскому. Вид материала: письмо Способ воспроизведения: автограф Языки: русский",5,5,ok
Опись 4,4,0230,1251,"Письмо инструментальщика спичечной фабрики ""Красная звезда"" Жукова Василия Григорьевича к К.Э. Циолковскому. Вид материала: письмо Способ воспроизведения: автограф Языки: русский",4,4,ok
Опись 4,4,0231,1252,Письмо инженера И.Д. Жукова к К.Э. Циолковскому. Вид материала: письмо Способ воспроизведения: автограф Языки: русский,4,4,ok
Опись 4,4,0232,1253,Письма кинорежиссера Журавлева Василия Николаевича к К.Э. Циолковскому. Вид материала: письма Способ воспроизведения: автограф Языки: русский,20,20,ok
Опись 4,4,0233,1254,Письма литератора Заболоцкого Николая Алексеевича к К.Э. Циолковскому. Вид материала: письма Способ воспроизведения: автограф Языки: русский,20,20,ok
Опись 4,4,0234,1255,Письмо студента Днепропетровского Горного института геологоразведочного факультета Заводовского Василия Ивановича к К.Э. Циолковскому. Вид материала: письмо Способ воспроизведения: автограф Языки: русский,4,4,ok
Опись 4,4,0235,1256,Письмо надсмотрщика телеграфа Закауро Александра Никифоровича к К.Э. Циолковскому. Вид материала: письмо Способ воспроизведения: машинопись Языки: русский,9,9,ok
Опись 4,4,0236,1257,Письмо П. Зальцмана к К.Э. Циолковскому. Вид материала: письмо Способ воспроизведения: автограф Языки: русский,6,6,ok
Опись 4,4,0237,1258,Письма П.А. Запольского к К.Э. Циолковскому. Вид материала: письма Способ воспроизведения: автограф Языки: русский,5,5,ok
Опись 4,4,0238,1259,Письмо штурмана дальнего плаванья Заславского Владимира Алексеевича к К.Э. Циолковскому. Вид материала: письмо Способ воспроизведения: автограф Языки: русский,4,4,ok
Опись 4,4,0239,1260,Письмо учителя Захарина Ивана Николаевича к К.Э. Циолковскому. Вид материала: письмо Способ воспроизведения: автограф Языки: русский,9,9,ok
Опись 4,4,0240,1261,Письмо Захарова М. к К.Э. Циолковскому. Вид материала: письмо Способ воспроизведения: автограф Языки: русский,4,4,ok
Опись 4,4,0241,1262,Письмо Зеленкова Василия Васильевича к К.Э. Циолковскому. Вид материала: письмо Способ воспроизведения: машинопись Языки: русский,5,5,ok
Опись 4,4,0242,1263,Письмо химика Зиновьева Михаила Григорьевича к К.Э. Циолковскому. Вид материала: письмо Способ воспроизведения: автограф Языки: русский,6,6,ok
Опись 4,4,0243,1264,Письмо рабочего-монтера телефона и телеграфа Знатнова Николая Васильевича к К.Э. Циолковскому. Вид материала: письмо Способ воспроизведения: автограф Языки: русский,7,7,ok
Опись 4,4,0244,1265,Письмо Зонтарева А. к К.Э. Циолковскому. Вид материала: письмо Способ воспроизведения: автограф Языки: русский,3,3,ok
Опись 4,4,0245,1266,Письма художника Зотова Владимира Семеновича к К.Э. Циолковскому. Вид материала: письма Способ воспроизведения: автограф Языки: русский,9,9,ok
Опись 4,4,0246,1267,Письма профессора Харьковского Технологического института Зуева М.Д. к К.Э. Циолковскому. Вид материала: письма Способ воспроизведения: автограф Языки: русский,5,5,ok
Опись 4,4,0247,1268,Письма графолога-эксперта Зуева-Инсарова Дмитрия Митрофановича к К.Э. Циолковскому. Вид материала: письма Способ воспроизведения: автограф Языки: русский,9,9,ok
Опись 4,4,0248,1269,Письма командира Красной Армии Иванова А.И. к К.Э. Циолковскому. Вид материала: письма Способ воспроизведения: автограф Языки: русский,14,14,ok
Опись 4,4,0249,1270,Письма Иванова Александра к К.Э. Циолковскому. Вид материала: письма Способ воспроизведения: автограф Языки: русский,7,7,ok
Опись 4,4,0250,1271,Письмо Иванова Григория Григорьевича к К.Э. Циолковскому. Вид материала: письмо Способ воспроизведения: автограф Языки: русский,3,3,ok
Опись 4,4,0251,1272,Письма [учителя] Иванова П. к К.Э. Циолковскому. Вид материала: письма Способ воспроизведения: автограф Языки: русский,9,9,ok
Опись 4,4,0252,1273,Письмо ученика школы ФЗУ Иванова Ю. к К.Э. Циолковскому. Вид материала: письмо Способ воспроизведения: автограф Языки: русский,4,4,ok
Опись 4,4,0253,1274,Письмо инженера Иванова Ю.И. к К.Э. Циолковскому. Вид материала: письмо Способ воспроизведения: автограф Языки: русский,5,5,ok
Опись 4,4,0254,1275,Письмо журналиста Ивановского А.И. к К.Э. Циолковскому. Вид материала: письмо Способ воспроизведения: машинопись Языки: русский,4,4,ok
Опись 4,4,0255,1276,Письмо Иванушкина И. и др. сотрудников Вычислительного Бюро Геодезического комитета ВСНХ к К.Э. Циолковскому. Вид материала: письмо Способ воспроизведения: автограф Языки: русский,3,3,ok
Опись 4,4,0256,1277,Письмо Иванченко А. к К.Э. Циолковскому. Вид материала: письмо Способ воспроизведения: автограф Языки: русский,3,3,ok
Опись 4,4,0257,1278,Письма изобретателя Ивашнина Евгения Васильевича к К.Э. Циолковскому. Вид материала: письма Способ воспроизведения: автограф Языки: русский,28,28,ok
Опись 4,4,0258,1279,Письмо военнослужащего М.К. Иващенко к К.Э. Циолковскому. Вид материала: письмо Способ воспроизведения: автограф Языки: русский,3,3,ok
Опись 4,4,0259,1280,Письмо В. Ильина к К.Э. Циолковскому. Вид материала: письмо Способ воспроизведения: автограф Языки: русский,4,4,ok
Опись 4,4,0260,1281,"Письма члена Президиума Осоавиахима Ф.Н. Ильина к К.Э. Циолковскому. Вид материала: письма, телеграммы Способ воспроизведения: автограф Языки: русский",19,19,ok
Опись 4,4,0262,1282,Письмо сотрудника Мосфильма Л. Инденбом к К.Э. Циолковскому. Вид материала: письмо Способ воспроизведения: автограф Языки: русский,3,3,ok
Опись 4,4,0263,1283,Письмо М. Ионова к К.Э. Циолковскому. Вид материала: письмо Способ воспроизведения: автограф Языки: русский,4,4,ok
Опись 4,4,0264,1284,Письмо Истомина Алексея Сергеевича к К.Э. Циолковскому. Вид материала: письмо Способ воспроизведения: автограф Языки: русский,3,3,ok
Опись 4,4,0265,1285,"Письма инженера, кандидата технических наук Кажинского Бернарда Бернардовича к К.Э. Циолковскому. Вид материала: письма Способ воспроизведения: автограф, машинопись Языки: русский",53,53,ok
Опись 4,4,0266,1286,Письмо Б.И. Калашникова к К.Э. Циолковскому. Вид материала: письмо Способ воспроизведения: автограф Языки: русский,3,3,ok
Опись 4,4,0267,1287,Письмо техника Кальмана к К.Э. Циолковскому. Вид материала: письмо Способ воспроизведения: автограф Языки: русский,5,5,ok
Опись 4,4,0268,1288,Письма Каннинг Лидии Георгиевны к К.Э. Циолковскому. Вид материала: письма Способ воспроизведения: автограф Языки: русский,10,10,ok
Опись 4,4,0269,1289,Письма Каннинга Павла Павловича к К.Э. Циолковскому. Вид материала: письма Способ воспроизведения: автограф Языки: русский,7,7,ok
Опись 4,4,0270,1290,Письма Каракулина Михаила Григорьевича к К.Э. Циолковскому. Вид материала: письма Способ воспроизведения: автограф Языки: русский,6,6,ok
Опись 4,4,0271,1291,Письмо Кардо-Сысоева К.Н. к К.Э. Циолковскому. Вид материала: письмо Способ воспроизведения: автограф Языки: русский,3,3,ok
Опись 4,4,0272,1292,"Письма редактора газеты "" Журнальная летопись"" Картавцова Ильи Михайловича к К.Э. Циолковскому. Вид материала: письма Способ воспроизведения: автограф Языки: русский",5,5,ok
Опись 4,4,0273,1293,Письмо писателя Кассиля Льва Абрамовича к К.Э. Циолковскому. Вид материала: письмо Способ воспроизведения: автограф Языки: русский,5,5,ok
Опись 4,4,0274,1294,Письмо [учителя] Касьянова Василия Тихоновича к К.Э. Циолковскому. Вид материала: письмо Способ воспроизведения: автограф Языки: русский,7,7,ok
Опись 4,4,0275,1295,Письмо И.Д. Катаева к К.Э. Циолковскому. Вид материала: письмо Способ воспроизведения: автограф Языки: русский,3,3,ok
Опись 4,4,0276,1296,Письмо Квятковского В.Станиславовича к К.Э. Циолковскому. Вид материала: письмо Способ воспроизведения: автограф Языки: русский,4,4,ok
Опись 4,4,0277,1297,Письмо Квятковского Станислава Ивановича к К.Э. Циолковскому. Вид материала: письмо Способ воспроизведения: автограф Языки: русский,5,5,ok
Опись 4,4,0278,1298,Письмо продавца книг Кекушева Алексея Степановича к К.Э. Циолковскому. Вид материала: письмо Способ воспроизведения: автограф Языки: русский,9,9,ok
Опись 4,4,0279,1299,Письмо воспитанника детдома Кеммера Якова к К.Э. Циолковскому. Вид материала: письмо Способ воспроизведения: автограф Языки: русский,6,6,ok
Опись 4,4,0280,1300,Письмо Кенина Л. к К.Э. Циолковскому. Вид материала: письмо Способ воспроизведения: автограф Языки: русский,4,4,ok
Опись 4,4,0281,1301,Письма Кириллова Георгия Евгеньевича к К.Э. Циолковскому. Вид материала: письма Способ воспроизведения: автограф Языки: русский,10,10,ok
Опись 4,4,0282,1302,Письма [изобретателя] Киркеля Я.Л. к К.Э. Циолковскому. Вид материала: письма Способ воспроизведения: автограф Языки: русский,13,13,ok
Опись 4,4,0283,1303,Письмо [инженера-дирижаблиста] Кирсанова к К.Э. Циолковскому. Вид материала: письмо Способ воспроизведения: автограф Языки: русский,3,3,ok
Опись 4,4,0284,1304,Письма Кирштейна Олега Оттовича к К.Э. Циолковскому. Вид материала: письма Способ воспроизведения: автограф Языки: русский,16,16,ok
Опись 4,4,0285,1305,Письмо председателя Правления Ветроводсила И.З. Кирьяна к К.Э. Циолковскому. Вид материала: письмо Способ воспроизведения: автограф Языки: русский,3,3,ok
Опись 4,4,0286,1306,Письмо Е. Киселева к К.Э. Циолковскому. Вид материала: письмо Способ воспроизведения: автограф Языки: русский,6,6,ok
Опись 4,4,0286а,1307,Письмо А.К. Кислова к К.Э. Циолковскому. Вид материала: письмо Способ воспроизведения: автограф Языки: русский,4,4,ok
Опись 4,4,0287,1308,Письмо Клибанова к К.Э. Циолковскому. Вид материала: письмо Способ воспроизведения: автограф Языки: русский,3,3,ok
Опись 4,4,0288,1309,Письмо М.И. Климовича к К.Э. Циолковскому. Вид материала: письмо Способ воспроизведения: автограф Языки: русский,7,7,ok
Опись 4,4,0289,1310,Письмо А.С. Кнауба к К.Э. Циолковскому. Вид материала: письмо Способ воспроизведения: автограф Языки: русский,10,10,ok
Опись 4,4,0290,1311,Письмо М. Книповича к К.Э. Циолковскому. Вид материала: письмо Способ воспроизведения: автограф Языки: русский,4,4,ok
Опись 4,4,0291,1312,Письма Ковальчука Мирона Михайловича к К.Э. Циолковскому. Вид материала: письма Способ воспроизведения: автограф Языки: русский,19,19,ok
Опись 4,4,0292,1313,Письма студента Института им. Плеханова Н. Козеренко к К.Э. Циолковскому. Вид материала: письма Способ воспроизведения: автограф Языки: русский,7,7,ok
Опись 4,4,0293,1314,Письмо Р.Н. Козина к К.Э. Циолковскому. Вид материала: письмо Способ воспроизведения: автограф Языки: русский,5,5,ok
Опись 4,4,0294,1315,Письмо Козлова В. [чернорабочий] к К.Э. Циолковскому. Вид материала: письмо Способ воспроизведения: автограф Языки: русский,9,9,ok
Опись 4,4,0295,1316,Письмо Козловского Николая Феофановича к К.Э. Циолковскому. Вид материала: письмо Способ воспроизведения: автограф Языки: русский,3,3,ok
Опись 4,4,0296,1317,Письмо Козминского К.Д к К.Э. Циолковскому. Вид материала: письмо Способ воспроизведения: автограф Языки: русский,3,3,ok
Опись 4,4,0297,1318,Письмо Колгановой М.В. к К.Э. Циолковскому. Вид материала: письмо Способ воспроизведения: автограф Языки: русский,4,4,ok
Опись 4,4,0298,1319,Письмо В.Комарова к К.Э. Циолковскому. Вид материала: письмо Способ воспроизведения: автограф Языки: русский,11,11,ok
Опись 4,4,0299,1320,Письмо механика-изобретателя Кондратюка Юрия Васильевича к К.Э. Циолковскому. Вид материала: письмо Способ воспроизведения: автограф Языки: русский,2,2,ok
Опись 4,4,0300,1321,Письмо Кондрахина Ивана Михайловича к К.Э. Циолковскому. Вид материала: письмо Способ воспроизведения: автограф Языки: русский,5,5,ok
Опись 4,4,0301,1322,"Письмо преподавателя русского языка, бывшего ученика К. Э. Циолковского, Коновалова Григория Дмитриевича к К.Э. Циолковскому. Вид материала: письмо Способ воспроизведения: автограф Языки: русский",7,7,ok
Опись 4,4,0302,1323,Письмо Коноплева Николая Павловича к К.Э. Циолковскому. Вид материала: письмо Способ воспроизведения: автограф Языки: русский,4,4,ok
Опись 4,4,0303,1324,Письмо студента Горного института Коноплева Сергея Петровича к К.Э. Циолковскому. Вид материала: письмо Способ воспроизведения: автограф Языки: русский,3,3,ok
Опись 4,4,0304,1325,Письма научного работника Копорского С.А. к К.Э. Циолковскому. Вид материала: письма Способ воспроизведения: автограф Языки: русский,5,5,ok
Опись 4,4,0305,1326,Письмо Корака к К.Э. Циолковскому. Вид материала: письмо Способ воспроизведения: автограф Языки: русский,7,7,ok
Опись 4,4,0306,1327,Письмо учителя Корвина-Веледницкого Д.И. к К.Э. Циолковскому. Вид материала: письмо Способ воспроизведения: автограф Языки: русский,5,5,ok
Опись 4,4,0308,1328,Письма инженера Корнеева Л.К. к К.Э. Циолковскому. Вид материала: письма Способ воспроизведения: автограф Языки: русский,14,14,ok
Опись 4,4,0309,1329,Письмо дочери Л.К. Корнеева Корнеевой М. к К.Э. Циолковскому. Вид материала: письмо Способ воспроизведения: автограф Языки: русский,4,4,ok
Опись 4,4,0310,1330,Письмо Коробкова Ю. к К.Э. Циолковскому. Вид материала: письмо Способ воспроизведения: автограф Языки: русский,3,3,ok
Опись 4,4,0311,1331,Письма Коршунова Василия Александровича к К.Э. Циолковскому. Вид материала: письма Способ воспроизведения: автограф Языки: русский,6,6,ok
Опись 4,4,0312,1332,Письмо Корякина Василия Никандоровича к К.Э. Циолковскому. Вид материала: письмо Способ воспроизведения: автограф Языки: русский,31,31,ok
Опись 4,4,0313,1333,Письмо рабочего Костина Константина Григорьевича к К.Э. Циолковскому. Вид материала: письмо Способ воспроизведения: автограф Языки: русский,3,3,ok
Опись 4,4,0314,1334,Письмо учителя А.М. Костякова к К.Э. Циолковскому. Вид материала: письмо Способ воспроизведения: автограф Языки: русский,13,13,ok
Опись 4,4,0315,1335,Письмо профессора Сибирского института черных металлов [СИЧМ] П.И. Кохановского к К.Э. Циолковскому. Вид материала: письмо Способ воспроизведения: автограф Языки: русский,3,3,ok
Опись 4,4,0316,1336,Письмо Кошелевой Елены Алексеевны к К.Э. Циолковскому. Вид материала: письмо Способ воспроизведения: автограф Языки: русский,4,4,ok
Опись 4,4,0317,1337,Письмо Кравцова Александра к К.Э. Циолковскому. Вид материала: письмо Способ воспроизведения: автограф Языки: русский,2,2,ok
Опись 4,4,0318,1338,Письмо В.А. Кравцова к К.Э. Циолковскому. Вид материала: письмо Способ воспроизведения: автограф Языки: русский,2,2,ok
Опись 4,4,0319,1339,Письма от школьника В.А. Кравченко к К.Э. Циолковскому. Вид материала: письма Способ воспроизведения: автограф Языки: русский,18,18,ok
Опись 4,4,0320,1340,Письмо Крайнева Василия Федоровича к К.Э. Циолковскому. Вид материала: письмо Способ воспроизведения: автограф Языки: русский,7,7,ok
Опись 4,4,0321,1341,Письмо А.М. Крамаренко к К.Э. Циолковскому. Вид материала: письмо Способ воспроизведения: автограф Языки: русский,3,3,ok
Опись 4,4,0322,1342,Письмо агронома-педагога Н.З. Крачкевича к К.Э. Циолковскому. Вид материала: письмо Способ воспроизведения: автограф Языки: русский,4,4,ok
Опись 4,4,0323,1343,Письма студента Ленинградского политехнического института Ф. Крейна к К.Э. Циолковскому. Вид материала: письма Способ воспроизведения: автограф Языки: русский,9,9,ok
Опись 4,4,0324,1344,Письмо школьника Кривоуса Юрия к К.Э. Циолковскому. Вид материала: письмо Способ воспроизведения: автограф Языки: русский,5,5,ok
Опись 4,4,0325,1345,Письмо студента Института путей сообщения Кривошеина Николая Григорьевича к К.Э. Циолковскому. Вид материала: письмо Способ воспроизведения: автограф Языки: русский,10,10,ok
Опись 4,4,0326,1346,Письмо школьников Б. Кринкина и Н. Горлина к К.Э. Циолковскому. Вид материала: письмо Способ воспроизведения: автограф Языки: русский,8,8,ok
Опись 4,4,0327,1347,Письмо рабочего Кругликова Федора Васильевича к К.Э. Циолковскому. Вид материала: письмо Способ воспроизведения: автограф Языки: русский,4,4,ok
Опись 4,4,0328,1348,Письмо Кружкова Владимира Ивановича к К.Э. Циолковскому. Вид материала: письмо Способ воспроизведения: автограф Языки: русский,5,5,ok
Опись 4,4,0329,1349,Письма Е.И. Крупского к К.Э. Циолковскому. Вид материала: письма Способ воспроизведения: автограф Языки: русский,7,7,ok
Опись 4,4,0330,1350,Письмо Л.Н. Кублицкого к К.Э. Циолковскому. Вид материала: письмо Способ воспроизведения: автограф Языки: русский,3,3,ok
Опись 4,4,0331,1351,Письма Кузьминой Валентины Илларионовны к К.Э. Циолковскому. Вид материала: письма Способ воспроизведения: автограф Языки: русский,16,16,ok
Опись 4,4,0332,1352,Письмо священника Куклина Константина Васильевича к К.Э. Циолковскому. Вид материала: письмо Способ воспроизведения: автограф Языки: русский,4,4,ok
Опись 4,4,0333,1353,Письмо Куликова Петра Адриановича к К.Э. Циолковскому. Вид материала: письмо Способ воспроизведения: автограф Языки: русский,3,3,ok
Опись 4,4,0334,1354,Письмо Куманина Михаила Георгиевича к К.Э. Циолковскому. Вид материала: письмо Способ воспроизведения: автограф Языки: русский,4,4,ok
Опись 4,4,0335,1355,"Письма Куприянова Леонида к К.Э. Циолковскому. Вид материала: письма Способ воспроизведения: автограф, машинопись Языки: русский",10,10,ok
Опись 4,4,0337,1356,Письмо Л.Ю. Курра к К.Э. Циолковскому. Вид материала: письмо Способ воспроизведения: автограф Языки: русский,3,3,ok
Опись 4,4,0338,1357,Письмо Куцева Михаила Ильича к К.Э. Циолковскому. Вид материала: письмо Способ воспроизведения: автограф Языки: русский,9,9,ok
Опись 4,4,0339,1358,Письмо [члена РОЛМ] Лавцовской к К.Э. Циолковскому. Вид материала: письмо Способ воспроизведения: автограф Языки: русский,6,6,ok
Опись 4,4,0340,1359,"Письмо инженера Ладемана Роберта (Lademann R.) к К.Э. Циолковскому. Вид материала: письмо Способ воспроизведения: автограф, машинопись Языки: немецкий, русский, французский",46,46,ok
Опись 4,4,0341,1360,Письмо В. Лазаревой к К.Э. Циолковскому. Вид материала: письмо Способ воспроизведения: автограф Языки: русский,7,7,ok
Опись 4,4,0342,1361,Письма инженера Лангемака Георгия Эриховича к К.Э. Циолковскому. Вид материала: письма Способ воспроизведения: автограф Языки: русский,6,6,ok
Опись 4,4,0343,1362,Письмо инженера Ланского Александра Витальевича к К.Э. Циолковскому. Вид материала: письмо Способ воспроизведения: автограф Языки: русский,4,4,ok
Опись 4,4,0344,1363,Письмо Лапина Александра Дмитриевича к К.Э. Циолковскому. Вид материала: письмо Способ воспроизведения: автограф Языки: русский,4,4,ok
Опись 4,4,0345,1364,"Письма редактора ОНТИ [редакция Госмашметиздат] Латынина Евгения Дмитриевича к К.Э. Циолковскому. Вид материала: письма Способ воспроизведения: автограф, машинопись Языки: русский",11,11,ok
Опись 4,4,0347,1365,Письма Лебедева И.Д. [работник Комитета заготовок при СНК СССР] к К.Э. Циолковскому. Вид материала: письма Способ воспроизведения: автограф Языки: русский,17,17,ok
Опись 4,4,0348,1366,Письма студента МВТУ Лебедева Михаила Евгеньевича к К.Э. Циолковскому. Вид материала: письма Способ воспроизведения: автограф Языки: русский,11,11,ok
Опись 4,4,0349,1367,Письмо С. Лебедева к К.Э. Циолковскому. Вид материала: письмо Способ воспроизведения: автограф Языки: русский,5,5,ok
Опись 4,4,0350,1368,Письма Леви Владимира Ивановича к К.Э. Циолковскому к К.Э. Циолковскому. Вид материала: письма Способ воспроизведения: автограф Языки: русский,9,9,ok
Опись 4,4,0351,1369,Письмо инженера Левитина Исидора Борисовича к К.Э. Циолковскому. Вид материала: письмо Способ воспроизведения: автограф Языки: русский,7,7,ok
Опись 4,4,0352,1370,Письма Левитина Семена Борисовича к К.Э. Циолковскому. Вид материала: письма Способ воспроизведения: автограф Языки: русский,10,10,ok
Опись 4,4,0353,1371,Письма изобретателя Левитского Николая Ф. к К.Э. Циолковскому. Вид материала: письма Способ воспроизведения: автограф Языки: русский,11,11,ok
Опись 4,4,0354,1372,Письмо П.Д. Ледяна к К.Э. Циолковскому. Вид материала: письмо Способ воспроизведения: автограф Языки: русский,3,3,ok
Опись 4,4,0355,1373,"Письма писателя, историка авиации Лея Вилли (Ley Willi) к К.Э. Циолковскому. Вид материала: письма Способ воспроизведения: автограф, машинопись Языки: немецкий, русский",71,71,ok
Опись 4,4,0356,1374,Письма ответственного секретаря Секции междупланетных сообщений ВНО Лейтензена Мориса Гавриловича к К.Э. Циолковскому. Вид материала: письма Способ воспроизведения: автограф Языки: русский,26,26,ok
Опись 4,4,0358,1375,"Письма Я.И. Линцбаха к К.Э. Циолковскому. Вид материала: письма Способ воспроизведения: автограф, машинопись Языки: русский",12,12,ok
Опись 4,4,0359,1376,Письма ученика химико-электротехнической школы Листенгартена Александра к К.Э. Циолковскому. Вид материала: письма Способ воспроизведения: автограф Языки: русский,18,18,ok
Опись 4,4,0360,1377,Письмо школьника Ловля Владимира к К.Э. Циолковскому. Вид материала: письмо Способ воспроизведения: автограф Языки: русский,7,7,ok
Опись 4,4,0361,1378,Письмо студента Механико-машиностроительного института Ломаева к К.Э. Циолковскому. Вид материала: письмо Способ воспроизведения: автограф Языки: русский,4,4,ok
Опись 4,4,0362,1379,Письмо А. Лоренца к К.Э. Циолковскому. Вид материала: письмо Способ воспроизведения: автограф Языки: русский,6,6,ok
Опись 4,4,0363,1380,"Письмо Лохера (H.V. Locher) к К.Э. Циолковскому. Вид материала: письмо Способ воспроизведения: машинопись Языки: немецкий, русский",3,3,ok
Опись 4,4,0364,1381,Письма инженера А.Я. Луганского к К.Э. Циолковскому. Вид материала: письма Способ воспроизведения: автограф Языки: русский,15,15,ok
Опись 4,4,0365,1382,Письмо рабочего-механика Лукашева Сергея к К.Э. Циолковскому. Вид материала: письмо Способ воспроизведения: автограф Языки: русский,6,6,ok
Опись 4,4,0366,1383,Письма Д. Лукьянова к К.Э. Циолковскому. Вид материала: письма Способ воспроизведения: автограф Языки: русский,8,8,ok
Опись 4,4,0367,1384,"Письма студента политехнического института, затем инженера, начальника учебной части авиакурсов Осоавиахима Луценко Емельяна Васильевича к К.Э. Циолковскому. Вид материала: письма Способ воспроизведения: автограф Языки: русский",33,33,ok
Опись 4,4,0368,1385,Письмо Луценко Петра Зиновьевича к К.Э. Циолковскому. Вид материала: письмо Способ воспроизведения: автограф Языки: русский,4,4,ok
Опись 4,4,0369,1386,"Письмо сотрудника газеты ""Славянский вестник"" В.Н. Лучника к К.Э. Циолковскому. Вид материала: письмо Способ воспроизведения: автограф Языки: русский",3,3,ok
Опись 4,4,0370,1387,Письмо Львова Игоря Павловича к К.Э. Циолковскому. Вид материала: письмо Способ воспроизведения: автограф Языки: русский,4,4,ok
Опись 4,4,0371,1388,Письма В.Ф. Лыткина к К.Э. Циолковскому. Вид материала: письма Способ воспроизведения: автограф Языки: русский,9,9,ok
Опись 4,4,0372,1389,Письмо Любавской Екатерины Ивановны к К.Э. Циолковскому. Вид материала: письмо Способ воспроизведения: автограф Языки: русский,3,3,ok
Опись 4,4,0373,1390,Письмо Любарского Эдуарда к К.Э. Циолковскому. Вид материала: письмо Способ воспроизведения: автограф Языки: русский,3,3,ok
Опись 4,4,0374,1391,Письма школьника Любашевского Владислава к К.Э. Циолковскому. Вид материала: письма Способ воспроизведения: автограф Языки: русский,10,10,ok
Опись 4,4,0375,1392,"Письма врача педиатра, мужа сестры К.Э. Циолковского Любимова Александра Дмитриевича к К.Э. Циолковскому. Вид материала: письма Способ воспроизведения: автограф Языки: русский",11,11,ok
Опись 4,4,0376,1393,Письма студента Любимова Александра Николаевича к К.Э. Циолковскому. Вид материала: письма Способ воспроизведения: автограф Языки: русский,15,15,ok
Опись 4,4,0377,1394,Письмо учащегося рабфака Любимова М.М. к К.Э. Циолковскому. Вид материала: письмо Способ воспроизведения: автограф Языки: русский,4,4,ok
Опись 4,4,0378,1395,Письма студента Химико-технологического института Лютершпигеля Григория Б. к К.Э. Циолковскому. Вид материала: письма Способ воспроизведения: автограф Языки: русский,14,14,ok
Опись 4,4,0379,1396,Письмо школьника Ляпунова Б. к К.Э. Циолковскому. Вид материала: письмо Способ воспроизведения: автограф Языки: русский,3,3,ok
Опись 4,4,0380,1397,Письмо слесаря Ляховицкого И.Я. к К.Э. Циолковскому. Вид материала: письмо Способ воспроизведения: автограф Языки: русский,6,6,ok
Опись 4,4,0381,1398,Письма Майнова Владимира Владимировича (профессор эсперанто) к К.Э. Циолковскому. Вид материала: письма Способ воспроизведения: автограф Языки: русский,36,36,ok
Опись 4,4,0382,1399,Письмо Макарова И [авиатехник] к К.Э. Циолковскому. Вид материала: письмо Способ воспроизведения: автограф Языки: русский,3,3,ok
Опись 4,4,0383,1400,Письмо Макарова С. к К.Э. Циолковскому. Вид материала: письмо Способ воспроизведения: автограф Языки: русский,2,2,ok
Опись 4,4,0384,1401,Письмо курсанта Макаровского Л.П. к К.Э. Циолковскому. Вид материала: письмо Способ воспроизведения: автограф Языки: русский,6,6,ok
Опись 4,4,0385,1402,Письмо Максимова Н.И. к К.Э. Циолковскому. Вид материала: письмо Способ воспроизведения: автограф Языки: русский,3,3,ok
Опись 4,4,0386,1403,"Письма ученика Харьковского ФЗД, изобретателя Малкова М.С. к К.Э. Циолковскому. Вид материала: письма Способ воспроизведения: автограф Языки: русский",51,51,ok
Опись 4,4,0387,1404,Письмо Малковых С.и Л.(родители М.С. Малкова) к К.Э. Циолковскому. Вид материала: письмо Способ воспроизведения: автограф Языки: русский,6,6,ok
Опись 4,4,0388,1405,Письма студента Московского авиатехникума Малова Н.Ф.(сын племянницы Циолковского-Елены Иосифовны) к К.Э. Циолковскому. Вид материала: письма Способ воспроизведения: автограф Языки: русский,13,13,ok
Опись 4,4,0389,1406,Письмо Малофеева А. к К.Э. Циолковскому. Вид материала: письмо Способ воспроизведения: автограф Языки: русский,3,3,ok
Опись 4,4,0390,1407,Письмо студента Одесского Госуниверситета Малуко В.А. к К.Э. Циолковскому. Вид материала: письмо Способ воспроизведения: автограф Языки: русский,4,4,ok
Опись 4,4,0391,1408,Письмо школьного работника Манакова Григория И. к К.Э. Циолковскому. Вид материала: письмо Способ воспроизведения: автограф Языки: русский,7,7,ok
Опись 4,4,0392,1409,Письмо Маратканова А.П. к К.Э. Циолковскому. Вид материала: письмо Способ воспроизведения: автограф Языки: русский,5,5,ok
Опись 4,4,0394,1410,Письмо Маркмана А.Л. к К.Э. Циолковскому. Вид материала: письмо Способ воспроизведения: автограф Языки: русский,3,3,ok
Опись 4,4,0395,1411,Письмо члена Русского общества любителей мироведения Мирковича Ал[ек]сандра Александровича к К.Э. Циолковскому. Вид материала: письмо Способ воспроизведения: автограф Языки: русский,7,7,ok
Опись 4,4,0396,1412,Письмо Марченко Михаила Григорьевича к К.Э. Циолковскому. Вид материала: письмо Способ воспроизведения: автограф Языки: русский,4,4,ok
Опись 4,4,0397,1413,Письма изобретателя Маслянского к К.Э. Циолковскому. Вид материала: письма Способ воспроизведения: автограф Языки: русский,6,6,ok
Опись 4,4,0398,1414,Письма изобретателя Матвеева [А.В.] к К.Э. Циолковскому. Вид материала: письма Способ воспроизведения: автограф Языки: русский,12,12,ok
Опись 4,4,0399,1415,Письмо товароведа Матвеева С.И. к К.Э. Циолковскому. Вид материала: письмо Способ воспроизведения: автограф Языки: русский,4,4,ok
Опись 4,4,0400,1416,Письмо Мацака Валентина Гавриловича к К.Э. Циолковскому. Вид материала: письмо Способ воспроизведения: автограф Языки: русский,5,5,ok
Опись 4,4,0401,1417,Письмо Медникова А.А. к К.Э. Циолковскому. Вид материала: письмо Способ воспроизведения: автограф Языки: русский,5,5,ok
Опись 4,4,0402,1418,Письмо Медоусова Н.М. к К.Э. Циолковскому. Вид материала: письмо Способ воспроизведения: автограф Языки: русский,3,3,ok
Опись 4,4,0403,1419,Письмо Мельника Николая Федоровича (изобретатель) к К.Э. Циолковскому. Вид материала: письмо Способ воспроизведения: автограф Языки: русский,4,4,ok
Опись 4,4,0404,1420,Письмо Менделеева Ивана Павловича к К.Э. Циолковскому. Вид материала: письмо Способ воспроизведения: машинопись Языки: русский,3,3,ok
Опись 4,4,0405,1421,"Письмо Меньшикова Владимира Леонидовича к К.Э. Циолковскому. Вид материала: письмо Способ воспроизведения: автограф, машинопись Языки: русский",4,4,ok
Опись 4,4,0406,1422,Письма изобретателя Меркуловского Бориса Леонидовича к К.Э. Циолковскому. Вид материала: письма Способ воспроизведения: автограф Языки: русский,15,15,ok
Опись 4,4,0408,1423,Письмо Микони К.С. к К.Э. Циолковскому. Вид материала: письмо Способ воспроизведения: автограф Языки: русский,3,3,ok
Опись 4,4,0409,1424,Письмо Миленушкина Юрия Ивановича к К.Э. Циолковскому. Вид материала: письмо Способ воспроизведения: автограф Языки: русский,3,3,ok
Опись 4,4,0410,1425,Письмо Милициной Надежды Павловны к К.Э. Циолковскому. Вид материала: письмо Способ воспроизведения: автограф Языки: русский,8,8,ok
Опись 4,4,0411,1426,Письма студента техникума электросвязи Милова Александра к К.Э. Циолковскому. Вид материала: письма Способ воспроизведения: автограф Языки: русский,30,30,ok
Опись 4,4,0412,1427,Письмо военного чиновника Мильшина к К.Э. Циолковскому. Вид материала: письмо Способ воспроизведения: автограф Языки: русский,5,5,ok
Опись 4,4,0413,1428,Письмо Минаева Е.С. к К.Э. Циолковскому. Вид материала: письмо Способ воспроизведения: автограф Языки: русский,4,4,ok
Опись 4,4,0414,1429,Письмо студента Миненко Н.М. к К.Э. Циолковскому. Вид материала: письмо Способ воспроизведения: автограф Языки: русский,5,5,ok
Опись 4,4,0415,1430,Письмо Минина Владимира Леонидовича к К.Э. Циолковскому. Вид материала: письмо Способ воспроизведения: автограф Языки: русский,6,6,ok
Опись 4,4,0416,1431,Письмо учащегося Миронова Василия Тимофеевича к К.Э. Циолковскому. Вид материала: письмо Способ воспроизведения: автограф Языки: русский,4,4,ok
Опись 4,4,0417,1432,Письмо Мирошниченко Степана Корнеевича к К.Э. Циолковскому. Вид материала: письмо Способ воспроизведения: автограф Языки: русский,4,4,ok
Опись 4,4,0418,1433,Письмо учащихся Митекина Ф и других к К.Э. Циолковскому. Вид материала: письмо Способ воспроизведения: автограф Языки: русский,5,5,ok
Опись 4,4,0419,1434,Письмо школьника Михлина Бориса Захаровича к К.Э. Циолковскому. Вид материала: письмо Способ воспроизведения: автограф Языки: русский,5,5,ok
Опись 4,4,0421,1435,"Письма сотрудника ВАСХНИЛ (быв. председатель Ассоциации натуралистов при Главнауке НКП) Модестова Александра Петровича к К.Э. Циолковскому. Вид материала: письма Способ воспроизведения: автограф, машинопись Языки: русский",15,15,ok
Опись 4,4,0422,1436,Письмо учительницы Моисеенко М.В. к К.Э. Циолковскому. Вид материала: письмо Способ воспроизведения: автограф Языки: русский,6,6,ok
Опись 4,4,0423,1437,Письмо Мокрова И.Н. к К.Э. Циолковскому. Вид материала: письмо Способ воспроизведения: автограф Языки: русский,3,3,ok
Опись 4,4,0424,1438,"Письмо корреспондента газеты ""Наша газета"" Монастырева Бориса к К.Э. Циолковскому. Вид материала: письмо Способ воспроизведения: автограф Языки: русский",5,5,ok
Опись 4,4,0425,1439,Письмо В. Моравского к К.Э. Циолковскому. Вид материала: письмо Способ воспроизведения: автограф Языки: русский,3,3,ok
Опись 4,4,0426,1440,Письма школьника Моргулиса Александра Я. к К.Э. Циолковскому. Вид материала: письма Способ воспроизведения: автограф Языки: русский,34,34,ok
Опись 4,4,0427,1441,Письма учащегося Морозова Бориса Степановича к К.Э. Циолковскому. Вид материала: письма Способ воспроизведения: автограф Языки: русский,26,26,ok
Опись 4,4,0428,1442,Письмо Русского общества любителей мироведения Морозова Георгия к К.Э. Циолковскому. Вид материала: письмо Способ воспроизведения: автограф Языки: русский,7,7,ok
Опись 4,4,0429,1443,Письма директора Естественно-Научного института им. Лесгафта Морозова Николая Александровича к К.Э. Циолковскому. Вид материала: письма Способ воспроизведения: автограф Языки: русский,6,6,ok
Опись 4,4,0430,1444,Письмо М.А. Мостовщикова к К.Э. Циолковскому. Вид материала: письмо Способ воспроизведения: автограф Языки: русский,3,3,ok
Опись 4,4,0431,1445,Письмо студента Казанского университета Мохноножкина Анатолия Тимофеевича к К.Э. Циолковскому. Вид материала: письмо Способ воспроизведения: автограф Языки: русский,6,6,ok
Опись 4,4,0432,1446,Письмо Мошкалова Евгения Павловича к К.Э. Циолковскому. Вид материала: письмо Способ воспроизведения: автограф Языки: русский,4,4,ok
Опись 4,4,0433,1447,Письмо землемера Насибова к К.Э. Циолковскому. Вид материала: письмо Способ воспроизведения: автограф Языки: русский,3,3,ok
Опись 4,4,0434,1448,Письмо П. Незнамова к К.Э. Циолковскому. Вид материала: письмо Способ воспроизведения: автограф Языки: русский,3,3,ok
Опись 4,4,0435,1449,Письма Т.А. Немчинова к К.Э. Циолковскому. Вид материала: письма Способ воспроизведения: автограф Языки: русский,6,6,ok
Опись 4,4,0436,1450,Письма А.Н. Нестеренко к К.Э. Циолковскому. Вид материала: письма Способ воспроизведения: автограф Языки: русский,9,9,ok
Опись 4,4,0437,1451,Письмо К. Нечаева к К.Э. Циолковскому. Вид материала: письмо Способ воспроизведения: автограф Языки: русский,4,4,ok
Опись 4,4,0438,1452,Письмо школьника Нечаева Михаила Владимировича к К.Э. Циолковскому. Вид материала: письмо Способ воспроизведения: автограф Языки: русский,5,5,ok
Опись 4,4,0439,1453,Письмо заведующей книжным киоском Нечаевой Марии Андреевны к К.Э. Циолковскому. Вид материала: письмо Способ воспроизведения: автограф Языки: русский,3,3,ok
Опись 4,4,0440,1454,Письмо А. Никитина к К.Э. Циолковскому. Вид материала: письмо Способ воспроизведения: автограф Языки: русский,5,5,ok
Опись 4,4,0441,1455,"Письмо бывшего литсекретаря газеты ""Коммуна"", инженера Никитина Александра Александровича к К.Э. Циолковскому. Вид материала: письмо Способ воспроизведения: автограф Языки: русский",3,3,ok
Опись 4,4,0442,1456,Письмо изобретателя-самоучки Никитина Николая Николаевича к К.Э. Циолковскому. Вид материала: письмо Способ воспроизведения: автограф Языки: русский,4,4,ok
Опись 4,4,0443,1457,Письма работника авиационного завода П.А. Никитина к К.Э. Циолковскому. Вид материала: письма Способ воспроизведения: автограф Языки: русский,10,10,ok
Опись 4,4,0444,1458,Письмо члена Русского общества любителей мироведения А. Николаева к К.Э. Циолковскому. Вид материала: письмо Способ воспроизведения: автограф Языки: русский,3,3,ok
Опись 4,4,0445,1459,Письмо Николаева Леонида Ивановича к К.Э. Циолковскому. Вид материала: письмо Способ воспроизведения: автограф Языки: русский,3,3,ok
Опись 4,4,0446,1460,Письмо Никольской Валентины Алексеевны к К.Э. Циолковскому. Вид материала: письмо Способ воспроизведения: автограф Языки: русский,3,3,ok
Опись 4,4,0447,1461,Письма члена РОЛМ Никольского Константина Ивановича к К.Э. Циолковскому. Вид материала: письма Способ воспроизведения: машинопись Языки: русский,6,6,ok
Опись 4,4,0448,1462,Письма электромеханика Никольского Николая Васильевича к К.Э. Циолковскому. Вид материала: письма Способ воспроизведения: автограф Языки: русский,26,26,ok
Опись 4,4,0449,1463,Письма Б.И. Никулина к К.Э. Циолковскому. Вид материала: письма Способ воспроизведения: автограф Языки: русский,8,8,ok
Опись 4,4,0450,1464,Письмо Новерехова Ивана Ефимовича к К.Э. Циолковскому. Вид материала: письмо Способ воспроизведения: автограф Языки: русский,5,5,ok
Опись 4,4,0451,1465,Письмо Новикова Петра Георгиевича к К.Э. Циолковскому. Вид материала: письмо Способ воспроизведения: автограф Языки: русский,5,5,ok
Опись 4,4,0452,1466,Письмо изобретателя Новоселова Ильи Ивановича к К.Э. Циолковскому. Вид материала: письмо Способ воспроизведения: автограф Языки: русский,9,9,ok
Опись 4,4,0453,1467,Письмо В. Новосельского к К.Э. Циолковскому. Вид материала: письмо Способ воспроизведения: автограф Языки: русский,4,4,ok
Опись 4,4,0454,1468,Письмо сельского учителя Ноллетова Владимира Александровича к К.Э. Циолковскому. Вид материала: письмо Способ воспроизведения: автограф Языки: русский,7,7,ok
Опись 4,4,0455,1469,Письма А.Л. Нутиса к К.Э. Циолковскому. Вид материала: письма Способ воспроизведения: автограф Языки: русский,8,8,ok
Опись 4,4,0456,1470,Письмо художника Оболенского Михаила Васильевича к К.Э. Циолковскому. Вид материала: письмо Способ воспроизведения: автограф Языки: русский,4,4,ok
Опись 4,4,0457,1471,"Письма профессора Оберта Германа (Oberth H.) к К.Э. Циолковскому. Вид материала: письма Способ воспроизведения: автограф, машинопись Языки: немецкий, русский",35,35,ok
Опись 4,4,0458,1472,Письма В.Н. Оводова к К.Э. Циолковскому. Вид материала: письма Способ воспроизведения: автограф Языки: русский,6,6,ok
Опись 4,4,0459,1473,Письма студентки Химического отделения Индустриального техникума Овчинниковой Нонны Васильевны к К.Э. Циолковскому. Вид материала: письма Способ воспроизведения: автограф Языки: русский,6,6,ok
Опись 4,4,0460,1474,Письмо техника-электрика Оганджаняна Карена Рубеновича к К.Э. Циолковскому. Вид материала: письмо Способ воспроизведения: автограф Языки: русский,5,5,ok
Опись 4,4,0461,1475,Письмо слушательницы подготовительных курсов изобретателей Т. Оденовой к К.Э. Циолковскому. Вид материала: письмо Способ воспроизведения: автограф Языки: русский,9,9,ok
Опись 4,4,0462,1476,Письмо А. Окуневой к К.Э. Циолковскому. Вид материала: письмо Способ воспроизведения: автограф Языки: русский,3,3,ok
Опись 4,4,0463,1477,Письма члена Русского общества любителей мироведения Петра Васильевича Оленина к К.Э. Циолковскому. Вид материала: письма Способ воспроизведения: автограф Языки: русский,12,12,ok
Опись 4,4,0464,1478,Письмо [учителя] Н. Олисова к К.Э. Циолковскому. Вид материала: письмо Способ воспроизведения: автограф Языки: русский,3,3,ok
Опись 4,4,0465,1479,Письмо Вл. Ольденборгера к К.Э. Циолковскому. Вид материала: письмо Способ воспроизведения: автограф Языки: русский,3,3,ok
Опись 4,4,0466,1480,Письмо М. Орлова к К.Э. Циолковскому. Вид материала: письмо Способ воспроизведения: автограф Языки: русский,6,6,ok
Опись 4,4,0467,1481,Письмо школьника А. Островского к К.Э. Циолковскому. Вид материала: письмо Способ воспроизведения: автограф Языки: русский,9,9,ok
Опись 4,4,0468,1482,Письмо студента Ленинградского Коммунистического университета И.М. Офеникова к К.Э. Циолковскому. Вид материала: письмо Способ воспроизведения: автограф Языки: русский,3,3,ok
Опись 4,4,0469,1483,Письмо инспектора классов Калужского Епархиального училища Василия Одигитриевского к К.Э. Циолковскому. Вид материала: письмо Способ воспроизведения: автограф Языки: русский,4,4,ok
Опись 4,4,0470,1484,Письмо Павлова Ивана Гавриловича к К.Э. Циолковскому. Вид материала: письмо Способ воспроизведения: автограф Языки: русский,6,6,ok
Опись 4,4,0471,1485,Письмо Н.Ф. Павлова к К.Э. Циолковскому. Вид материала: письмо Способ воспроизведения: автограф Языки: русский,4,4,ok
Опись 4,4,0472,1486,Письмо Александра Павлова к К.Э. Циолковскому. Вид материала: письмо Способ воспроизведения: автограф Языки: русский,7,7,ok
Опись 4,4,0473,1487,Письма А.Р. Палея к К.Э. Циолковскому. Вид материала: письма Способ воспроизведения: автограф Языки: русский,6,6,ok
Опись 4,4,0474,1488,Письмо учителя Палея Исая Цалеровича к К.Э. Циолковскому. Вид материала: письмо Способ воспроизведения: автограф Языки: русский,7,7,ok
Опись 4,4,0475,1489,Письма М. Палканова к К.Э. Циолковскому. Вид материала: письма Способ воспроизведения: автограф Языки: русский,13,13,ok
Опись 4,4,0477,1490,"Письмо работника лесозавода №42, Северного края Панова Алексея Игнатьевича к К.Э. Циолковскому. Вид материала: письмо Способ воспроизведения: автограф Языки: русский",5,5,ok
Опись 4,4,0478,1491,Письмо Н. Панова к К.Э. Циолковскому. Вид материала: письмо Способ воспроизведения: автограф Языки: русский,2,2,ok
Опись 4,4,0479,1492,Письма Папшева Дмитрия Дмитриевича к К.Э. Циолковскому. Вид материала: письма Способ воспроизведения: автограф Языки: русский,7,7,ok
Опись 4,4,0480,1493,"Письма инженера-изобретателя Пастухова Николая Семеновича к К.Э. Циолковскому. Вид материала: письма Способ воспроизведения: автограф, машинопись Языки: русский",27,27,ok
Опись 4,4,0481,1494,Письмо Н. Пашкевича к К.Э. Циолковскому. Вид материала: письмо Способ воспроизведения: автограф Языки: русский,6,6,ok
Опись 4,4,0482,1495,"Письмо писателя Перельмана Якова Исидоровича к К.Э. Циолковскому. Вид материала: письмо Способ воспроизведения: автограф, газетные вырезки, машинопись Языки: русский, французский",119,119,ok
Опись 4,4,0483,1496,Письма К.М. Печурина к К.Э. Циолковскому. Вид материала: письма Способ воспроизведения: автограф Языки: русский,5,5,ok
Опись 4,4,0484,1497,"Письма Пирца Августа к К.Э. Циолковскому. Вид материала: письма Способ воспроизведения: автограф Языки: немецкий, русский, французский",8,8,ok
Опись 4,4,0485,1498,Письмо рабочего-монтера К. Пичугина к К.Э. Циолковскому. Вид материала: письмо Способ воспроизведения: автограф Языки: русский,8,8,ok
Опись 4,4,0486,1499,Письмо Подашевского Бориса Петровича к К.Э. Циолковскому. Вид материала: письмо Способ воспроизведения: автограф Языки: русский,3,3,ok
Опись 4,4,0487,1500,Письмо Подобедовой Анны Акимовны к К.Э. Циолковскому. Вид материала: письмо Способ воспроизведения: автограф Языки: русский,3,3,ok
Опись 4,4,0488,1501,"Письма агронома Подъяпольского Н. и врача Подъяпольской А. к К.Э. Циолковскому. Вид материала: письма Способ воспроизведения: автограф, машинопись Языки: русский",22,22,ok
Опись 4,4,0489,1502,Письма Ивана Борисовича Позняка к К.Э. Циолковскому. Вид материала: письма Способ воспроизведения: автограф Языки: русский,71,71,ok
Опись 4,4,0490,1503,"Письмо изобретателя, пилота-авиатора, члена АИИЗа [Ассоциация изобретателей инвентистов] Полевого А. к К.Э. Циолковскому. Вид материала: письмо Способ воспроизведения: автограф Языки: русский",6,6,ok
Опись 4,4,0491,1504,"Письмо П. В. Полесского к К.Э. Циолковскому. Вид материала: письмо Способ воспроизведения: автограф Языки: русский, украинский",10,10,ok
Опись 4,4,0491a,1505,Письмо библиографа Полосатовой Евгении Владимировны к К.Э. Циолковскому. Вид материала: письмо Способ воспроизведения: автограф Языки: русский,3,3,ok
Опись 4,4,0492,1506,Письмо Михаила Ивановича Полянского к К.Э. Циолковскому. Вид материала: письмо Способ воспроизведения: автограф Языки: русский,3,3,ok
Опись 4,4,0493,1507,Письмо Л. Померанцева к К.Э. Циолковскому. Вид материала: письмо Способ воспроизведения: автограф Языки: русский,7,7,ok
Опись 4,4,0494,1508,Письма Попова Михаила Игнатьевича к К.Э. Циолковскому. Вид материала: письма Способ воспроизведения: автограф Языки: русский,10,10,ok
Опись 4,4,0495,1509,Письмо Гр. Поргина к К.Э. Циолковскому. Вид материала: письмо Способ воспроизведения: автограф Языки: русский,3,3,ok
Опись 4,4,0496,1510,Письма школьника Портного Григория Л. к К.Э. Циолковскому. Вид материала: письма Способ воспроизведения: автограф Языки: русский,11,11,ok
Опись 4,4,0497,1511,Письма С.Ф. Постникова к К.Э. Циолковскому. Вид материала: письма Способ воспроизведения: автограф Языки: русский,6,6,ok
Опись 4,4,0498,1512,Письма Преображенского Андрея Владимировича к К.Э. Циолковскому. Вид материала: письма Способ воспроизведения: автограф Языки: русский,29,29,ok
Опись 4,4,0499,1513,Письмо школьника В.В. Привалова к К.Э. Циолковскому. Вид материала: письмо Способ воспроизведения: автограф Языки: русский,4,4,ok
Опись 4,4,0500,1514,Письмо студента Московского механико-машиностроительного института им. Баумана Прокофьева Вл[адимира] Ник[олаевича] к К.Э. Циолковскому. Вид материала: письмо Способ воспроизведения: автограф Языки: русский,5,5,ok
Опись 4,4,0501,1515,Письмо студента Ленинградского авиационного института А.Л. Простакова к К.Э. Циолковскому. Вид материала: письмо Способ воспроизведения: автограф Языки: русский,5,5,ok
Опись 4,4,0502,1516,Письмо Н. Протопопова к К.Э. Циолковскому. Вид материала: письмо Способ воспроизведения: автограф Языки: русский,6,6,ok
Опись 4,4,0503,1517,Письмо школьника Б. Проценко к К.Э. Циолковскому. Вид материала: письмо Способ воспроизведения: автограф Языки: русский,6,6,ok
Опись 4,4,0504,1518,Письма А.Т. Пружинина к К.Э. Циолковскому. Вид материала: письма Способ воспроизведения: автограф Языки: русский,20,20,ok
Опись 4,4,0505,1519,Письма члена Русского общества любителей мироведения Прянишникова Вас[илия] Осип[овича] к К.Э. Циолковскому. Вид материала: письма Способ воспроизведения: автограф Языки: русский,10,10,ok
Опись 4,4,0506,1520,Письма Н.Е. Пухова к К.Э. Циолковскому. Вид материала: письма Способ воспроизведения: автограф Языки: русский,6,6,ok
Опись 4,4,0507,1521,Письмо члена научно-технического кружка Московского Авиационного института Р. Пятышева к К.Э. Циолковскому. Вид материала: письмо Способ воспроизведения: автограф Языки: русский,4,4,ok
Опись 4,4,0508,1522,Письмо школьника Б. Рабиновича к К.Э. Циолковскому. Вид материала: письмо Способ воспроизведения: автограф Языки: русский,4,4,ok
Опись 4,4,0509,1523,Письма уполномоченного АССНАТа по делу К.Циолковского Рапопорта Якова Айзиковича к К.Э. Циолковскому. Вид материала: письма Способ воспроизведения: автограф Языки: русский,82,82,ok
Опись 4,4,0510,1524,"Письма уполномоченного АССНАТа по делу К.Циолковского Рапопорта Якова Айзиковича к К.Э. Циолковскому. Вид материала: письма, телеграммы Способ воспроизведения: автограф Языки: русский",115,115,ok
Опись 4,4,0511,1525,Письма уполномоченного АССНАТа по делу К.Циолковского Рапопорта Якова Айзиковича к К.Э. Циолковскому. Вид материала: письма Способ воспроизведения: автограф Языки: русский,72,72,ok
Опись 4,4,0512,1526,Письма уполномоченного АССНАТа по делу К.Циолковского Рапопорта Якова Айзиковича к К.Э. Циолковскому. Вид материала: письма Способ воспроизведения: автограф Языки: русский,98,98,ok
Опись 4,4,0513,1527,"Письма уполномоченного АССНАТа по делу К.Циолковского Рапопорта Якова Айзиковича к К.Э. Циолковскому. Вид материала: письма Способ воспроизведения: автограф Языки: немецкий, русский",98,98,ok
Опись 4,4,0514,1528,Письма уполномоченного АССНАТа по делу К.Циолковского Рапопорта Якова Айзиковича к К.Э. Циолковскому. Вид материала: письма Способ воспроизведения: автограф Языки: русский,64,64,ok
Опись 4,4,0515,1529,Письма уполномоченного АССНАТа по делу К.Циолковского Рапопорта Якова Айзиковича к К.Э. Циолковскому. Вид материала: письма Способ воспроизведения: автограф Языки: русский,91,91,ok
Опись 4,4,0516,1530,Письма уполномоченного АССНАТа по делу К.Циолковского Рапопорта Якова Айзиковича к К.Э. Циолковскому. Вид материала: письма Способ воспроизведения: автограф Языки: русский,74,74,ok
Опись 4,4,0517,1531,Письма уполномоченного АССНАТа по делу К.Циолковского Рапопорта Якова Айзиковича к К.Э. Циолковскому. Вид материала: письма Способ воспроизведения: автограф Языки: русский,76,76,ok
Опись 4,4,0518,1532,Письма уполномоченного АССНАТа по делу К.Циолковского Рапопорта Якова Айзиковича к К.Э. Циолковскому. Вид материала: письма Способ воспроизведения: автограф Языки: русский,99,99,ok
Опись 4,4,0519,1533,"Письма уполномоченного АССНАТа по делу К.Циолковского Рапопорта Якова Айзиковича к К.Э. Циолковскому. Вид материала: письма Способ воспроизведения: автограф, машинопись Языки: английский, русский",159,159,ok
Опись 4,4,0520,1534,"Письма уполномоченного АССНАТа по делу К.Циолковского Рапопорта Якова Айзиковича к К.Э. Циолковскому. Вид материала: письма Способ воспроизведения: автограф, машинопись Языки: русский",68,68,ok
Опись 4,4,0521,1535,Письма уполномоченного АССНАТа по делу К.Циолковского Рапопорта Якова Айзиковича к К.Э. Циолковскому. Вид материала: письма Способ воспроизведения: автограф Языки: русский,80,80,ok
Опись 4,4,0522,1536,Письмо Ратнера Павла к К.Э. Циолковскому. Вид материала: письмо Способ воспроизведения: автограф Языки: русский,3,3,ok
Опись 4,4,0523,1537,Письмо Раушенбаха к К.Э. Циолковскому. Вид материала: письмо Способ воспроизведения: автограф Языки: русский,14,14,ok
Опись 4,4,0524,1538,Письма метеоролога Роговского Павла Ивановича к К.Э. Циолковскому. Вид материала: письма Способ воспроизведения: автограф Языки: русский,9,9,ok
Опись 4,4,0525,1539,Письмо В.Д. Родзаевской к К.Э. Циолковскому. Вид материала: письмо Способ воспроизведения: автограф Языки: русский,3,3,ok
Опись 4,4,0526,1540,Письмо зав. учебными мастерскими Калужского Технического училища Василия Георгиевича Родионова к К.Э. Циолковскому. Вид материала: письмо Способ воспроизведения: автограф Языки: русский,5,5,ok
Опись 4,4,0527,1541,Письмо Н.А. Родионова к К.Э. Циолковскому. Вид материала: письмо Способ воспроизведения: автограф Языки: русский,4,4,ok
Опись 4,4,0528,1542,"Письма редактора-издателя журнала ""Летун"" Родных Александра Алексеевича к К.Э. Циолковскому. Вид материала: письма Способ воспроизведения: машинопись Языки: русский",5,5,ok
Опись 4,4,0529,1543,Письма Родюшкина Евгения Ивановича к К.Э. Циолковскому. Вид материала: письма Способ воспроизведения: автограф Языки: русский,23,23,ok
Опись 4,4,0530,1544,"Письмо бывшей ученицы К.Э. Циолковского, статистки Александры Дмитриевны Рождественской к К.Э. Циолковскому. Вид материала: письмо Способ воспроизведения: машинопись Языки: русский",4,4,ok
Опись 4,4,0531,1545,Письмо Юлии Рождественской к К.Э. Циолковскому. Вид материала: письмо Способ воспроизведения: автограф Языки: русский,3,3,ok
Опись 4,4,0532,1546,Письмо Рожкова Анатолия Емельяновича к К.Э. Циолковскому. Вид материала: письмо Способ воспроизведения: автограф Языки: русский,6,6,ok
Опись 4,4,0533,1547,Письма Н.Я. Розенштейна к К.Э. Циолковскому. Вид материала: письма Способ воспроизведения: автограф Языки: русский,16,16,ok
Опись 4,4,0534,1548,"Письма студента, председателя бюро Харьковской реактивной группы военно-научного комитета Виктора Розова к К.Э. Циолковскому. Вид материала: письма Способ воспроизведения: автограф Языки: русский",9,9,ok
Опись 4,4,0536,1549,Письмо Мих[аила] Романенко к К.Э. Циолковскому. Вид материала: письмо Способ воспроизведения: автограф Языки: русский,6,6,ok
Опись 4,4,0537,1550,Письмо школьника Россова Владимира Вл. к К.Э. Циолковскому. Вид материала: письмо Способ воспроизведения: автограф Языки: русский,4,4,ok
Опись 4,4,0538,1551,Письмо инженера Ростовцева к К.Э. Циолковскому. Вид материала: письмо Способ воспроизведения: автограф Языки: русский,3,3,ok
Опись 4,4,0539,1552,Письмо студента физмата Ленинградского университета Ротштейна И.Х. к К.Э. Циолковскому. Вид материала: письмо Способ воспроизведения: автограф Языки: русский,5,5,ok
Опись 4,4,0540,1553,"Письма директора интернационального института психологии и библиографии Рубакина Николая Александровича к К.Э. Циолковскому. Вид материала: письма Способ воспроизведения: машинопись Языки: русский, французский",5,5,ok
Опись 4,4,0541,1554,Письмо почтальона-изобретателя Рубенко В.А. к К.Э. Циолковскому. Вид материала: письмо Способ воспроизведения: автограф Языки: русский,4,4,ok
Опись 4,4,0542,1555,"Письмо школьников, юнтехников Николая Рублева и Владимира Козлова к К.Э. Циолковскому. Вид материала: письмо Способ воспроизведения: автограф Языки: русский",4,4,ok
Опись 4,4,0543,1556,Письмо Руденко Виктора Михайловича к К.Э. Циолковскому. Вид материала: письмо Способ воспроизведения: автограф Языки: русский,3,3,ok
Опись 4,4,0544,1557,Письмо Рудого Павла Павл[овича] к К.Э. Циолковскому. Вид материала: письмо Способ воспроизведения: машинопись Языки: русский,3,3,ok
Опись 4,4,0545,1558,Письмо Румянцева Михаила Е. к К.Э. Циолковскому. Вид материала: письмо Способ воспроизведения: автограф Языки: русский,3,3,ok
Опись 4,4,0546,1559,Письма Ф.А. Русак к К.Э. Циолковскому. Вид материала: письма Способ воспроизведения: автограф Языки: русский,7,7,ok
Опись 4,4,0547,1560,Письмо студента В.А. Рыбчинского к К.Э. Циолковскому. Вид материала: письмо Способ воспроизведения: автограф Языки: русский,3,3,ok
Опись 4,4,0548,1561,"Письма профессора Рынина Николая Алексеевича к К.Э. Циолковскому. Вид материала: письма Способ воспроизведения: автограф Языки: испанский, немецкий, русский",60,60,ok
Опись 4,4,0549,1562,"Письма инженера Владимира Владимировича Рюмина к К.Э. Циолковскому. Вид материала: письма Способ воспроизведения: автограф, машинопись Языки: русский",91,91,ok
Опись 4,4,0550,1563,Письма Савицкого А.К. к К.Э. Циолковскому. Вид материала: письма Способ воспроизведения: автограф Языки: русский,7,7,ok
Опись 4,4,0551,1564,Письмо гимназиста Витольда Савицкого к К.Э. Циолковскому. Вид материала: письмо Способ воспроизведения: автограф Языки: русский,3,3,ok
Опись 4,4,0552,1565,Письмо М.С. Саврона к К.Э. Циолковскому. Вид материала: письмо Способ воспроизведения: автограф Языки: русский,3,3,ok
Опись 4,4,0553,1566,"Письма колхозника, зав. народной астрономической обсерватории, Савченко Ивана Никифоровича к К.Э. Циолковскому. Вид материала: письма Способ воспроизведения: автограф Языки: русский",13,13,ok
Опись 4,4,0554,1567,Письмо представителя группы студентов Сазонова Николая Ивановича к К.Э. Циолковскому. Вид материала: письмо Способ воспроизведения: автограф Языки: русский,4,4,ok
Опись 4,4,0554a,1568,Письма председателя секции научных работников Самойловича Сергея Ивановича к К.Э. Циолковскому. Вид материала: письма Способ воспроизведения: автограф Языки: русский,7,7,ok
Опись 4,4,0555,1569,Письма Самошина Андрея Георгиевича к К.Э. Циолковскому. Вид материала: письма Способ воспроизведения: автограф Языки: русский,19,19,ok
Опись 4,4,0556,1570,"Письма наблюдателя Одесской геофизической обсерватории Санютина Ник[олая] к К.Э. Циолковскому. Вид материала: письма Способ воспроизведения: автограф Языки: русский, украинский",11,11,ok
Опись 4,4,0557,1571,Письмо преподавателя Сафронова Степана Семеновича к К.Э. Циолковскому. Вид материала: письмо Способ воспроизведения: автограф Языки: русский,5,5,ok
Опись 4,4,0558,1572,Письмо преподавателя физики Свиридова Георгия Георгиевича к К.Э. Циолковскому. Вид материала: письмо Способ воспроизведения: автограф Языки: русский,11,11,ok
Опись 4,4,0559,1573,"Письма В.К. Севаева к К.Э. Циолковскому. Вид материала: письма Способ воспроизведения: автограф, машинопись Языки: русский",38,38,ok
Опись 4,4,0560,1574,"Письма преподавателя и машиниста, изобретателей Селезневых А.В. и К.В. к К.Э. Циолковскому. Вид материала: письма Способ воспроизведения: автограф Языки: русский",29,29,ok
Опись 4,4,0561,1575,Письмо члена Русского общества любителей мироведения И. Селецкого к К.Э. Циолковскому. Вид материала: письмо Способ воспроизведения: автограф Языки: русский,5,5,ok
Опись 4,4,0562,1576,Письма профессора Военно-воздушной Академии Семёнова Виктора Ал[ексан]др[овича] к К.Э. Циолковскому. Вид материала: письма Способ воспроизведения: автограф Языки: русский,27,27,ok
Опись 4,4,0563,1577,Письмо Семячкова Феофана Степановича к К.Э. Циолковскому. Вид материала: письмо Способ воспроизведения: автограф Языки: русский,10,10,ok
Опись 4,4,0564,1578,Письмо техника Сибирко к К.Э. Циолковскому. Вид материала: письмо Способ воспроизведения: автограф Языки: русский,4,4,ok
Опись 4,4,0565,1579,Письмо студента Индустриального Института (физмат) С.К. Сидорова к К.Э. Циолковскому. Вид материала: письмо Способ воспроизведения: автограф Языки: русский,6,6,ok
Опись 4,4,0566,1580,Письмо Симанчука Александра Осиповича к К.Э. Циолковскому. Вид материала: письмо Способ воспроизведения: автограф Языки: русский,4,4,ok
Опись 4,4,0567,1581,Письмо Синицкого Владимира Ивановича к К.Э. Циолковскому. Вид материала: письмо Способ воспроизведения: автограф Языки: русский,3,3,ok
Опись 4,4,0568,1582,Письма М.А. Ситникова к К.Э. Циолковскому. Вид материала: письма Способ воспроизведения: автограф Языки: русский,21,21,ok
Опись 4,4,0569,1583,Письмо Скородумова Николая к К.Э. Циолковскому. Вид материала: письмо Способ воспроизведения: автограф Языки: русский,6,6,ok
Опись 4,4,0570,1584,Письма школьника Бориса Слобидкера к К.Э. Циолковскому. Вид материала: письма Способ воспроизведения: автограф Языки: русский,16,16,ok
Опись 4,4,0571,1585,Письмо А. Соломинского к К.Э. Циолковскому. Вид материала: письмо Способ воспроизведения: автограф Языки: русский,3,3,ok
Опись 4,4,0572,1586,Письма Валерия Михайловича Смирнова к К.Э. Циолковскому. Вид материала: письма Способ воспроизведения: автограф Языки: русский,6,6,ok
Опись 4,4,0573,1587,Письмо В.Я. Смирнова к К.Э. Циолковскому. Вид материала: письмо Способ воспроизведения: автограф Языки: русский,3,3,ok
Опись 4,4,0574,1588,Письма З.И. Смирнова к К.Э. Циолковскому. Вид материала: письма Способ воспроизведения: автограф Языки: русский,5,5,ok
Опись 4,4,0575,1589,Письмо студента Белорусского политехнического института Б.М. Смольского к К.Э. Циолковскому. Вид материала: письмо Способ воспроизведения: автограф Языки: русский,5,5,ok
Опись 4,4,0576,1590,"Письма эсперантиста Дмитрия Семеновича Снежко к К.Э. Циолковскому. Вид материала: письма Способ воспроизведения: автограф, машинопись Языки: русский",25,25,ok
Опись 4,4,0577,1591,Письмо Бориса Андреевича Соболева к К.Э. Циолковскому. Вид материала: письмо Способ воспроизведения: автограф Языки: русский,4,4,ok
Опись 4,4,0578,1592,Письмо школьного инструктора политехнического труда В.Ф. Соболева к К.Э. Циолковскому. Вид материала: письмо Способ воспроизведения: автограф Языки: русский,4,4,ok
Опись 4,4,0579,1593,"Письмо Соболевского Вас[илия] И. к К.Э. Циолковскому. Вид материала: письмо Способ воспроизведения: автограф, машинопись Языки: русский",10,10,ok
Опись 4,4,0580,1594,Письма Соваля Я.А. к К.Э. Циолковскому. Вид материала: письма Способ воспроизведения: автограф Языки: русский,6,6,ok
Опись 4,4,0581,1595,Письмо Бориса Дмитриевича Соколова к К.Э. Циолковскому. Вид материала: письмо Способ воспроизведения: автограф Языки: русский,3,3,ok
Опись 4,4,0582,1596,Письмо Владимира Соколова к К.Э. Циолковскому. Вид материала: письмо Способ воспроизведения: автограф Языки: русский,4,4,ok
Опись 4,4,0583,1597,Письма М.М. Соколова к К.Э. Циолковскому. Вид материала: письма Способ воспроизведения: автограф Языки: русский,27,27,ok
Опись 4,4,0584,1598,Письмо Ф. Соколова к К.Э. Циолковскому. Вид материала: письмо Способ воспроизведения: автограф Языки: русский,3,3,ok
Опись 4,4,0585,1599,Письмо Лидии Николаевны Соколовой к К.Э. Циолковскому. Вид материала: письмо Способ воспроизведения: автограф Языки: русский,6,6,ok
Опись 4,4,0585a,1600,Письмо А. и З. Соколовых к К.Э. Циолковскому. Вид материала: письмо Способ воспроизведения: автограф Языки: русский,2,2,ok
Опись 4,4,0586,1601,Письмо Павла Александровича Соколовского к К.Э. Циолковскому. Вид материала: письмо Способ воспроизведения: автограф Языки: русский,3,3,ok
Опись 4,4,0587,1602,Письмо учащегося рабфака Солдатова И.И. к К.Э. Циолковскому. Вид материала: письмо Способ воспроизведения: автограф Языки: русский,4,4,ok
Опись 4,4,0588,1603,Письма сотрудника Ленинградской астрономической обсерватории Соловьева А[лександра] В[асильевича] к К.Э. Циолковскому. Вид материала: письма Способ воспроизведения: автограф Языки: русский,8,8,ok
Опись 4,4,0589,1604,Письма Александра Фёдоровича Соловьёва к К.Э. Циолковскому. Вид материала: письма Способ воспроизведения: автограф Языки: русский,5,5,ok
Опись 4,4,0590,1605,"Письма секретаря шефбюро над изобретательством по дирежаблестроению при газете ""Вечерняя Москва"" Солодкова Георгия Ильича к К.Э. Циолковскому. Вид материала: письма Способ воспроизведения: автограф Языки: русский",78,78,ok
Опись 4,4,0591,1606,Письмо школьницы Музы Солодковой к К.Э. Циолковскому. Вид материала: письмо Способ воспроизведения: автограф Языки: русский,4,4,ok
Опись 4,4,0592,1607,Письмо секретаря Туркестанского общества любителей астрономии В. Солодова к К.Э. Циолковскому. Вид материала: письмо Способ воспроизведения: автограф Языки: русский,4,4,ok
Опись 4,4,0593,1608,Письмо преподавателя физики Солока И. к К.Э. Циолковскому. Вид материала: письмо Способ воспроизведения: автограф Языки: русский,9,9,ok
Опись 4,4,0594,1609,Письма Соломонова Николая Алексеевича к К.Э. Циолковскому. Вид материала: письма Способ воспроизведения: автограф Языки: русский,6,6,ok
Опись 4,4,0595,1610,Письма Сомова Василия Ивановича к К.Э. Циолковскому. Вид материала: письма Способ воспроизведения: автограф Языки: русский,9,9,ok
Опись 4,4,0596,1611,Письма изобретателя Соснина Александра Васильевича к К.Э. Циолковскому. Вид материала: письма Способ воспроизведения: автограф Языки: русский,10,10,ok
Опись 4,4,0597,1612,Письмо М. Софроновича-Романченко к К.Э. Циолковскому. Вид материала: письмо Способ воспроизведения: автограф Языки: русский,3,3,ok
Опись 4,4,0598,1613,Письма Валентина Сергеевича Стеблина к К.Э. Циолковскому. Вид материала: письма Способ воспроизведения: автограф Языки: русский,60,60,ok
Опись 4,4,0599,1614,Письмо Степанова Ювеналия Маркеловича к К.Э. Циолковскому. Вид материала: письмо Способ воспроизведения: автограф Языки: русский,5,5,ok
Опись 4,4,0600,1615,Письмо Н. Стобровского к К.Э. Циолковскому. Вид материала: письмо Способ воспроизведения: автограф Языки: русский,4,4,ok
Опись 4,4,0601,1616,Письмо студента строительного техникума Евгения Стратановича к К.Э. Циолковскому. Вид материала: письмо Способ воспроизведения: автограф Языки: русский,5,5,ok
Опись 4,4,0602,1617,Письмо Ф.А. Стрелкина к К.Э. Циолковскому. Вид материала: письмо Способ воспроизведения: автограф Языки: русский,3,3,ok
Опись 4,4,0603,1618,Письма Петра Стрелковского к К.Э. Циолковскому. Вид материала: письма Способ воспроизведения: автограф Языки: русский,5,5,ok
Опись 4,4,0604,1619,Письма Ивана Александровича Субботина к К.Э. Циолковскому. Вид материала: письма Способ воспроизведения: автограф Языки: русский,11,11,ok
Опись 4,4,0605,1620,Письмо изобретателя Субботина П. к К.Э. Циолковскому. Вид материала: письмо Способ воспроизведения: автограф Языки: русский,4,4,ok
Опись 4,4,0606,1621,Письмо Герасима Суравегина к К.Э. Циолковскому. Вид материала: письмо Способ воспроизведения: автограф Языки: русский,4,4,ok
Опись 4,4,0607,1622,Письма художника Сурнина Александра Николаевича к К.Э. Циолковскому. Вид материала: письма Способ воспроизведения: автограф Языки: русский,26,26,ok
Опись 4,4,0608,1623,Письмо Сухотина Александра Михайловича к К.Э. Циолковскому. Вид материала: письмо Способ воспроизведения: автограф Языки: русский,6,6,ok
Опись 4,4,0609,1624,Письмо Сыромятникова Ипполита Семеновича к К.Э. Циолковскому. Вид материала: письмо Способ воспроизведения: автограф Языки: русский,6,6,ok
Опись 4,4,0610,1625,Письмо теплотехника Сыромятникова Николая Ивановича к К.Э. Циолковскому. Вид материала: письмо Способ воспроизведения: автограф Языки: русский,9,9,ok
Опись 4,4,0611,1626,Письмо зам. председателя Комитета по изучению стратосферы ОСОАВИАХИМа Сытина Виктора Александровича к К.Э. Циолковскому. Вид материала: письмо Способ воспроизведения: автограф Языки: русский,3,3,ok
Опись 4,4,0612,1627,Письмо студента Московского Текстильного института В.Н. Татищева к К.Э. Циолковскому. Вид материала: письмо Способ воспроизведения: автограф Языки: русский,3,3,ok
Опись 4,4,0613,1628,Письмо Теплицкого Рувима к К.Э. Циолковскому. Вид материала: письмо Способ воспроизведения: автограф Языки: русский,4,4,ok
Опись 4,4,0614,1629,Письма Теплухина Ник. Ник. к К.Э. Циолковскому. Вид материала: письма Способ воспроизведения: автограф Языки: русский,5,5,ok
Опись 4,4,0615,1630,Письма быв. преподавателя бухгалтерии и коммерческо-финансовых вычислений Тепцова Михаила Никитича к К.Э. Циолковскому. Вид материала: письма Способ воспроизведения: автограф Языки: русский,15,15,ok
Опись 4,4,0616,1631,Письмо Терешина А. к К.Э. Циолковскому. Вид материала: письмо Способ воспроизведения: автограф Языки: русский,3,3,ok
Опись 4,4,0617,1632,Письмо студента Харьковского Авиационного института Тесленко А.И. к К.Э. Циолковскому. Вид материала: письмо Способ воспроизведения: автограф Языки: русский,4,4,ok
Опись 4,4,0618,1633,Письмо Тетёркина Б. к К.Э. Циолковскому. Вид материала: письмо Способ воспроизведения: автограф Языки: русский,2,2,ok
Опись 4,4,0619,1634,Письма инженера Тетиора Н.А. к К.Э. Циолковскому. Вид материала: письма Способ воспроизведения: автограф Языки: русский,7,7,ok
Опись 4,4,0620,1635,Письмо доцента 1-го Московского Государственного университета Тимакова А.Е. к К.Э. Циолковскому. Вид материала: письмо Способ воспроизведения: автограф Языки: русский,3,3,ok
Опись 4,4,0621,1636,Письмо Тимченко А. к К.Э. Циолковскому. Вид материала: письмо Способ воспроизведения: автограф Языки: русский,4,4,ok
Опись 4,4,0622,1637,Письмо Тимченко К.И. к К.Э. Циолковскому. Вид материала: письмо Способ воспроизведения: автограф Языки: русский,3,3,ok
Опись 4,4,0623,1638,Письмо Тихомирова Порфирия Фёдоровича к К.Э. Циолковскому. Вид материала: письмо Способ воспроизведения: автограф Языки: русский,6,6,ok
Опись 4,4,0624,1639,Письма студента медтехникума Тихонова Константина Борисовича к К.Э. Циолковскому. Вид материала: письма Способ воспроизведения: автограф Языки: русский,8,8,ok
Опись 4,4,0625,1640,Письмо Ткешелашвили Георгия к К.Э. Циолковскому. Вид материала: письмо Способ воспроизведения: автограф Языки: русский,5,5,ok
Опись 4,4,0626,1641,Письмо В.Токарева к К.Э. Циолковскому. Вид материала: письмо Способ воспроизведения: автограф Языки: русский,6,6,ok
Опись 4,4,0627,1642,Письмо Токаревича Константина Николаевича к К.Э. Циолковскому. Вид материала: письмо Способ воспроизведения: автограф Языки: русский,4,4,ok
Опись 4,4,0628,1643,Письмо члена русского общества любителей мироведения Торлина А.С. к К.Э. Циолковскому. Вид материала: письмо Способ воспроизведения: автограф Языки: русский,3,3,ok
Опись 4,4,0629,1644,Письмо прораба Третьякова к К.Э. Циолковскому. Вид материала: письмо Способ воспроизведения: автограф Языки: русский,4,4,ok
Опись 4,4,0630,1645,Письмо Трошина Ивана к К.Э. Циолковскому. Вид материала: письмо Способ воспроизведения: автограф Языки: русский,3,3,ok
Опись 4,4,0631,1646,"Письмо слушателя подготовительных курсов в ПедВУЗе, изобретателя Трояновского Василия Митрофановича к К.Э. Циолковскому. Вид материала: письмо Способ воспроизведения: автограф Языки: русский",5,5,ok
Опись 4,4,0632,1647,Письмо школьника Улубекова Аркадия к К.Э. Циолковскому. Вид материала: письмо Способ воспроизведения: автограф Языки: русский,16,16,ok
Опись 4,4,0633,1648,Письма Умфасика Д.Я. к К.Э. Циолковскому. Вид материала: письма Способ воспроизведения: автограф Языки: русский,5,5,ok
Опись 4,4,0635,1649,Письма Урицкого Н. к К.Э. Циолковскому. Вид материала: письма Способ воспроизведения: автограф Языки: русский,28,28,ok
Опись 4,4,0636,1650,Письма заведующей медпунктом Успенской Татьяны Александровны к К.Э. Циолковскому. Вид материала: письма Способ воспроизведения: автограф Языки: русский,61,61,ok
Опись 4,4,0637,1651,Письмо изобретателя Уфимцева А. к К.Э. Циолковскому. Вид материала: письмо Способ воспроизведения: автограф Языки: русский,4,4,ok
Опись 4,4,0638,1652,Письма журналиста Фалина [Макутина] Виктора И. к К.Э. Циолковскому. Вид материала: письма Способ воспроизведения: автограф Языки: русский,5,5,ok
Опись 4,4,0639,1653,Письма изобретателя Федоренкова Н.К. к К.Э. Циолковскому. Вид материала: письма Способ воспроизведения: автограф Языки: русский,27,27,ok
Опись 4,4,0640,1654,Письмо изобретателя Федорова А.П. к К.Э. Циолковскому. Вид материала: письмо Способ воспроизведения: автограф Языки: русский,4,4,ok
Опись 4,4,0641,1655,Письма Федорова А.Я. к К.Э. Циолковскому. Вид материала: письма Способ воспроизведения: автограф Языки: русский,47,47,ok
Опись 4,4,0642,1657,Письмо медицинского работника Федорова М.М. к К.Э. Циолковскому. Вид материала: письмо Способ воспроизведения: автограф Языки: русский,4,4,ok
Опись 4,4,0643,1658,"Письмо инженера-механика Федяевского Константина Константиновича к К.Э. Циолковскому. Вид материала: письмо Способ воспроизведения: автограф, машинопись Языки: русский",15,15,ok
Опись 4,4,0644,1659,Письмо учеников Коростень-Подольской школы Фельдмана М. и других к К.Э. Циолковскому. Вид материала: письмо Способ воспроизведения: автограф Языки: русский,4,4,ok
Опись 4,4,0645,1660,Письмо шахтера Фельсера Александра А. к К.Э. Циолковскому. Вид материала: письмо Способ воспроизведения: автограф Языки: русский,5,5,ok
Опись 4,4,0646,1661,Письмо В.Э. Фербея к К.Э. Циолковскому. Вид материала: письмо Способ воспроизведения: автограф Языки: русский,4,4,ok
Опись 4,4,0647,1662,"Письма Алексея Михайловича Филиппова к К.Э. Циолковскому. Вид материала: письма Способ воспроизведения: автограф, машинопись Языки: русский",14,14,ok
Опись 4,4,0648,1663,Письмо Е.П. Филиппова к К.Э. Циолковскому. Вид материала: письмо Способ воспроизведения: автограф Языки: русский,3,3,ok
Опись 4,4,0649,1664,Письмо студента Московского Горного института И.А. Филиппова к К.Э. Циолковскому. Вид материала: письмо Способ воспроизведения: автограф Языки: русский,4,4,ok
Опись 4,4,0650,1665,Письмо инженера М.И. Фокина к К.Э. Циолковскому. Вид материала: письмо Способ воспроизведения: автограф Языки: русский,3,3,ok
Опись 4,4,0651,1666,"Письмо инженеров Ансберт и Анны Форрайтер (Anzbert and Anna Vorreiter) к К.Э. Циолковскому. Вид материала: письмо Способ воспроизведения: автограф Языки: немецкий, русский",5,5,ok
Опись 4,4,0652,1667,"Письма начальника сектора оргмассовой работы ЦГИРДа Ивана Петровича Фортикова к К.Э. Циолковскому. Вид материала: письма Способ воспроизведения: автограф, машинопись Языки: русский",44,44,ok
Опись 4,4,0653,1668,Письмо школьников Ф. Фрейденберга и других к К.Э. Циолковскому. Вид материала: письмо Способ воспроизведения: автограф Языки: русский,3,3,ok
Опись 4,4,0654,1669,Письма Александра Робертовича Фрейдлиха к К.Э. Циолковскому. Вид материала: письма Способ воспроизведения: автограф Языки: русский,6,6,ok
Опись 4,4,0655,1670,"Письмо школьников, членов астрономического кружка А.Фросина и других к К.Э. Циолковскому. Вид материала: письмо Способ воспроизведения: автограф Языки: русский",5,5,ok
Опись 4,4,0656,1671,Письмо С. Фукельмана к К.Э. Циолковскому. Вид материала: письмо Способ воспроизведения: автограф Языки: русский,6,6,ok
Опись 4,4,0657,1672,Письмо инженера-изобретателя М.М. Хайкина к К.Э. Циолковскому. Вид материала: письмо Способ воспроизведения: автограф Языки: русский,4,4,ok
Опись 4,4,0658,1673,Письмо Л.М. Хандросса к К.Э. Циолковскому. Вид материала: письмо Способ воспроизведения: автограф Языки: русский,3,3,ok
Опись 4,4,0659,1674,Письмо Харитонова Александра к К.Э. Циолковскому. Вид материала: письмо Способ воспроизведения: автограф Языки: русский,5,5,ok
Опись 4,4,0660,1675,Письмо профессора Петроградского университета Ореста Даниловича Хвольсона к К.Э. Циолковскому. Вид материала: письмо Способ воспроизведения: автограф Языки: русский,3,3,ok
Опись 4,4,0661,1676,Письма Муле Яковлевича Хейфеца к К.Э. Циолковскому. Вид материала: письма Способ воспроизведения: автограф Языки: русский,13,13,ok
Опись 4,4,0662,1677,Письма Е.А. Хинкулова к К.Э. Циолковскому. Вид материала: письма Способ воспроизведения: автограф Языки: русский,5,5,ok
Опись 4,4,0663,1678,Письма Зелика Ходова к К.Э. Циолковскому. Вид материала: письма Способ воспроизведения: автограф Языки: русский,21,21,ok
Опись 4,4,0664,1679,Письма Б.М. Ходоровского к К.Э. Циолковскому. Вид материала: письма Способ воспроизведения: автограф Языки: русский,5,5,ok
Опись 4,4,0665,1680,Письмо студента А.С. Холода к К.Э. Циолковскому. Вид материала: письмо Способ воспроизведения: автограф Языки: русский,4,4,ok
Опись 4,4,0666,1681,Письмо Хонякевича к К.Э. Циолковскому. Вид материала: письмо Способ воспроизведения: автограф Языки: русский,3,3,ok
Опись 4,4,0667,1682,Письмо инструктора с / х кооператива Алексея Павловича Хренова к К.Э. Циолковскому. Вид материала: письмо Способ воспроизведения: автограф Языки: русский,3,3,ok
Опись 4,4,0668,1683,"Письма М.М. Хрущинского к К.Э. Циолковскому. Вид материала: письма Способ воспроизведения: автограф Языки: английский, русский",28,28,ok
Опись 4,4,0669,1684,Письмо Л. Хшановского к К.Э. Циолковскому. Вид материала: письмо Способ воспроизведения: автограф Языки: русский,5,5,ok
Опись 4,4,0670,1685,"Письма инжнера-конструктора по реактивным аппаратам Фридриха Артуровича Цандера к К.Э. Циолковскому. Вид материала: письма Способ воспроизведения: автограф, машинопись Языки: русский",14,14,ok
Опись 4,4,0671,1686,"Письма врача - биохимика Алексея Николаевича Цветикова к К.Э. Циолковскому. Вид материала: письма Способ воспроизведения: автограф Языки: русский, украинский",129,129,ok
Опись 4,4,0672,1687,Письмо техника Семена Цейтлина к К.Э. Циолковскому. Вид материала: письмо Способ воспроизведения: автограф Языки: русский,8,8,ok
Опись 4,4,0673,1688,Письмо Николая Ивановича Центерова к К.Э. Циолковскому. Вид материала: письмо Способ воспроизведения: автограф Языки: русский,3,3,ok
Опись 4,4,0674,1689,Письмо студента Казанского университета Л. Ценцыпера к К.Э. Циолковскому. Вид материала: письмо Способ воспроизведения: автограф Языки: русский,3,3,ok
Опись 4,4,0675,1690,Письмо студента рыбтехникума Матвея Церехова к К.Э. Циолковскому. Вид материала: письмо Способ воспроизведения: автограф Языки: русский,5,5,ok
Опись 4,4,0676,1691,Письма племянницы Елены Иосифовны Циолковской к К.Э. Циолковскому. Вид материала: письма Способ воспроизведения: автограф Языки: русский,13,13,ok
Опись 4,4,0677,1692,Письма дочери Любови Константиновны Циолковской к К.Э. Циолковскому. Вид материала: письма Способ воспроизведения: автограф Языки: русский,11,11,ok
Опись 4,4,0678,1693,Письма племянников Павла и Клавдии Циолковских к К.Э. Циолковскому. Вид материала: письма Способ воспроизведения: автограф Языки: русский,7,7,ok
Опись 4,4,0679,1694,Письма изобретателя С. Циркова к К.Э. Циолковскому. Вид материала: письма Способ воспроизведения: автограф Языки: русский,52,52,ok
Опись 4,4,0680,1695,Письмо политредактора Главлита Зинаиды Чалой к К.Э. Циолковскому. Вид материала: письмо Способ воспроизведения: автограф Языки: русский,5,5,ok
Опись 4,4,0681,1696,Письмо Н.М. Чапова к К.Э. Циолковскому. Вид материала: письмо Способ воспроизведения: автограф Языки: русский,3,3,ok
Опись 4,4,0682,1697,Письма П. Черенкова к К.Э. Циолковскому. Вид материала: письма Способ воспроизведения: автограф Языки: русский,4,4,ok
Опись 4,4,0683,1698,Письма Виктора Михайловича Чернова к К.Э. Циолковскому. Вид материала: письма Способ воспроизведения: автограф Языки: русский,34,34,ok
Опись 4,4,0684,1699,Письмо Бориса Чернохлеба к К.Э. Циолковскому. Вид материала: письмо Способ воспроизведения: автограф Языки: русский,11,11,ok
Опись 4,4,0685,1700,"Письмо инженера - начальника работ по постройке 1-го советского стратостата Е.Е. Чертавского к К.Э. Циолковскому. Вид материала: письмо Способ воспроизведения: автограф, машинопись Языки: русский",6,6,ok
Опись 4,4,0686,1701,Письмо изобретателя - рационализатора Федора Михайловича Чехонина к К.Э. Циолковскому. Вид материала: письмо Способ воспроизведения: автограф Языки: русский,8,8,ok
Опись 4,4,0687,1702,"Письма Всеволода Евграфовича Чешихина к К.Э. Циолковскому. Вид материала: письма Способ воспроизведения: автограф Языки: латынь, немецкий, русский, французский, эсперанто",21,21,ok
Опись 4,4,0688,1703,Письмо инженера Юрия Чибисова к К.Э. Циолковскому. Вид материала: письмо Способ воспроизведения: автограф Языки: русский,3,3,ok
Опись 4,4,0689,1704,"Письма профессора-директора Центральной Научно - исследовательской лаборатории по ионификации Александра Леонидовича Чижевского к К.Э. Циолковскому. Вид материала: письма Способ воспроизведения: автограф, машинопись Языки: английский, русский",119,119,ok
Опись 4,4,0690,1705,Письмо Е.И. Чижова к К.Э. Циолковскому. Вид материала: письмо Способ воспроизведения: автограф Языки: русский,3,3,ok
Опись 4,4,0691,1706,Письмо инженера С. Чистоклетова к К.Э. Циолковскому. Вид материала: письмо Способ воспроизведения: автограф Языки: русский,3,3,ok
Опись 4,4,0692,1707,Письма изобретателя Георгия Николаевича Чуваева к К.Э. Циолковскому. Вид материала: письма Способ воспроизведения: автограф Языки: русский,17,17,ok
Опись 4,4,0693,1708,"Письма школьника, изобретателя Анатолия Марковича Шамрая к К.Э. Циолковскому. Вид материала: письма Способ воспроизведения: автограф Языки: русский",11,11,ok
Опись 4,4,0694,1709,Письмо Петра Ивановича Шатилова к К.Э. Циолковскому. Вид материала: письмо Способ воспроизведения: автограф Языки: русский,3,3,ok
Опись 4,4,0695,1710,Письмо И.Н. Шахова к К.Э. Циолковскому. Вид материала: письмо Способ воспроизведения: машинопись Языки: русский,3,3,ok
Опись 4,4,0696,1711,Письма студента Машиностроительного института М.Я. Шашина к К.Э. Циолковскому. Вид материала: письма Способ воспроизведения: автограф Языки: русский,27,27,ok
Опись 4,4,0697,1712,Письмо И.М. Шермана к К.Э. Циолковскому. Вид материала: письмо Способ воспроизведения: автограф Языки: русский,3,3,ok
Опись 4,4,0698,1713,"Письма инженера Александра Борисовича Шершевского к К.Э. Циолковскому. Вид материала: письма Способ воспроизведения: автограф, машинопись Языки: немецкий, русский",116,116,ok
Опись 4,4,0699,1714,Письмо В.Д. Шефова к К.Э. Циолковскому. Вид материала: письмо Способ воспроизведения: автограф Языки: русский,3,3,ok
Опись 4,4,0700,1715,Письмо студента Политехнического института им. Калинина Н. Шитова к К.Э. Циолковскому. Вид материала: письмо Способ воспроизведения: автограф Языки: русский,2,2,ok
Опись 4,4,0701,1716,Письмо драматургов Мих. Шифмана и С. Дилина к К.Э. Циолковскому. Вид материала: письмо Способ воспроизведения: автограф Языки: русский,3,3,ok
Опись 4,4,0702,1717,Письмо агронома Шконде Эдмунда И. к К.Э. Циолковскому. Вид материала: письмо Способ воспроизведения: автограф Языки: русский,3,3,ok
Опись 4,4,0703,1718,Письма инженера В.Ф. Шмурло к К.Э. Циолковскому. Вид материала: письма Способ воспроизведения: автограф Языки: русский,6,6,ok
Опись 4,4,0704,1719,"Письмо сотрудника редакции ж. ""Самолет"", органа Центрального совета Союза ОСОАВИАХИМа Шнукова Алексея Владимировича к К.Э. Циолковскому. Вид материала: письмо Способ воспроизведения: автограф Языки: русский",4,4,ok
Опись 4,4,0705,1720,Письмо студента В.Я. Шолмина к К.Э. Циолковскому. Вид материала: письмо Способ воспроизведения: автограф Языки: русский,4,4,ok
Опись 4,4,0706,1721,Письма Секретаря Московского общества любителей астрономии С.А. Шорыгина к К.Э. Циолковскому. Вид материала: письма Способ воспроизведения: автограф Языки: русский,7,7,ok
Опись 4,4,0707,1722,"Письма школьника, изобретателя Бориса К. Штавемана к К.Э. Циолковскому. Вид материала: письма Способ воспроизведения: автограф Языки: русский",30,30,ok
Опись 4,4,0708,1723,"Письма инженера-механика А. Штернфельда (A.J. Sternfeld) к К.Э. Циолковскому. Вид материала: письма Способ воспроизведения: автограф, машинопись Языки: русский, французский",43,43,ok
Опись 4,4,0709,1724,Письма вагонного мастера на строительстве ж.д. Штокмара Иосифа Ивановича к К.Э. Циолковскому. Вид материала: письма Способ воспроизведения: автограф Языки: русский,12,12,ok
Опись 4,4,0710,1725,Письма изобретателя Шурупова Анатолия Константиновича к К.Э. Циолковскому. Вид материала: письма Способ воспроизведения: автограф Языки: русский,24,24,ok
Опись 4,4,0711,1726,Письмо инженера Н.М. Щапова к К.Э. Циолковскому. Вид материала: письмо Способ воспроизведения: машинопись Языки: русский,3,3,ok
Опись 4,4,0712,1727,Письма Щеголевой Фаины Алексеевны к К.Э. Циолковскому. Вид материала: письма Способ воспроизведения: автограф Языки: русский,14,14,ok
Опись 4,4,0713,1728,Письмо юных техников Филиппа Щербы и других к К.Э. Циолковскому. Вид материала: письмо Способ воспроизведения: автограф Языки: русский,7,7,ok
Опись 4,4,0714,1729,Письмо студента Харьковского Технического института А.Я. Щербакова к К.Э. Циолковскому. Вид материала: письмо Способ воспроизведения: автограф Языки: русский,4,4,ok
Опись 4,4,0715,1730,Письма председателя Нижегородского кружка любителей физики и астрономии Горьковского геодезического общества Сергея Васильевича Щербакова к К.Э. Циолковскому. Вид материала: письма Способ воспроизведения: автограф Языки: русский,15,15,ok
Опись 4,4,0716,1731,Письма зав. авиамодельной лабораторией ОСОАВИАХИМа Я. Эвентова к К.Э. Циолковскому. Вид материала: письма Способ воспроизведения: автограф Языки: русский,10,10,ok
Опись 4,4,0717,1732,Письмо студента индустриального техникума Василия Михайловича Эма к К.Э. Циолковскому. Вид материала: письмо Способ воспроизведения: автограф Языки: русский,9,9,ok
Опись 4,4,0718,1733,Письма учительницы Веры Ф. Энман к К.Э. Циолковскому. Вид материала: письма Способ воспроизведения: автограф Языки: русский,15,15,ok
Опись 4,4,0719,1734,Письма Н. Эрайзера к К.Э. Циолковскому. Вид материала: письма Способ воспроизведения: автограф Языки: русский,45,45,ok
Опись 4,4,0720,1735,"Письма руководителя спецбригады Нефтяного геолого-разведочного института Леонида Семеновича Эратова к К.Э. Циолковскому. Вид материала: письма Способ воспроизведения: автограф, машинопись Языки: русский",11,11,ok
Опись 4,4,0721,1736,"Письмо Ф.Ф. Юдалевича к К.Э. Циолковскому. Вид материала: письмо Способ воспроизведения: автограф, машинопись Языки: русский",9,9,ok
Опись 4,4,0722,1737,Письма студентов Арк[адия] Юдина и В. Шолмина к К.Э. Циолковскому. Вид материала: письма Способ воспроизведения: автограф Языки: русский,29,29,ok
Опись 4,4,0723,1738,Письмо Роберта Юцита к К.Э. Циолковскому. Вид материала: письмо Способ воспроизведения: автограф Языки: русский,10,10,ok
Опись 4,4,0724,1739,Письма аспиранта Ленинградского государственного университета Николая Владимировича Юшманова к К.Э. Циолковскому. Вид материала: письма Способ воспроизведения: автограф Языки: русский,6,6,ok
Опись 4,4,0725,1740,"Письмо летчика Фрица Якобзена ( Fritz John Jacobsen) к К.Э. Циолковскому. Вид материала: письмо Способ воспроизведения: машинопись Языки: немецкий, русский",4,4,ok
Опись 4,4,0726,1741,Письмо студента-конструктора А.Н. Яковлева к К.Э. Циолковскому. Вид материала: письмо Способ воспроизведения: автограф Языки: русский,7,7,ok
Опись 4,4,0727,1742,Письмо инженера Николая Яковлевича Яковлева к К.Э. Циолковскому. Вид материала: письмо Способ воспроизведения: автограф Языки: русский,8,8,ok
Опись 4,4,0728,1743,Письма Ф.И. Янчевского к К.Э. Циолковскому. Вид материала: письма Способ воспроизведения: автограф Языки: русский,7,7,ok
Опись 4,4,0729,1744,Письмо Ант. Никит. Яременко к К.Э. Циолковскому. Вид материала: письмо Способ воспроизведения: автограф Языки: русский,3,3,ok
Опись 4,4,0730,1745,Письмо Я.Р. Ярмоленко к К.Э. Циолковскому. Вид материала: письмо Способ воспроизведения: автограф Языки: русский,3,3,ok
Опись 4,4,0731,1746,Письмо студентов Ленинградского института гражданского воздушного флота к К.Э. Циолковскому. Вид материала: письмо Способ воспроизведения: автограф Языки: русский,2,2,ok
Опись 4,4,0732,1747,Письмо студентов Купянского механического техникума к К.Э. Циолковскому. Вид материала: письмо Способ воспроизведения: автограф Языки: русский,4,4,ok
Опись 4,4,0733,1748,"Письмо группы молодежи Киевских политехнических курсов и кружка по постройке модели аэронатов, изобретенных К.Э. Циолковским к К.Э. Циолковскому. Вид материала: письмо Способ воспроизведения: машинопись Языки: русский",4,4,ok
Опись 4,4,0734,1749,Письмо пионеров авиамодельного кружка школы №4 при автозаводе им. Молотова к К.Э. Циолковскому. Вид материала: письмо Способ воспроизведения: автограф Языки: русский,4,4,ok
Опись 4,4,0735,1750,"Письмо пионеров неполной средней школы Мишеронского завода ""Пионер"" к К.Э. Циолковскому. Вид материала: письмо Способ воспроизведения: автограф Языки: русский",7,7,ok
Опись 4,4,0736,1751,"Письма юных техников Центральной детской технической станции им. Шверника к К.Э. Циолковскому. Вид материала: письма Способ воспроизведения: автограф, машинопись Языки: русский",16,16,ok
Опись 4,4,0737,1752,Письмо юношеской секции Забайкальского Общества любителей астрономии к К.Э. Циолковскому. Вид материала: письмо Способ воспроизведения: машинопись Языки: русский,6,6,ok
Опись 4,4,0738,1753,Письмо школьника [ В.Ч.] (личность не установлена ) к К.Э. Циолковскому. Вид материала: письмо Способ воспроизведения: автограф Языки: русский,3,3,ok
Опись 4,4,0742,1754,"Письмо неустановленных лиц. Письма [с неразборчивыми подписями и без подписей] к К.Э. Циолковскому. Вид материала: письма Способ воспроизведения: автограф, машинопись Языки: русский",24,24,ok
Опись 4,4,0743,1755,Конверты от писем неустановленных корреспондентов с пометами К.Э. Циолковского. Вид материала: конверты Способ воспроизведения: Языки: русский,16,16,ok
Опись 4,4,0744,1756,"Письмо преподавателя физики Александротальского с/х техникума А. Абрамова к К.Э. Циолковскому в ответ на его заметку ""Кто видел Болид?"". Вид материала: письмо Способ воспроизведения: автограф Языки: русский",3,3,ok
Опись 4,4,0745,1757,"Письма преподавателя физики и математики Б.В. Агафонова к К.Э. Циолковскому в ответ на его заметку ""Кто видел Болид?"". Вид материала: письма Способ воспроизведения: автограф, машинопись Языки: русский",6,6,ok
Опись 4,4,0746,1758,"Письмо начальника отдела технического контроля завода №75 Л.Л. Алексеева к К.Э. Циолковскому в ответ на его заметку ""Кто видел Болид?"". Вид материала: письмо Способ воспроизведения: автограф Языки: русский",6,6,ok
Опись 4,4,0747,1759,"Письмо мастера Дорогомиловского химзавода Б.Д. Алмазова к К.Э. Циолковскому в ответ на его заметку ""Кто видел Болид?"". Вид материала: письмо Способ воспроизведения: автограф Языки: русский",4,4,ok
Опись 4,4,0748,1760,"Письмо специального редактора журнала ""Фронт фабзавуча"" Б. Андреева к К.Э. Циолковскому в ответ на его заметку ""Кто видел Болид?"". Вид материала: письмо Способ воспроизведения: автограф Языки: русский, украинский",3,3,ok
Опись 4,4,0749,1761,"Письмо К.К. Аникина к К.Э. Циолковскому в ответ на его заметку ""Кто видел Болид?"". Вид материала: письмо Способ воспроизведения: автограф Языки: русский",4,4,ok
Опись 4,4,0750,1762,"Письмо члена Московской коллегии защитников Григория Евгеньевича Артынова к К.Э. Циолковскому в ответ на его заметку ""Кто видел Болид?"". Вид материала: письмо Способ воспроизведения: автограф Языки: русский",5,5,ok
Опись 4,4,0751,1763,"Письмо А.Е. Архангельского и Гуреева к К.Э. Циолковскому в ответ на его заметку ""Кто видел Болид?"". Вид материала: письмо Способ воспроизведения: автограф Языки: русский",5,5,ok
Опись 4,4,0752,1764,"Письмо преподавателя педтехникума Барага к К.Э. Циолковскому в ответ на его заметку ""Кто видел Болид?"". Вид материала: письмо Способ воспроизведения: автограф Языки: русский",5,5,ok
Опись 4,4,0753,1765,"Письмо Ф. Барынкина и О. Паутовой к К.Э. Циолковскому в ответ на его заметку ""Кто видел Болид?"". Вид материала: письмо Способ воспроизведения: автограф Языки: русский",5,5,ok
Опись 4,4,0754,1766,"Письмо Ирины Владимировны Барыкиной к К.Э. Циолковскому в ответ на его заметку ""Кто видел Болид?"". Вид материала: письмо Способ воспроизведения: автограф Языки: русский",3,3,ok
Опись 4,4,0755,1767,"Письмо Евгения Ивановича Белозерского к К.Э. Циолковскому в ответ на его заметку ""Кто видел Болид?"". Вид материала: письмо Способ воспроизведения: автограф Языки: русский",4,4,ok
Опись 4,4,0756,1768,"Письмо учителя Макаровской школы Ивана Белякова к К.Э. Циолковскому в ответ на его заметку ""Кто видел Болид?"". Вид материала: письмо Способ воспроизведения: автограф Языки: русский",4,4,ok
Опись 4,4,0757,1769,"Письмо техника путей сообщения Е.Е. Березина к К.Э. Циолковскому в ответ на его заметку ""Кто видел Болид?"". Вид материала: письмо Способ воспроизведения: автограф Языки: русский",6,6,ok
Опись 4,4,0758,1770,"Письмо врача В. Благовещенского к К.Э. Циолковскому в ответ на его заметку ""Кто видел Болид?"". Вид материала: письмо Способ воспроизведения: автограф Языки: русский",3,3,ok
Опись 4,4,0759,1771,"Письмо рабочего завода №11 Виктора Бокова к К.Э. Циолковскому в ответ на его заметку ""Кто видел Болид?"". Вид материала: письмо Способ воспроизведения: автограф Языки: русский",4,4,ok
Опись 4,4,0760,1772,"Письмо Боярского к К.Э. Циолковскому в ответ на его заметку ""Кто видел Болид?». Вид материала: письмо Способ воспроизведения: автограф Языки: русский",3,3,ok
Опись 4,4,0761,1773,"Письмо С.Л. Будинова к К.Э. Циолковскому в ответ на его заметку ""Кто видел Болид?». Вид материала: письмо Способ воспроизведения: автограф Языки: русский",3,3,ok
Опись 4,4,0762,1774,"Письмо инженера М.Е. Быханова к К.Э. Циолковскому в ответ на его заметку ""Кто видел Болид?». Вид материала: письмо Способ воспроизведения: автограф Языки: русский",6,6,ok
Опись 4,4,0763,1775,"Письмо С. Васильева к К.Э. Циолковскому в ответ на его заметку ""Кто видел Болид?». Вид материала: письмо Способ воспроизведения: машинопись Языки: русский",4,4,ok
Опись 4,4,0764,1776,"Письмо сотрудницы редакции журнала ""Техника молодежи"" В. Вейде к К.Э. Циолковскому в ответ на его заметку ""Кто видел Болид?». Вид материала: письмо Способ воспроизведения: машинопись Языки: русский",4,4,ok
Опись 4,4,0765,1777,"Письмо заведующей Сергиевской школой А.А. Величко к К.Э. Циолковскому в ответ на его заметку ""Кто видел Болид?». Вид материала: письмо Способ воспроизведения: автограф Языки: русский",3,3,ok
Опись 4,4,0766,1778,"Письмо П.Д. Величко к К.Э. Циолковскому в ответ на его заметку ""Кто видел Болид?». Вид материала: письмо Способ воспроизведения: автограф Языки: русский",3,3,ok
Опись 4,4,0767,1779,"Письмо Степана Васильевича Верёвкина к К.Э. Циолковскому в ответ на его заметку ""Кто видел Болид?». Вид материала: письмо Способ воспроизведения: автограф Языки: русский",4,4,ok
Опись 4,4,0768,1780,"Письмо ученика школы ШКМ Василия Васильевича Виноградова к К.Э. Циолковскому в ответ на его заметку ""Кто видел Болид?». Вид материала: письмо Способ воспроизведения: автограф Языки: русский",4,4,ok
Опись 4,4,0769,1781,"Письмо бухгалтера Сергея Сергеевича Винокурова к К.Э. Циолковскому в ответ на его заметку ""Кто видел Болид?». Вид материала: письмо Способ воспроизведения: автограф Языки: русский",4,4,ok
Опись 4,4,0770,1782,"Письмо Вл. Вихляева к К.Э. Циолковскому в ответ на его заметку ""Кто видел Болид?». Вид материала: письмо Способ воспроизведения: автограф Языки: русский",3,3,ok
Опись 4,4,0772,1783,"Письмо председателя правления Бежецкого райпотребсоюза Власова к К.Э. Циолковскому в ответ на его заметку ""Кто видел Болид?». Вид материала: письмо Способ воспроизведения: машинопись Языки: русский",4,4,ok
Опись 4,4,0773,1784,"Письмо В. Воздвиженского к К.Э. Циолковскому в ответ на его заметку ""Кто видел Болид?». Вид материала: письмо Способ воспроизведения: автограф Языки: русский",3,3,ok
Опись 4,4,0774,1785,"Письмо лесовода Вл. Мих[айловича] Вознесенского к К.Э. Циолковскому в ответ на его заметку ""Кто видел Болид?». Вид материала: письмо Способ воспроизведения: автограф Языки: русский",4,4,ok
Опись 4,4,0775,1786,"Письмо Станислава Войцеховича к К.Э. Циолковскому в ответ на его заметку ""Кто видел Болид?». Вид материала: письмо Способ воспроизведения: автограф Языки: русский",3,3,ok
Опись 4,4,0776,1787,"Письмо П.В. Волкова к К.Э. Циолковскому в ответ на его заметку ""Кто видел Болид?». Вид материала: письмо Способ воспроизведения: автограф Языки: русский",3,3,ok
Опись 4,4,0777,1788,"Письмо В. Волобуева к К.Э. Циолковскому в ответ на его заметку ""Кто видел Болид?». Вид материала: письмо Способ воспроизведения: автограф Языки: русский",3,3,ok
Опись 4,4,0778,1789,"Письмо главного механика 1-го таксомоторного парка Георгия Захаровича Гаврилова к К.Э. Циолковскому в ответ на его заметку ""Кто видел Болид?». Вид материала: письмо Способ воспроизведения: автограф Языки: русский",6,6,ok
Опись 4,4,0779,1790,"Письмо Ивана Антиповича Гаврилюка к К.Э. Циолковскому в ответ на его заметку ""Кто видел Болид?». Вид материала: письмо Способ воспроизведения: автограф Языки: русский",2,2,ok
Опись 4,4,0780,1791,"Письмо техника Георгия Георгиевича Гангардта к К.Э. Циолковскому в ответ на его заметку ""Кто видел Болид?». Вид материала: письмо Способ воспроизведения: автограф Языки: русский",5,5,ok
Опись 4,4,0781,1792,"Письмо Вас. И. Гвелесиани к К.Э. Циолковскому в ответ на его заметку ""Кто видел Болид?». Вид материала: письмо Способ воспроизведения: автограф Языки: русский",5,5,ok
Опись 4,4,0782,1793,"Письмо В.П. Геннадиева к К.Э. Циолковскому в ответ на его заметку ""Кто видел Болид?». Вид материала: письмо Способ воспроизведения: автограф Языки: русский",5,5,ok
Опись 4,4,0783,1794,"Письмо Константина Васильевича Глазкова к К.Э. Циолковскому в ответ на его заметку ""Кто видел Болид?». Вид материала: письмо Способ воспроизведения: автограф Языки: русский",5,5,ok
Опись 4,4,0784,1795,"Письмо Ивана Сергеевича Гнезднёва к К.Э. Циолковскому в ответ на его заметку ""Кто видел Болид?». Вид материала: письмо Способ воспроизведения: автограф Языки: русский",3,3,ok
Опись 4,4,0785,1796,"Письмо А.М. Година к К.Э. Циолковскому в ответ на его заметку ""Кто видел Болид?». Вид материала: письмо Способ воспроизведения: автограф Языки: русский",4,4,ok
Опись 4,4,0786,1797,"Письмо заведующего метеорологической станцией Н.Б. Голенкевича к К.Э. Циолковскому в ответ на его заметку ""Кто видел Болид?». Вид материала: письмо Способ воспроизведения: автограф Языки: русский",4,4,ok
Опись 4,4,0787,1798,"Письмо Л. Головина к К.Э. Циолковскому в ответ на его заметку ""Кто видел Болид?». Вид материала: письмо Способ воспроизведения: автограф Языки: русский",5,5,ok
Опись 4,4,0788,1799,"Письмо Т.А. Головинова к К.Э. Циолковскому в ответ на его заметку ""Кто видел Болид?». Вид материала: письмо Способ воспроизведения: автограф Языки: русский",5,5,ok
Опись 4,4,0789,1800,"Письмо школьника Вадима Голубцова к К.Э. Циолковскому в ответ на его заметку ""Кто видел Болид?». Вид материала: письмо Способ воспроизведения: автограф Языки: русский",4,4,ok
Опись 4,4,0790,1801,"Письмо С.М. Гоухберга к К.Э. Циолковскому в ответ на его заметку ""Кто видел Болид?». Вид материала: письмо Способ воспроизведения: автограф Языки: русский",3,3,ok
Опись 4,4,0791,1802,"Письмо Н.А. Громова к К.Э. Циолковскому в ответ на его заметку ""Кто видел Болид?». Вид материала: письмо Способ воспроизведения: автограф Языки: русский",5,5,ok
Опись 4,4,0792,1803,"Письмо В. Грязнова к К.Э. Циолковскому в ответ на его заметку ""Кто видел Болид?». Вид материала: письмо Способ воспроизведения: автограф Языки: русский",3,3,ok
Опись 4,4,0793,1804,"Письмо В. Данилина к К.Э. Циолковскому в ответ на его заметку ""Кто видел Болид?». Вид материала: письмо Способ воспроизведения: машинопись Языки: русский",3,3,ok
Опись 4,4,0794,1805,"Письмо школьника И. Дебольского к К.Э. Циолковскому в ответ на его заметку ""Кто видел Болид?». Вид материала: письмо Способ воспроизведения: автограф Языки: русский",3,3,ok
Опись 4,4,0795,1806,"Письмо инспектора Госстраха П.Я. Демидова к К.Э. Циолковскому в ответ на его заметку ""Кто видел Болид?». Вид материала: письмо Способ воспроизведения: автограф Языки: русский",4,4,ok
Опись 4,4,0796,1807,"Письмо Н. Денисова к К.Э. Циолковскому в ответ на его заметку ""Кто видел Болид?». Вид материала: письмо Способ воспроизведения: автограф Языки: русский",5,5,ok
Опись 4,4,0797,1808,"Письмо начальника лаборатории полигона А.С. Добросердова к К.Э. Циолковскому в ответ на его заметку ""Кто видел Болид?». Вид материала: письмо Способ воспроизведения: автограф Языки: русский",4,4,ok
Опись 4,4,0798,1809,"Письмо табельщика А.И. Донского к К.Э. Циолковскому в ответ на его заметку ""Кто видел Болид?». Вид материала: письмо Способ воспроизведения: автограф Языки: русский",6,6,ok
Опись 4,4,0799,1810,"Письмо С. Дойникова к К.Э. Циолковскому в ответ на его заметку ""Кто видел Болид?». Вид материала: письмо Способ воспроизведения: автограф Языки: русский",3,3,ok
Опись 4,4,0800,1811,"Письмо Петра Ивановича Докучаева к К.Э. Циолковскому в ответ на его заметку ""Кто видел Болид?». Вид материала: письмо Способ воспроизведения: автограф Языки: русский",4,4,ok
Опись 4,4,0801,1812,"Письмо Л. Дорикова к К.Э. Циолковскому в ответ на его заметку ""Кто видел Болид?». Вид материала: письмо Способ воспроизведения: автограф Языки: русский",4,4,ok
Опись 4,4,0802,1813,"Письмо доктора Льва Львовича Дорфмана к К.Э. Циолковскому в ответ на его заметку ""Кто видел Болид?». Вид материала: письмо Способ воспроизведения: автограф Языки: русский",3,3,ok
Опись 4,4,0803,1814,"Письмо командира батальона Дьяченко к К.Э. Циолковскому в ответ на его заметку ""Кто видел Болид?». Вид материала: письмо Способ воспроизведения: автограф Языки: русский",3,3,ok
Опись 4,4,0804,1815,"Письмо доцента Московского института стали А.М. Дымова к К.Э. Циолковскому в ответ на его заметку ""Кто видел Болид?». Вид материала: письмо Способ воспроизведения: автограф Языки: русский",5,5,ok
Опись 4,4,0805,1816,"Письмо В. Егорова к К.Э. Циолковскому в ответ на его заметку ""Кто видел Болид?». Вид материала: письмо Способ воспроизведения: автограф Языки: русский",4,4,ok
Опись 4,4,0805a,1817,"Письмо помощника инженера Николая Николаевича Еленина к К.Э. Циолковскому в ответ на его заметку ""Кто видел Болид?». Вид материала: письмо Способ воспроизведения: автограф Языки: русский",6,6,ok
Опись 4,4,0806,1818,"Письмо А. Жучкова к К.Э. Циолковскому в ответ на его заметку ""Кто видел Болид?». Вид материала: письмо Способ воспроизведения: машинопись Языки: русский",5,5,ok
Опись 4,4,0807,1819,"Письмо С. Заболотнова к К.Э. Циолковскому в ответ на его заметку ""Кто видел Болид?». Вид материала: письмо Способ воспроизведения: автограф Языки: русский",5,5,ok
Опись 4,4,0808,1820,"Письма Николая Васильевича Заикина к К.Э. Циолковскому в ответ на его заметку ""Кто видел Болид?». Вид материала: письма Способ воспроизведения: автограф Языки: русский",14,14,ok
Опись 4,4,0809,1821,"Письмо С. Закрасина к К.Э. Циолковскому в ответ на его заметку ""Кто видел Болид?». Вид материала: письмо Способ воспроизведения: автограф Языки: русский",7,7,ok
Опись 4,4,0810,1822,"Письмо начальника административно-хозяйственного сектора Автоснаба Константина Константиновича Запрудского к К.Э. Циолковскому в ответ на его заметку ""Кто видел Болид?». Вид материала: письмо Способ воспроизведения: автограф Языки: русский",4,4,ok
Опись 4,4,0811,1823,"Письмо школьника В. Звезденкова к К.Э. Циолковскому в ответ на его заметку ""Кто видел Болид?». Вид материала: письмо Способ воспроизведения: автограф Языки: русский",4,4,ok
Опись 4,4,0812,1824,"Письмо преподавателей средней школы А.М. Звягина и Д.П. Свечникова к К.Э. Циолковскому в ответ на его заметку ""Кто видел Болид?». Вид материала: письмо Способ воспроизведения: автограф Языки: русский",4,4,ok
Опись 4,4,0813,1825,"Письмо С.М. Иванова к К.Э. Циолковскому в ответ на его заметку ""Кто видел Болид?». Вид материала: письмо Способ воспроизведения: автограф Языки: русский",3,3,ok
Опись 4,4,0814,1826,"Письмо Ивана Андреевича Ильина к К.Э. Циолковскому в ответ на его заметку ""Кто видел Болид?». Вид материала: письмо Способ воспроизведения: автограф Языки: русский",4,4,ok
Опись 4,4,0815,1827,"Письмо Л.Н. Ильинского к К.Э. Циолковскому в ответ на его заметку ""Кто видел Болид?». Вид материала: письмо Способ воспроизведения: автограф Языки: русский",5,5,ok
Опись 4,4,0816,1828,"Письмо Исаевых к К.Э. Циолковскому в ответ на его заметку ""Кто видел Болид?». Вид материала: письмо Способ воспроизведения: автограф Языки: русский",3,3,ok
Опись 4,4,0817,1829,"Письмо Михаила Васильевича Каменева к К.Э. Циолковскому в ответ на его заметку ""Кто видел Болид?». Вид материала: письмо Способ воспроизведения: автограф Языки: русский",6,6,ok
Опись 4,4,0818,1830,"Письмо К.Н. Каневского к К.Э. Циолковскому в ответ на его заметку ""Кто видел Болид?». Вид материала: письмо Способ воспроизведения: автограф Языки: русский",3,3,ok
Опись 4,4,0819,1831,"Письмо зоотехника В. Каплана к К.Э. Циолковскому в ответ на его заметку ""Кто видел Болид?». Вид материала: письмо Способ воспроизведения: автограф Языки: русский",4,4,ok
Опись 4,4,0820,1832,"Письмо А.С. Карапыша к К.Э. Циолковскому в ответ на его заметку ""Кто видел Болид?». Вид материала: письмо Способ воспроизведения: автограф Языки: русский",5,5,ok
Опись 4,4,0821,1833,"Письмо Алексея Петровича Каширина к К.Э. Циолковскому в ответ на его заметку ""Кто видел Болид?». Вид материала: письмо Способ воспроизведения: автограф Языки: русский",5,5,ok
Опись 4,4,0822,1834,"Письмо М. Кашириной к К.Э. Циолковскому в ответ на его заметку ""Кто видел Болид?». Вид материала: письмо Способ воспроизведения: автограф Языки: русский",3,3,ok
Опись 4,4,0823,1835,"Письмо Евгения Кеммерлинга к К.Э. Циолковскому в ответ на его заметку ""Кто видел Болид?». Вид материала: письмо Способ воспроизведения: автограф Языки: русский",3,3,ok
Опись 4,4,0824,1836,"Письмо учащихся Б. Китаева и А. Бутченко к К.Э. Циолковскому в ответ на его заметку ""Кто видел Болид?». Вид материала: письмо Способ воспроизведения: автограф Языки: русский",3,3,ok
Опись 4,4,0825,1837,"Письмо врача Китаина к К.Э. Циолковскому в ответ на его заметку ""Кто видел Болид?». Вид материала: письмо Способ воспроизведения: автограф Языки: русский",4,4,ok
Опись 4,4,0826,1838,"Письмо К. Ковалевского к К.Э. Циолковскому в ответ на его заметку ""Кто видел Болид?». Вид материала: письмо Способ воспроизведения: автограф Языки: русский",3,3,ok
Опись 4,4,0827,1839,"Письмо красноармейца Николая Антоновича Козореза к К.Э. Циолковскому в ответ на его заметку ""Кто видел Болид?». Вид материала: письмо Способ воспроизведения: автограф Языки: русский",6,6,ok
Опись 4,4,0828,1840,"Письмо Веры Козьяковой к К.Э. Циолковскому в ответ на его заметку ""Кто видел Болид?». Вид материала: письмо Способ воспроизведения: автограф Языки: русский",5,5,ok
Опись 4,4,0829,1841,"Письмо техника А.Д. Кокорева к К.Э. Циолковскому в ответ на его заметку ""Кто видел Болид?». Вид материала: письмо Способ воспроизведения: автограф Языки: русский",4,4,ok
Опись 4,4,0830,1842,"Письмо Колотенкова к К.Э. Циолковскому в ответ на его заметку ""Кто видел Болид?». Вид материала: письмо Способ воспроизведения: автограф Языки: русский",9,9,ok
Опись 4,4,0831,1843,"Письмо З.И. Комарова к К.Э. Циолковскому в ответ на его заметку ""Кто видел Болид?». Вид материала: письмо Способ воспроизведения: автограф Языки: русский",4,4,ok
Опись 4,4,0832,1844,"Письмо учителя С.П. Комарова к К.Э. Циолковскому в ответ на его заметку ""Кто видел Болид?». Вид материала: письмо Способ воспроизведения: автограф Языки: русский",4,4,ok
Опись 4,4,0833,1845,"Письмо А. Копрова к К.Э. Циолковскому в ответ на его заметку ""Кто видел Болид?». Вид материала: письмо Способ воспроизведения: автограф Языки: русский",4,4,ok
Опись 4,4,0834,1846,"Письмо В.В. Корнаушкина к К.Э. Циолковскому в ответ на его заметку ""Кто видел Болид?». Вид материала: письмо Способ воспроизведения: автограф Языки: русский",3,3,ok
Опись 4,4,0835,1847,"Письмо А.М. Костякова к К.Э. Циолковскому в ответ на его заметку ""Кто видел Болид?». Вид материала: письмо Способ воспроизведения: автограф Языки: английский, русский",3,3,ok
Опись 4,4,0836,1848,"Письмо счетовода Людмилы Кошкиной к К.Э. Циолковскому в ответ на его заметку ""Кто видел Болид?». Вид материала: письмо Способ воспроизведения: автограф Языки: русский",3,3,ok
Опись 4,4,0837,1849,"Письмо Николая Леонидовича Краснова к К.Э. Циолковскому в ответ на его заметку ""Кто видел Болид?». Вид материала: письмо Способ воспроизведения: автограф Языки: русский",6,6,ok
Опись 4,4,0838,1850,"Письмо Б. Кругина к К.Э. Циолковскому в ответ на его заметку ""Кто видел Болид?». Вид материала: письмо Способ воспроизведения: автограф Языки: русский",4,4,ok
Опись 4,4,0839,1851,"Письмо А. Кулешовой к К.Э. Циолковскому в ответ на его заметку ""Кто видел Болид?». Вид материала: письмо Способ воспроизведения: автограф Языки: русский",3,3,ok
Опись 4,4,0840,1852,"Письмо ученого, секретаря Комитета по метеоритам АН СССР Л.А. Кулика к К.Э. Циолковскому в ответ на его заметку ""Кто видел Болид?». Вид материала: письмо Способ воспроизведения: автограф Языки: русский",6,6,ok
Опись 4,4,0840a,1853,"Письма А. Куракиной к К.Э. Циолковскому в ответ на его заметку ""Кто видел Болид?». Вид материала: письма Способ воспроизведения: автограф Языки: русский",7,7,ok
Опись 4,4,0841,1854,"Письмо Р.А. Курса к К.Э. Циолковскому в ответ на его заметку ""Кто видел Болид?». Вид материала: письмо Способ воспроизведения: автограф Языки: русский",3,3,ok
Опись 4,4,0842,1855,"Письмо научного работника Московского Электротехнического Института Связи В. Лаврова к К.Э. Циолковскому в ответ на его заметку ""Кто видел Болид?». Вид материала: письмо Способ воспроизведения: автограф Языки: русский",3,3,ok
Опись 4,4,0843,1856,"Письмо В.Д. Ларме к К.Э. Циолковскому в ответ на его заметку ""Кто видел Болид?». Вид материала: письмо Способ воспроизведения: автограф Языки: русский",3,3,ok
Опись 4,4,0844,1857,"Письмо Л. Латунова к К.Э. Циолковскому в ответ на его заметку ""Кто видел Болид?». Вид материала: письмо Способ воспроизведения: автограф Языки: русский",3,3,ok
Опись 4,4,0845,1858,"Письмо А.Д. Лебедева к К.Э. Циолковскому в ответ на его заметку ""Кто видел Болид?». Вид материала: письмо Способ воспроизведения: автограф Языки: русский",3,3,ok
Опись 4,4,0846,1859,"Письмо инструктора физкультуры Левицкого к К.Э. Циолковскому в ответ на его заметку ""Кто видел Болид?». Вид материала: письмо Способ воспроизведения: автограф Языки: русский",4,4,ok
Опись 4,4,0847,1860,"Письмо А.Н. Лускарева к К.Э. Циолковскому в ответ на его заметку ""Кто видел Болид?». Вид материала: письмо Способ воспроизведения: автограф Языки: русский",4,4,ok
Опись 4,4,0848,1861,"Письмо Григория Михайловича Лыхина к К.Э. Циолковскому в ответ на его заметку ""Кто видел Болид?». Вид материала: письмо Способ воспроизведения: автограф Языки: русский",4,4,ok
Опись 4,4,0849,1862,"Письмо рабочего И.И. Макарова к К.Э. Циолковскому в ответ на его заметку ""Кто видел Болид?». Вид материала: письмо Способ воспроизведения: автограф Языки: русский",5,5,ok
Опись 4,4,0850,1863,"Письмо студентки техникума Нины И. Малаховской к К.Э. Циолковскому в ответ на его заметку ""Кто видел Болид?». Вид материала: письмо Способ воспроизведения: автограф Языки: русский",5,5,ok
Опись 4,4,0851,1864,"Письмо Мечислава Севериновича Малевича к К.Э. Циолковскому в ответ на его заметку ""Кто видел Болид?». Вид материала: письмо Способ воспроизведения: автограф Языки: русский",10,10,ok
Опись 4,4,0852,1865,"Письмо Вячеслава Владимировича Малинко к К.Э. Циолковскому в ответ на его заметку ""Кто видел Болид?». Вид материала: письмо Способ воспроизведения: автограф Языки: русский",3,3,ok
Опись 4,4,0853,1866,"Письмо В.Н. Малова к К.Э. Циолковскому в ответ на его заметку ""Кто видел Болид?». Вид материала: письмо Способ воспроизведения: автограф Языки: русский",4,4,ok
Опись 4,4,0853a,1867,"Письма Ф. Маркевича к К.Э. Циолковскому в ответ на его заметку ""Кто видел Болид?». Вид материала: письма Способ воспроизведения: автограф Языки: русский",6,6,ok
Опись 4,4,0854,1868,"Письмо Д. Масленникова к К.Э. Циолковскому в ответ на его заметку ""Кто видел Болид?». Вид материала: письмо Способ воспроизведения: автограф Языки: русский",3,3,ok
Опись 4,4,0855,1869,"Письмо Николая Машонкина к К.Э. Циолковскому в ответ на его заметку ""Кто видел Болид?». Вид материала: письмо Способ воспроизведения: автограф Языки: русский",4,4,ok
Опись 4,4,0856,1870,"Письмо Н. Медведкина к К.Э. Циолковскому в ответ на его заметку ""Кто видел Болид?». Вид материала: письмо Способ воспроизведения: автограф Языки: русский",3,3,ok
Опись 4,4,0857,1871,"Письмо А. и Н. Медянцевых к К.Э. Циолковскому в ответ на его заметку ""Кто видел Болид?». Вид материала: письмо Способ воспроизведения: автограф Языки: русский",4,4,ok
Опись 4,4,0858,1872,"Письмо Н. Милюкова к К.Э. Циолковскому в ответ на его заметку ""Кто видел Болид?». Вид материала: письмо Способ воспроизведения: автограф Языки: русский",3,3,ok
Опись 4,4,0859,1873,"Письмо колхозника Якова Андреевича Минского к К.Э. Циолковскому в ответ на его заметку ""Кто видел Болид?». Вид материала: письмо Способ воспроизведения: автограф Языки: английский, русский",4,4,ok
Опись 4,4,0859a,1874,"Письма Николая Константиновича Мниховича к К.Э. Циолковскому в ответ на его заметку ""Кто видел Болид?». Вид материала: письма Способ воспроизведения: автограф Языки: русский",9,9,ok
Опись 4,4,0860,1875,"Письмо Б. Моделя к К.Э. Циолковскому в ответ на его заметку ""Кто видел Болид?». Вид материала: письмо Способ воспроизведения: автограф Языки: русский",4,4,ok
Опись 4,4,0861,1876,"Письмо Василия Гавриловича Морева к К.Э. Циолковскому в ответ на его заметку ""Кто видел Болид?». Вид материала: письмо Способ воспроизведения: автограф Языки: русский",4,4,ok
Опись 4,4,0862,1877,"Письмо ботаника Михаила Ивановича Назарова к К.Э. Циолковскому в ответ на его заметку ""Кто видел Болид?». Вид материала: письмо Способ воспроизведения: автограф Языки: русский",3,3,ok
Опись 4,4,0863,1878,"Письмо И.А. Неганова к К.Э. Циолковскому в ответ на его заметку ""Кто видел Болид?». Вид материала: письмо Способ воспроизведения: автограф Языки: русский",3,3,ok
Опись 4,4,0864,1879,"Письмо Д. Нестерова к К.Э. Циолковскому в ответ на его заметку ""Кто видел Болид?». Вид материала: письмо Способ воспроизведения: автограф Языки: русский",3,3,ok
Опись 4,4,0865,1880,"Письмо студента В. Нефедьева к К.Э. Циолковскому в ответ на его заметку ""Кто видел Болид?». Вид материала: письмо Способ воспроизведения: автограф Языки: русский",4,4,ok
Опись 4,4,0866,1881,"Письмо электросварщика Василия Георгиевича Никитина к К.Э. Циолковскому в ответ на его заметку ""Кто видел Болид?». Вид материала: письмо Способ воспроизведения: автограф Языки: русский",3,3,ok
Опись 4,4,0867,1882,"Письмо Марии Сергеевны Новик к К.Э. Циолковскому в ответ на его заметку ""Кто видел Болид?». Вид материала: письмо Способ воспроизведения: автограф Языки: русский",3,3,ok
Опись 4,4,0868,1883,"Письмо К.И. Новикова к К.Э. Циолковскому в ответ на его заметку ""Кто видел Болид?». Вид материала: письмо Способ воспроизведения: автограф Языки: русский",4,4,ok
Опись 4,4,0869,1884,"Письмо врача Новикова к К.Э. Циолковскому в ответ на его заметку ""Кто видел Болид?». Вид материала: письмо Способ воспроизведения: автограф Языки: русский",4,4,ok
Опись 4,4,0870,1885,"Письмо преподавателя авиадела Новожилова к К.Э. Циолковскому в ответ на его заметку ""Кто видел Болид?». Вид материала: письмо Способ воспроизведения: автограф Языки: русский",3,3,ok
Опись 4,4,0871,1886,"Письмо В. Оливетского к К.Э. Циолковскому в ответ на его заметку ""Кто видел Болид?». Вид материала: письмо Способ воспроизведения: автограф Языки: русский",3,3,ok
Опись 4,4,0872,1887,"Письмо К. Осипенкова к К.Э. Циолковскому в ответ на его заметку ""Кто видел Болид?». Вид материала: письмо Способ воспроизведения: автограф Языки: русский",4,4,ok
Опись 4,4,0873,1888,"Письмо В.М. Палуевой к К.Э. Циолковскому в ответ на его заметку ""Кто видел Болид?». Вид материала: письмо Способ воспроизведения: автограф Языки: русский",3,3,ok
Опись 4,4,0873a,1889,"Письма школьника Ника Панкова к К.Э. Циолковскому в ответ на его заметку ""Кто видел Болид?». Вид материала: письма Способ воспроизведения: автограф Языки: русский",12,12,ok
Опись 4,4,0874,1890,"Письмо С.П. Паринкина к К.Э. Циолковскому в ответ на его заметку ""Кто видел Болид?». Вид материала: письмо Способ воспроизведения: автограф Языки: русский",4,4,ok
Опись 4,4,0875,1891,"Письмо преподавателя физики и математики Е. Пархоменко к К.Э. Циолковскому в ответ на его заметку ""Кто видел Болид?». Вид материала: письмо Способ воспроизведения: автограф Языки: русский",5,5,ok
Опись 4,4,0876,1892,"Письмо школьника Владимира Педяша к К.Э. Циолковскому в ответ на его заметку ""Кто видел Болид?». Вид материала: письмо Способ воспроизведения: автограф Языки: русский",4,4,ok
Опись 4,4,0877,1893,"Письмо В.Б. Пенина и Демидова к К.Э. Циолковскому в ответ на его заметку ""Кто видел Болид?». Вид материала: письмо Способ воспроизведения: автограф Языки: русский",3,3,ok
Опись 4,4,0878,1894,"Письмо Тамары Перелюбской к К.Э. Циолковскому в ответ на его заметку ""Кто видел Болид?». Вид материала: письмо Способ воспроизведения: автограф Языки: русский",5,5,ok
Опись 4,4,0879,1895,"Письмо старшего химика Московского Инженерно - строительного института Евгения Николаевича Перепёлкина к К.Э. Циолковскому в ответ на его заметку ""Кто видел Болид?». Вид материала: письмо Способ воспроизведения: автограф Языки: русский",3,3,ok
Опись 4,4,0880,1896,"Письмо школьницы Любови Платоновой к К.Э. Циолковскому в ответ на его заметку ""Кто видел Болид?». Вид материала: письмо Способ воспроизведения: автограф Языки: русский",5,5,ok
Опись 4,4,0881,1897,"Письмо М. Погодина к К.Э. Циолковскому в ответ на его заметку ""Кто видел Болид?». Вид материала: письмо Способ воспроизведения: автограф Языки: русский",4,4,ok
Опись 4,4,0882,1898,"Письмо школьницы Лидии Поджес к К.Э. Циолковскому в ответ на его заметку ""Кто видел Болид?». Вид материала: письмо Способ воспроизведения: автограф Языки: русский",6,6,ok
Опись 4,4,0883,1899,"Письмо А. Поленова к К.Э. Циолковскому в ответ на его заметку ""Кто видел Болид?». Вид материала: письмо Способ воспроизведения: автограф Языки: русский",3,3,ok
Опись 4,4,0884,1900,"Письмо М.Д. Поликарпова к К.Э. Циолковскому в ответ на его заметку ""Кто видел Болид?». Вид материала: письмо Способ воспроизведения: автограф Языки: русский",5,5,ok
Опись 4,4,0885,1901,"Письмо Ефима Андреевича Полякова к К.Э. Циолковскому в ответ на его заметку ""Кто видел Болид?». Вид материала: письмо Способ воспроизведения: автограф Языки: русский",5,5,ok
Опись 4,4,0886,1902,"Письмо Дмитрия Степановича Попкова к К.Э. Циолковскому в ответ на его заметку ""Кто видел Болид?». Вид материала: письмо Способ воспроизведения: автограф Языки: русский",5,5,ok
Опись 4,4,0887,1903,"Письмо Влад[ислава] Павл[овича] Попцова к К.Э. Циолковскому в ответ на его заметку ""Кто видел Болид?». Вид материала: письмо Способ воспроизведения: автограф Языки: русский",4,4,ok
Опись 4,4,0888,1904,"Письмо И.В. Поспелова к К.Э. Циолковскому в ответ на его заметку ""Кто видел Болид?». Вид материала: письмо Способ воспроизведения: автограф Языки: русский",3,3,ok
Опись 4,4,0889,1905,"Письмо Анатолия Николаевича Потапова к К.Э. Циолковскому в ответ на его заметку ""Кто видел Болид?». Вид материала: письмо Способ воспроизведения: автограф Языки: русский",3,3,ok
Опись 4,4,0890,1906,"Письмо преподавателя Алексея Николаевича Профецкого к К.Э. Циолковскому в ответ на его заметку ""Кто видел Болид?». Вид материала: письмо Способ воспроизведения: автограф Языки: русский",4,4,ok
Опись 4,4,0891,1907,"Письма доцента, сотрудника Ленинградского Астрономического Института Ив[ана] Ив[ановича] Путилина к К.Э. Циолковскому в ответ на его заметку ""Кто видел Болид?». Вид материала: письма Способ воспроизведения: автограф Языки: русский",9,9,ok
Опись 4,4,0892,1908,"Письмо члена Коллегии защитников А. Розанова к К.Э. Циолковскому в ответ на его заметку ""Кто видел Болид?». Вид материала: письмо Способ воспроизведения: автограф Языки: русский",3,3,ok
Опись 4,4,0893,1909,"Письмо С.Ю. Розмана к К.Э. Циолковскому в ответ на его заметку ""Кто видел Болид?». Вид материала: письмо Способ воспроизведения: автограф Языки: русский",3,3,ok
Опись 4,4,0894,1910,"Письмо наблюдателя Жуковской метеорологической станции Ртищева к К.Э. Циолковскому в ответ на его заметку ""Кто видел Болид?». Вид материала: письмо Способ воспроизведения: автограф Языки: русский",4,4,ok
Опись 4,4,0895,1911,"Письмо В. Сазонова к К.Э. Циолковскому в ответ на его заметку ""Кто видел Болид?». Вид материала: письмо Способ воспроизведения: автограф Языки: русский",3,3,ok
Опись 4,4,0896,1912,"Письмо инженера Л.А. Сазонова к К.Э. Циолковскому в ответ на его заметку ""Кто видел Болид?». Вид материала: письмо Способ воспроизведения: автограф Языки: русский",5,5,ok
Опись 4,4,0897,1913,"Письмо Салапиной к К.Э. Циолковскому в ответ на его заметку ""Кто видел Болид?». Вид материала: письмо Способ воспроизведения: автограф Языки: русский",3,3,ok
Опись 4,4,0898,1914,"Письмо учителя А. Сальникова к К.Э. Циолковскому в ответ на его заметку ""Кто видел Болид?». Вид материала: письмо Способ воспроизведения: автограф Языки: русский",4,4,ok
Опись 4,4,0899,1915,"Письмо А.В. Салмина к К.Э. Циолковскому в ответ на его заметку ""Кто видел Болид?». Вид материала: письмо Способ воспроизведения: автограф Языки: английский, русский",3,3,ok
Опись 4,4,0900,1916,"Письмо Л. Сафоновой к К.Э. Циолковскому в ответ на его заметку ""Кто видел Болид?». Вид материала: письмо Способ воспроизведения: автограф Языки: русский",4,4,ok
Опись 4,4,0901,1917,"Письмо Алексея Васильевича Свирина к К.Э. Циолковскому в ответ на его заметку ""Кто видел Болид?». Вид материала: письмо Способ воспроизведения: автограф Языки: русский",4,4,ok
Опись 4,4,0902,1918,"Письмо А. Семенко к К.Э. Циолковскому в ответ на его заметку ""Кто видел Болид?». Вид материала: письмо Способ воспроизведения: автограф Языки: русский",3,3,ok
Опись 4,4,0903,1919,"Письмо инженера С. Серебрякова к К.Э. Циолковскому в ответ на его заметку ""Кто видел Болид?». Вид материала: письмо Способ воспроизведения: автограф Языки: русский",3,3,ok
Опись 4,4,0904,1920,"Письмо Л. Сидорова к К.Э. Циолковскому в ответ на его заметку ""Кто видел Болид?». Вид материала: письмо Способ воспроизведения: автограф Языки: русский",7,7,ok
Опись 4,4,0905,1921,"Письмо А. Силаева к К.Э. Циолковскому в ответ на его заметку ""Кто видел Болид?». Вид материала: письмо Способ воспроизведения: автограф Языки: русский",4,4,ok
Опись 4,4,0906,1922,"Письмо Николая Петровича Синькина к К.Э. Циолковскому в ответ на его заметку ""Кто видел Болид?». Вид материала: письмо Способ воспроизведения: автограф Языки: русский",5,5,ok
Опись 4,4,0907,1923,"Письмо преподавателя биологии и химии В. Смирновой к К.Э. Циолковскому в ответ на его заметку ""Кто видел Болид?». Вид материала: письмо Способ воспроизведения: автограф Языки: русский",5,5,ok
Опись 4,4,0908,1924,"Письмо М.А. Смирновой к К.Э. Циолковскому в ответ на его заметку ""Кто видел Болид?». Вид материала: письмо Способ воспроизведения: автограф Языки: русский",6,6,ok
Опись 4,4,0909,1925,"Письмо Т. Смирновой к К.Э. Циолковскому в ответ на его заметку ""Кто видел Болид?». Вид материала: письмо Способ воспроизведения: автограф Языки: русский",3,3,ok
Опись 4,4,0910,1926,"Письмо К.И. Соколова к К.Э. Циолковскому в ответ на его заметку ""Кто видел Болид?». Вид материала: письмо Способ воспроизведения: автограф Языки: русский",5,5,ok
Опись 4,4,0911,1927,"Письмо Ольги Мироновны Соколовой к К.Э. Циолковскому в ответ на его заметку ""Кто видел Болид?». Вид материала: письмо Способ воспроизведения: автограф Языки: русский",4,4,ok
Опись 4,4,0912,1928,"Письмо М.И. Солодова к К.Э. Циолковскому в ответ на его заметку ""Кто видел Болид?». Вид материала: письмо Способ воспроизведения: автограф Языки: русский",8,8,ok
Опись 4,4,0913,1929,"Письмо школьницы В. Спицыной к К.Э. Циолковскому в ответ на его заметку ""Кто видел Болид?». Вид материала: письмо Способ воспроизведения: автограф Языки: русский",3,3,ok
Опись 4,4,0914,1930,"Письмо школьника Александра Александровича Старченко к К.Э. Циолковскому в ответ на его заметку ""Кто видел Болид?». Вид материала: письмо Способ воспроизведения: автограф Языки: русский",3,3,ok
Опись 4,4,0915,1931,"Письмо М.В. Стеженского к К.Э. Циолковскому в ответ на его заметку ""Кто видел Болид?». Вид материала: письмо Способ воспроизведения: автограф Языки: русский",3,3,ok
Опись 4,4,0916,1932,"Письмо Ювеналия Маркелловича Степанова к К.Э. Циолковскому в ответ на его заметку ""Кто видел Болид?». Вид материала: письмо Способ воспроизведения: автограф Языки: русский",5,5,ok
Опись 4,4,0917,1933,"Письмо Ивана Семеновича Степанчикова к К.Э. Циолковскому в ответ на его заметку ""Кто видел Болид?». Вид материала: письмо Способ воспроизведения: автограф Языки: русский",6,6,ok
Опись 4,4,0918,1934,"Письмо сотрудника Управления боевой подготовки РККА Стражевского к К.Э. Циолковскому в ответ на его заметку ""Кто видел Болид?». Вид материала: письмо Способ воспроизведения: автограф Языки: русский",4,4,ok
Опись 4,4,0919,1935,"Письмо студента педтехникума Евгения Сухомлина к К.Э. Циолковскому в ответ на его заметку ""Кто видел Болид?». Вид материала: письмо Способ воспроизведения: автограф Языки: русский",4,4,ok
Опись 4,4,0920,1936,"Письмо инженера М.М. Таланцева к К.Э. Циолковскому в ответ на его заметку ""Кто видел Болид?». Вид материала: письмо Способ воспроизведения: автограф Языки: русский",4,4,ok
Опись 4,4,0921,1937,"Письмо художника Талдыкина к К.Э. Циолковскому в ответ на его заметку ""Кто видел Болид?». Вид материала: письмо Способ воспроизведения: автограф Языки: английский, русский",3,3,ok
Опись 4,4,0922,1938,"Письмо школьника Николая [Константиновича] Тарасова к К.Э. Циолковскому в ответ на его заметку ""Кто видел Болид?». Вид материала: письмо Способ воспроизведения: автограф Языки: русский",4,4,ok
Опись 4,4,0923,1939,"Письмо А. Тейле к К.Э. Циолковскому в ответ на его заметку ""Кто видел Болид?». Вид материала: письмо Способ воспроизведения: автограф Языки: русский",3,3,ok
Опись 4,4,0924,1940,"Письмо Федора Федоровича Терентьева к К.Э. Циолковскому в ответ на его заметку ""Кто видел Болид?». Вид материала: письмо Способ воспроизведения: автограф Языки: русский",3,3,ok
Опись 4,4,0925,1941,"Письмо лаборанта Н. Титова к К.Э. Циолковскому в ответ на его заметку ""Кто видел Болид?». Вид материала: письмо Способ воспроизведения: автограф Языки: русский",3,3,ok
Опись 4,4,0926,1942,"Письмо сотрудника Госбанка С. Тихомирова к К.Э. Циолковскому в ответ на его заметку ""Кто видел Болид?». Вид материала: письмо Способ воспроизведения: автограф Языки: русский",3,3,ok
Опись 4,4,0927,1943,"Письмо В. Тишечкина к К.Э. Циолковскому в ответ на его заметку ""Кто видел Болид?». Вид материала: письмо Способ воспроизведения: автограф Языки: русский",7,7,ok
Опись 4,4,0928,1944,"Письмо зав. медпунктом Ольги Осиповны Тремут к К.Э. Циолковскому в ответ на его заметку ""Кто видел Болид?». Вид материала: письмо Способ воспроизведения: автограф Языки: русский",3,3,ok
Опись 4,4,0929,1945,"Письмо Трофимова к К.Э. Циолковскому в ответ на его заметку ""Кто видел Болид?». Вид материала: письмо Способ воспроизведения: автограф Языки: русский",3,3,ok
Опись 4,4,0930,1946,"Письмо Николая Федоровича Туманова к К.Э. Циолковскому в ответ на его заметку ""Кто видел Болид?». Вид материала: письмо Способ воспроизведения: автограф Языки: русский",5,5,ok
Опись 4,4,0931,1947,"Письмо Н. Турчиновича к К.Э. Циолковскому в ответ на его заметку ""Кто видел Болид?». Вид материала: письмо Способ воспроизведения: автограф Языки: русский",4,4,ok
Опись 4,4,0932,1948,"Письмо А.В. Умнова к К.Э. Циолковскому в ответ на его заметку ""Кто видел Болид?». Вид материала: письмо Способ воспроизведения: автограф Языки: русский",4,4,ok
Опись 4,4,0933,1949,"Письмо студента С.П. Устиновича к К.Э. Циолковскому в ответ на его заметку ""Кто видел Болид?». Вид материала: письмо Способ воспроизведения: автограф Языки: русский",5,5,ok
Опись 4,4,0934,1950,"Письмо агронома Фандеева к К.Э. Циолковскому в ответ на его заметку ""Кто видел Болид?». Вид материала: письмо Способ воспроизведения: автограф Языки: русский",6,6,ok
Опись 4,4,0935,1951,"Письмо А.В. Федорова к К.Э. Циолковскому в ответ на его заметку ""Кто видел Болид?». Вид материала: письмо Способ воспроизведения: автограф Языки: русский",3,3,ok
Опись 4,4,0936,1952,"Письмо Филиповского и В. Мельгунова к К.Э. Циолковскому в ответ на его заметку ""Кто видел Болид?». Вид материала: письмо Способ воспроизведения: автограф Языки: русский",3,3,ok
Опись 4,4,0937,1953,"Письмо слесаря Фролова к К.Э. Циолковскому в ответ на его заметку ""Кто видел Болид?». Вид материала: письмо Способ воспроизведения: автограф Языки: русский",5,5,ok
Опись 4,4,0938,1954,"Письмо преподавателя Б. Хавина к К.Э. Циолковскому в ответ на его заметку ""Кто видел Болид?». Вид материала: письмо Способ воспроизведения: автограф Языки: русский",3,3,ok
Опись 4,4,0939,1955,"Письмо колхозника Григория Петровича Харламова к К.Э. Циолковскому в ответ на его заметку ""Кто видел Болид?». Вид материала: письмо Способ воспроизведения: автограф Языки: русский",4,4,ok
Опись 4,4,0940,1956,"Письмо Хромова к К.Э. Циолковскому в ответ на его заметку ""Кто видел Болид?». Вид материала: письмо Способ воспроизведения: автограф Языки: русский",3,3,ok
Опись 4,4,0941,1957,"Письма инженера-механика М. Хрущева к К.Э. Циолковскому в ответ на его заметку ""Кто видел Болид?». Вид материала: письма Способ воспроизведения: автограф Языки: русский",8,8,ok
Опись 4,4,0942,1958,"Письмо студента П. Цветкова к К.Э. Циолковскому в ответ на его заметку ""Кто видел Болид?». Вид материала: письмо Способ воспроизведения: автограф Языки: русский",3,3,ok
Опись 4,4,0943,1959,"Письмо зав. школой Е.Ч. Ченце к К.Э. Циолковскому в ответ на его заметку ""Кто видел Болид?». Вид материала: письмо Способ воспроизведения: автограф Языки: русский",3,3,ok
Опись 4,4,0944,1960,"Письмо управдома Марии Игнатьевны Черепановой к К.Э. Циолковскому в ответ на его заметку ""Кто видел Болид?». Вид материала: письмо Способ воспроизведения: автограф Языки: русский",4,4,ok
Опись 4,4,0945,1961,"Письмо А. Шакалиса к К.Э. Циолковскому в ответ на его заметку ""Кто видел Болид?». Вид материала: письмо Способ воспроизведения: автограф Языки: русский",4,4,ok
Опись 4,4,0946,1962,"Письмо В. Шатова к К.Э. Циолковскому в ответ на его заметку ""Кто видел Болид?». Вид материала: письмо Способ воспроизведения: автограф Языки: русский",4,4,ok
Опись 4,4,0947,1963,"Письмо А. Шлыкова к К.Э. Циолковскому в ответ на его заметку ""Кто видел Болид?». Вид материала: письмо Способ воспроизведения: автограф Языки: русский",4,4,ok
Опись 4,4,0948,1964,"Письмо курсанта-комбайнера Петра Григорьевича Шульженко к К.Э. Циолковскому в ответ на его заметку ""Кто видел Болид?». Вид материала: письмо Способ воспроизведения: автограф Языки: русский",5,5,ok
Опись 4,4,0949,1965,"Письмо пожарного инструктора Николая Васильевича Шульца к К.Э. Циолковскому в ответ на его заметку ""Кто видел Болид?». Вид материала: письмо Способ воспроизведения: автограф Языки: русский",3,3,ok
Опись 4,4,0950,1966,"Письмо геолога Вадима Васильевича Шумова к К.Э. Циолковскому в ответ на его заметку ""Кто видел Болид?». Вид материала: письмо Способ воспроизведения: автограф Языки: русский",5,5,ok
Опись 4,4,0951,1967,"Письмо И.Н. Шумского к К.Э. Циолковскому в ответ на его заметку ""Кто видел Болид?». Вид материала: письмо Способ воспроизведения: автограф Языки: русский",5,5,ok
Опись 4,4,0952,1968,"Письмо Анатолия Михайловича Шагина к К.Э. Циолковскому в ответ на его заметку ""Кто видел Болид?». Вид материала: письмо Способ воспроизведения: автограф Языки: русский",4,4,ok
Опись 4,4,0953,1969,"Письмо Ю.И. Ягодина к К.Э. Циолковскому в ответ на его заметку ""Кто видел Болид?». Вид материала: письмо Способ воспроизведения: автограф Языки: русский",5,5,ok
Опись 4,4,0954,1970,"Письмо Б.Т. Яковлева к К.Э. Циолковскому в ответ на его заметку ""Кто видел Болид?». Вид материала: письмо Способ воспроизведения: автограф Языки: русский",6,6,ok
Опись 4,4,0955,1971,"Письмо зоотехника В.Л. Ямковенко к К.Э. Циолковскому в ответ на его заметку ""Кто видел Болид?». Вид материала: письмо Способ воспроизведения: автограф Языки: русский",3,3,ok
Опись 4,4,0956,1972,"Письмо С. Яткина к К.Э. Циолковскому в ответ на его заметку ""Кто видел Болид?». Вид материала: письмо Способ воспроизведения: автограф Языки: русский",3,3,ok
Опись 4,4,0956a,1973,"Письмо из Пипиковского сельского совета Ясековского района Московской области к К.Э. Циолковскому в ответ на его заметку ""Кто видел Болид?». Вид материала: письмо Способ воспроизведения: автограф Языки: русский",3,3,ok
Опись 4,4,0957,1974,Письмо неустановленного корреспондента к неустановленному адресату поступившее в архив вместе с остальными материалами К.Э. Циолковского. Вид материала: письмо Способ воспроизведения: автограф Языки: русский,3,3,ok
Опись 4,4,0958,1975,Письмо Ассонова Александра Васильевича Циолковской Любови Константиновне. Вид материала: письмо Способ воспроизведения: автограф Языки: русский,3,3,ok
Опись 4,4,0958a,1976,Письмо Ассонова Владимира Васильевича к Безъязычному Владимиру Иосифовичу. Вид материала: письмо Способ воспроизведения: автограф Языки: русский,7,7,ok
Опись 4,4,0958б,1977,Письмо Ассонова Владимира Васильевича к Самойловичу Сергею Ивановичу. Вид материала: письмо Способ воспроизведения: автограф Языки: русский,3,3,ok
Опись 4,4,0959,1978,Письмо В.Н. Баданина к Циолковской Любови Константиновне. Вид материала: письмо Способ воспроизведения: автограф Языки: русский,3,3,ok
Опись 4,4,0959a,1979,"Письмо Бельской Фортикову Ивану, Петровичу. Вид материала: письмо Способ воспроизведения: автограф Языки: русский",5,5,ok
Опись 4,4,0960,1980,"Письмо неизвестного автора к Циолковской Любови Константиновне, поступившее в архив вместе с остальными материалами К.Э. Циолковского. Вид материала: письмо Способ воспроизведения: автограф Языки: русский",3,3,ok
Опись 4,4,0961,1981,"Письмо секретаря Горьковского астрономо-геодезического общества А. Виноградова к инженеру, научному руководителю по подготовке к изданию трудов К.Э. Циолковского Воробьеву Борису Никитичу. Вид материала: письмо Способ воспроизведения: автограф Языки: русский",3,3,ok
Опись 4,4,0961a,1982,Письмо Воробьева Бориса Никитича к Ассонову Владимиру Васильевичу. Вид материала: письмо Способ воспроизведения: автограф Языки: русский,5,5,ok
Опись 4,4,0962,1983,"Письма инженера, научного руководителя по подготовке и изданию трудов К.Э. Циолковского Воробьева Бориса Никитича к Щербакову Сергею Сергеевичу. Вид материала: письма Способ воспроизведения: машинопись Языки: русский",3,3,ok
Опись 4,4,0963,1984,Письмо Ю.Н. Германа к Циолковской Любови Константиновне. Вид материала: письмо Способ воспроизведения: автограф Языки: русский,4,4,ok
Опись 4,4,0964,1985,Письмо М. Горького [Пешков Алексей Максимович] к Щербакову Сергею Васильевичу. Вид материала: письмо Способ воспроизведения: автограф Языки: русский,3,3,ok
Опись 4,4,0965,1986,Письмо бывшей учительницы Дмитриевой Елизаветы Николаевны (жена авиатора Дмитриева) к Перельману Якову Исидоровичу. Вид материала: письмо Способ воспроизведения: автограф Языки: русский,5,5,ok
Опись 4,4,0965a,1987,Письмо Костина Алексея [Вениаминовича] (внук К.Э. Циолковского) к Ассонову Владимиру Васильевичу. Вид материала: письмо Способ воспроизведения: машинопись Языки: русский,7,7,ok
Опись 4,4,0965б,1988,"Письмо Костина Вениамина [Вениаминовича] (внук К.Э. Циолковского) к Воробьеву Борису Никитовичу. Вид материала: письмо Способ воспроизведения: автограф, машинопись Языки: русский",3,3,ok
Опись 4,4,0965в,1989,Письмо Костина Вениамина к Костиной-Циолковской Марии Константиновне. Вид материала: письмо Способ воспроизведения: автограф Языки: русский,5,5,ok
Опись 4,4,0965г,1990,Письма Костиной Марии Константиновны (дочь К.Э. Циолковского) к Ассонову Владимиру Васильевичу. Вид материала: письма Способ воспроизведения: автограф Языки: русский,41,41,ok
Опись 4,4,0966,1991,"Письма Костиной Марии Константиновны (дочь К.Э. Циолковского) к инженеру, научному руководителю по подготовке к изданию трудов К.Э. Циолковского Воробьеву Борису Никитичу. Вид материала: письма Способ воспроизведения: автограф Языки: русский",7,7,ok
Опись 4,4,0966а,1992,Письма Костиной Марии Константиновны (урожденная Циолковская) Солодкову Георгию Ильичу. Вид материала: письма Способ воспроизведения: автограф Языки: русский,10,10,ok
Опись 4,4,0967,1993,"Письмо секретаря редакции журнала ""Техника массам"" В. Кривенко к начальнику сектора оргмассовой работы ЦГИРДа Фортикову Ивану Петровичу. Вид материала: письмо Способ воспроизведения: автограф Языки: русский",3,3,ok
Опись 4,4,0968,1994,"Письмо писателя В. Лея к начальнику сектора оргмассой работы ЦГИРДа Фортикову Ивану Петровичу. Вид материала: письмо Способ воспроизведения: автограф Языки: немецкий, русский",3,3,ok
Опись 4,4,0969,1995,Письмо В.С. Лунегова к Перельману Якову Исидоровичу из поселка Добрино Омской Области. Вид материала: письмо Способ воспроизведения: автограф Языки: русский,4,4,ok
Опись 4,4,0969а,1996,Письма Львова Влад[имира] к Варварову Николаю Александровичу. Вид материала: письма Способ воспроизведения: автограф Языки: русский,16,16,ok
Опись 4,4,0970,1997,"Письмо Ивана Ивановича Малахова в ""Московский институт им. Циолковского"". Вид материала: письмо Способ воспроизведения: автограф Языки: русский",6,6,ok
Опись 4,4,0970а,1998,Письмо главного библиографа по краеведению Калужской библиотеки им. В. Белинского Генриэтты Михайловны Морозовой к Ассонову Владимиру Васильевичу. Вид материала: письмо Способ воспроизведения: машинопись Языки: русский,2,2,ok
Опись 4,4,0971,1999,Письма Якова Исидоровича Перельмана к начальнику сектора оргмассовой работы ЦГИРДа Ивану Петровичу Фортикову. Вид материала: письма Способ воспроизведения: автограф Языки: русский,39,39,ok
Опись 4,4,0972,2000,"Письмо ст. н. сотр. КИТ АН СССР, к. ф. н. Александра Петровича Примаковского к научному сотруднику по подготовке к изданию трудов К.Э. Циолковского. Вид материала: письмо Способ воспроизведения: машинопись Языки: русский",4,4,ok
Опись 4,4,0973,2001,Письма профессора Ленинградского института путей сообщения Николая Алексеевича Рынина к начальнику сектора оргмассовой работы ЦГИРДа Ивану Петровичу Фортикову. Вид материала: письма Способ воспроизведения: автограф Языки: русский,31,31,ok
Опись 4,4,0974,2002,"Письма инженера Владимира Владимировича Рюмина к Ивану Петровичу Фортикову. Вид материала: письма Способ воспроизведения: автограф, машинопись Языки: русский",39,39,ok
Опись 4,4,0975,2003,Письмо Самарина к Ивану Петровичу Фортикову. Вид материала: письмо Способ воспроизведения: автограф Языки: русский,3,3,ok
Опись 4,4,0975а,2004,Письмо Самойловича Сергея Ивановича к Архипову Иосифу Павловичу. Вид материала: письмо Способ воспроизведения: машинопись Языки: русский,6,6,ok
Опись 4,4,0975б,2005,Письмо Самойловича Сергея Ивановича к Волковицкой Тамаре Людвиговне. Вид материала: письмо Способ воспроизведения: машинопись Языки: русский,3,3,ok
Опись 4,4,0975в,2006,"Письма Самойловича Сергея Ивановича к Пятецкому Захару Григорьевичу. Вид материала: письма Способ воспроизведения: автограф, машинопись Языки: русский",115,115,ok
Опись 4,4,0975г,2007,"Письмо Самойловича Сергея Ивановича к зам.директора Института истории, естествознания и техники Федорову Александру Сергеевичу. Вид материала: письмо Способ воспроизведения: машинопись Языки: русский",4,4,ok
Опись 4,4,0976,2008,"Письма Самойловича Сергея Ивановича к Фортикову Ивану Петровичу из Калуги. Вид материала: письма, телеграммы Способ воспроизведения: автограф Языки: русский",18,18,ok
Опись 4,4,0976а,2009,"Письмо Самойловича Сергея Ивановича к неустановленному адресату с обращением ""Степан Исаакович"". Вид материала: письмо Способ воспроизведения: машинопись Языки: русский",4,4,ok
Опись 4,4,0976б,2010,Письмо Самойловича Сергея Ивановича в областное управление культуры. Вид материала: письмо Способ воспроизведения: машинопись Языки: русский,5,5,ok
Опись 4,4,0976в,2011,Письмо Сашенкова Евгения П. к Ассонову Владимиру Васильевичу. Вид материала: письмо Способ воспроизведения: автограф Языки: русский,4,4,ok
Опись 4,4,0977,2012,Письмо В.К. Севаева к Перельману Якову Исидоровичу. Вид материала: письмо Способ воспроизведения: автограф Языки: русский,3,3,ok
Опись 4,4,0978,2013,Письма Солодкова Георгия Ильича к Циолковской Любови Константиновне. Вид материала: письма Способ воспроизведения: автограф Языки: русский,11,11,ok
Опись 4,4,0979а,2015,Письмо Циолковской Любови Константиновны к Ассонову Владимиру Васильевичу. Вид материала: письмо Способ воспроизведения: автограф Языки: русский,8,8,ok
Опись 4,4,0979б,2016,Письмо Филиппова Михаила Евтихеевича к Ассонову Владимиру Васильевичу. Вид материала: письмо Способ воспроизведения: автограф Языки: русский,3,3,ok
Опись 4,4,0979в,2017,Письма Циолковской Любови Константиновны к Рынину Николаю Алексеевичу. Вид материала: письма Способ воспроизведения: автограф Языки: русский,51,51,ok
Опись 4,4,0980,2018,Письмо Циолковской Любови Константиновны к Самойловичу Сергею Ивановичу. Вид материала: письмо Способ воспроизведения: автограф Языки: русский,2,2,ok
Опись 4,4,0980а,2019,Письмо Циолковской Любови Константиновны к Солодкову Георгию Ильичу. Вид материала: письмо Способ воспроизведения: автограф Языки: русский,5,5,ok
Опись 4,4,0981,2020,Письмо инженера Шершевского Александра Борисовича к начальнику сектора оргмассовой работы ЦГИРДа Фортикову Ивану Петровичу. Вид материала: письмо Способ воспроизведения: автограф Языки: русский,5,5,ok
Опись 4,4,0982,2021,Письмо Щеголевой Фаины Алексеевны к Циолковской Варваре Евграфовне. Вид материала: письмо Способ воспроизведения: автограф Языки: русский,3,3,ok
Опись 4,4,0983,2022,Письмо Щербакова Сергея Сергеевича к заведующему музеем К.Э. Циолковского. Вид материала: письмо Способ воспроизведения: автограф Языки: русский,3,3,ok
Опись 4,4,0984,2023,"Выписки из писем, присланных К.Э. Циолковскому и копии ответов К.Э. Циолковского его корреспондентам. Вид материала: письма Способ воспроизведения: автограф, машинопись Языки: русский",539,539,ok
Опись 4,4,0985,2024,"Письмо К.Э. Циолковского секретарю Академии наук в Берлине с набросками о формировании и образовании планетной системы. Вид материала: письмо Способ воспроизведения: автограф Языки: русский, французский",5,5,ok
