portal_id,opis_code,delo,dates_raw,year_from,year_to,conjectural,material,reproduction
1,1,0001,1891 г.,1891,1891,0,статья,автограф
2,1,0002,18.05.1891 - 19.08.1932,1891,1932,0,статья,автограф
3,1,0003,февраль 1893 г.,1893,1893,0,замечания к статье,автограф
4,1,0004,5.10.1897 - 17.12.1897,1897,1897,0,письма,"автограф, машинопись"
5,1,0005,[1898 г.],1898,1898,1,письмо,"автограф, машинопись"
6,1,0006,12.12.1901 - 12.12.1902,1901,1902,0,доклад,автограф
7,1,0007,декабрь 1901 г. - 8.01.1902,1901,1902,0,копии чертежей,автограф
8,1,0008,декабрь 1901 г. - 29.03.1908,1901,1908,0,доклад,автограф
9,1,0009,декабрь 1901 г.,1901,1901,0,атлас чертежей,автограф
10,1,0010,4.02.1909 г.,1909,1909,0,фрагмент статьи,автограф
11,1,0011,14.07.1921 г.,1921,1921,0,статья,автограф
12,1,0012,сентябрь 1926 г. - декабрь 1926,1926,1926,0,"наброски, черновые таблицы",автограф
13,1,0013,[1926 г.],1926,1926,1,статья,автограф
14,1,0014,6.05.1927 г.- 10.01.1928 г.,1927,1928,0,"таблицы, формулы",автограф
15,1,0015,30.01.1930,1930,1930,0,"вычисления, формулы",автограф
16,1,0016,24.08.1930,1930,1930,0,отрывки,автограф
17,1,0017,9.05.1932,1932,1932,0,статья,автограф
18,1,0018,18.06.1932,1932,1932,0,статья,машинопись с правкой автора
19,1,0019,13.07.1932,1932,1932,0,отрывок,автограф
20,1,0020,16.11.1932,1932,1932,0,статья,машинопись с правкой автора
21,1,0021,25.11.1932,1932,1932,0,статья,машинопись с правкой автора
22,1,0022,[1932 г.],1932,1932,1,статья,машинопись с правкой автора
23,1,0023,14.12.1933,1933,1933,0,статья,машинопись с правкой автора
24,1,0024,8.02.1934,1934,1934,0,статья,машинопись с правкой автора
25,1,0025,27.08.1934,1934,1934,0,статья,автограф
26,1,0026,12.03.1935,1935,1935,0,статья,"автограф, машинопись с правкой автора"
28,1,0028,1878 г.,1878,1878,0,"отрывки, чертежи",автограф
29,1,0029,1879 г. - февраль 1923 г.,1879,1923,0,чертежи,автограф
30,1,0030,14.03.1879 - 19.03.1879,1879,1879,0,"вычисления, формулы",автограф
31,1,0031,20.02.1883 - 13.04.1883,1883,1883,0,статья,автограф
32,1,0032,10.05.1897 - 1911 гг.,1897,1911,0,фрагменты рукописей,автограф
33,1,0033,[1905 г.],1905,1905,1,статья,автограф
34,1,0034,[1911 г.],1911,1911,1,статья,автограф
35,1,0035,[1911 г.],1911,1911,1,статья,автограф
36,1,0036,26.09.1913,1913,1913,0,повесть,автограф
37,1,0037,28.12.1913 - 16.08.1916,1913,1916,0,отрывки вычислений,автограф
38,1,0038,ранее 1917 г. - апрель 1917 г.,1917,1917,0,предисловие к повести,автограф
39,1,0039,23.10.1921,1921,1921,0,набросок статьи,автограф
40,1,0040,29.10.1923 - 1.11.1923,1923,1923,0,статья,автограф
41,1,0041,22.11.1923,1923,1923,0,добавление к статье,автограф
42,1,0042,2.12.1923,1923,1923,0,формулы,автограф
43,1,0043,21.04.1924 - 22.05.1924,1924,1924,0,статья,автограф
44,1,0044,5.05.1924 - 18.07.1924,1924,1924,0,"материалы к ней, статья",автограф
45,1,0045,26.05.1924 - 11.08.1926,1924,1926,0,"материалы к ней, статья, таблицы",автограф
46,1,0046,июль 1924 г. - 8.06.1926,1924,1926,0,статья,"автограф, машинопись с правкой автора"
47,1,0047,[июнь 1925 г.],1925,1925,1,статья,автограф
48,1,0048,18.09.1925 - 31.12.1925,1925,1925,0,"расчёты, формулы",автограф
49,1,0049,7.11.1925 - 17.11.1925,1925,1925,0,"набросок письма, статья",автограф
50,1,0050,7.11.1925 - июнь 1926 г.,1925,1926,0,статья,автограф
51,1,0051,декабрь 1925 г. - февраль 1926 г,1925,1926,0,"материалы к ней, статья",автограф
52,1,0052,[1925 г.],1925,1925,1,программа лекций,автограф
53,1,0053,16.04.1926,1926,1926,0,письмо,автограф
54,1,0054,14.05.1927,1927,1927,0,предисловие к книге,"автограф, машинопись с правкой автора"
55,1,0055,17.10.1927 - 26.11.1927,1927,1927,0,черновой набросок,автограф
56,1,0056,ноябрь 1928 г.,1928,1928,0,статья,машинопись с правкой автора
57,1,0057,22.06.1929,1929,1929,0,вставки к работе,"автограф, машинопись"
58,1,0058,декабрь 1929 г.,1929,1929,0,статья,машинопись с правкой автора
59,1,0059,декабрь 1929 г.,1929,1929,0,статья,машинопись с правкой автора
60,1,0060,1929 г.,1929,1929,0,статья,машинопись с правкой автора
61,1,0061,5.01.1930,1930,1930,0,статья,машинопись с правкой автора
62,1,0062,25.07.1930,1930,1930,0,фрагмент,автограф
63,1,0063,13.10.1930,1930,1930,0,формулы,автограф
64,1,0064,октябрь 1930 г.,1930,1930,0,статья,машинопись с правкой автора
65,1,0065,25.11.1930,1930,1930,0,статья,машинопись с правкой автора
66,1,0066,1930 г.,1930,1930,0,статья,машинопись с правкой автора
67,1,0067,1930 - 1931 гг.,1930,1931,0,"рисунки, таблицы, формулы","автограф, машинопись с правкой автора"
68,1,0068,[не позднее 1930 г.],1930,1930,1,статья,машинопись с правкой автора
69,1,0069,1930 - 1932 гг.,1930,1932,0,"таблицы, черновые чертежи","автограф, машинопись с правкой автора"
70,1,0070,20.01.1931,1931,1931,0,формулы,автограф
71,1,0071,август 1931 г.,1931,1931,0,статья,машинопись с правкой автора
72,1,0072,март 1932 г.,1932,1932,0,статья,машинопись с правкой автора
73,1,0073,март 1932 г.,1932,1932,0,статья,машинопись с правкой автора
74,1,0074,май 1932 г.,1932,1932,0,статья,машинопись с правкой автора
75,1,0075,29.06.1932,1932,1932,0,статья,машинопись с правкой автора
76,1,0076,29.06.1932,1932,1932,0,лекция,машинопись с правкой автора
77,1,0077,18.07.1932,1932,1932,0,рисунки,автограф
78,1,0078,26.07.1932,1932,1932,0,статья,автограф
79,1,0079,11.09.1932,1932,1932,0,статья,машинопись с правкой автора
80,1,0080,4.10.1932,1932,1932,0,статья,машинопись
81,1,0081,[1932 г.],1932,1932,1,статья,машинопись с правкой автора
82,1,0082,1.01.1933,1933,1933,0,статья,машинопись с правкой автора
83,1,0083,1.03.1933,1933,1933,0,статья,машинопись с правкой автора
84,1,0084,21.06.1933,1933,1933,0,статья,машинопись с правкой автора
85,1,0085,29.08.1933,1933,1933,0,статья,машинопись с правкой автора
86,1,0086,август 1933 г.,1933,1933,0,статья,машинопись с правкой автора
87,1,0087,12.09.1933,1933,1933,0,рисунки,автограф
88,1,0088,26.10.1933,1933,1933,0,"замечания, надписи к картинам","автограф, машинопись"
89,1,0089,8.11.1933 - 9.11.1933,1933,1933,0,таблицы,автограф
90,1,0090,8.11.1933 - 9.11.1933,1933,1933,0,таблицы,автограф
91,1,0091,[октябрь 1933 г.] - [ноябрь 1933,1933,1933,1,схемы,автограф
92,1,0092,[октябрь 1933 г.] - [ноябрь 1933,1933,1933,1,"рисунки, таблицы",автограф
93,1,0093,3.10.1933,1933,1933,0,статья,автограф
94,1,0094,[1933 г.],1933,1933,1,план,автограф
95,1,0095,12.02.1934,1934,1934,0,конспект статьи,"автограф, машинопись с правкой автора"
96,1,0096,15.02.1934,1934,1934,0,набросок,автограф
97,1,0097,17.03.1934,1934,1934,0,отрывок,автограф
98,1,0098,22.10.1934,1934,1934,0,статья,автограф
99,1,0099,2.11.1934,1934,1934,0,формулы,автограф
100,1,0100,5.11.1934,1934,1934,0,статья,автограф
101,1,0101,12.08.1934,1934,1934,0,монография,"автограф, машинопись с правкой автора"
102,1,0102,[1934 г.] - [1935 г.],1934,1935,1,монография,"автограф, машинопись с правкой автора"
103,1,0103,[1934 г.] - [1935 г.],1934,1935,1,монография,"автограф, машинопись с правкой автора"
104,1,0104,[1934 г.] - [1935 г.],1934,1935,1,монография,"автограф, машинопись с правкой автора"
105,1,0105,28.01.1935,1935,1935,0,монография,"автограф, машинопись с правкой автора"
106,1,0106,27.02.1935,1935,1935,0,статья,"автограф, машинопись"
107,1,0107,10.03.1935 - 10.08.1935,1935,1935,0,монография,"автограф, машинопись с правкой автора"
108,1,0108,21.03.1935,1935,1935,0,монография,"автограф, машинопись с правкой автора"
109,1,0109,21.03.1935,1935,1935,0,монография,"автограф, машинопись с правкой автора"
110,1,0110,25.03.1935,1935,1935,0,статья,машинопись с правкой автора
111,1,0111,29.03.1935,1935,1935,0,"материалы, черновые материалы",автограф
112,1,0112,29.03.1935,1935,1935,0,статья,машинопись с правкой автора
113,1,0113,17.04.1935,1935,1935,0,статья,машинопись
114,1,0114,23.04.1935,1935,1935,0,статья,"автограф, машинопись с правкой автора"
115,1,0115,28.04.1935,1935,1935,0,статья,"автограф, машинопись"
116,1,0116,28.07.1935,1935,1935,0,статья,"автограф, машинопись с правкой автора"
117,1,0117,[1935 г.],1935,1935,1,монография,"автограф, машинопись с правкой автора"
118,1,0118,1935 г.,1935,1935,0,статья,"автограф, машинопись с правкой автора"
119,1,0119,1935 г.,1935,1935,0,"статья, фрагмент","автограф, машинопись"
120,1,0120,1935 г.,1935,1935,0,таблицы,автограф
121,1,0121,1935 г.,1935,1935,0,"смета, фрагмент",автограф
122,1,0122,1935 г.,1935,1935,0,фрагменты,автограф
123,1,0123,5.09.1886,1886,1886,0,статья,автограф
124,1,0124,[1896 г.],1896,1896,1,статья,автограф
125,1,0125,30.08.1890,1890,1890,0,статья,автограф
127,1,0126,[19.07.1905] - [1906 г.],1905,1906,1,"главы, монография, оглавление, чертежи",автограф
128,1,0127,20.02.1907,1907,1907,0,статья,автограф
129,1,0128,14.07.1907 - 4.01.1908,1907,1908,0,"главы, монография",автограф
130,1,0129,21.08.1907 - 9.02.1909,1907,1909,0,"таблицы, формулы",автограф
131,1,0130,[1907 г.],1907,1907,1,статья,автограф
132,1,0131,11.07.1909,1909,1909,0,статья,автограф
133,1,0132,20.03.1912,1912,1912,0,статья,автограф
134,1,0133,1912 г. - 1913 г.,1912,1913,0,чертёж,автограф
135,1,0134,[1913 г.],1913,1913,1,статья,автограф
136,1,0135,17.05.1916,1916,1916,0,статья,автограф
137,1,0136,20.05.1917,1917,1917,0,описание диапозитивов,автограф
138,1,0137,28.02.1918,1918,1918,0,"расчёты, формулы",автограф
139,1,0138,1918 г.,1918,1918,0,статья,автограф
141,1,0140,1919 г. - 1921 г.,1919,1921,0,статья,машинопись с правкой автора
142,1,0141,9.03.1919 - 22.10.1920,1919,1920,0,"статья, фрагменты",автограф
143,1,0142,[1920 г.],1920,1920,1,статья,автограф
144,1,0143,3.10.1921,1921,1921,0,статья,автограф
145,1,0144,1921 г. - 18.04.1922,1921,1922,0,статья,автограф
146,1,0145,[1921 г.],1921,1921,1,описание чертежей и таблиц,машинопись с правкой автора
147,1,0145а,1921 г. - 1933 г.,1921,1933,0,"письма, программы работ","автограф, машинопись с правкой автора"
148,1,0146,апрель 1922 г.,1922,1922,0,выдержки из работы,машинопись
149,1,0147,7.08.1922,1922,1922,0,чертежи,автограф
150,1,0148,1922 г. - 18.10.1925,1922,1925,0,таблицы,автограф
151,1,0149,[1922 г.],1922,1922,1,"объяснительная записка, смета",машинопись
152,1,0150,[1924 г.],1924,1924,1,статья,автограф
153,1,0151,10.01.1925,1925,1925,0,"вычисления, таблицы, формулы",автограф
154,1,0152,13.04.1925,1925,1925,0,статья,автограф
155,1,0153,21.06.1925 - 28.06.1925,1925,1925,0,"пояснения к таблицам, расчёты",автограф
156,1,0154,29.07.1925,1925,1925,0,ответ на возражения,автограф
157,1,0155,30.07.1925,1925,1925,0,описание работ,автограф
158,1,0156,23.07.1925,1925,1925,0,статья,автограф
159,1,0157,9.08.1925 - 8.09.1925,1925,1925,0,"расчёты, таблицы",автограф
160,1,0158,27.08.1925,1925,1925,0,описание устройства,автограф
161,1,0159,8.09.1925,1925,1925,0,статья,автограф
162,1,0160,27.09.1925,1925,1925,0,статья,автограф
163,1,0161,11.10.1925 - 9.07.1926,1925,1926,0,"расчёты, формулы",автограф
164,1,0162,9.01.1926,1926,1926,0,описание работ,автограф
165,1,0163,14.04.1926,1926,1926,0,"заметки, пояснения, расчёты, чертежи",автограф
166,1,0164,24.04.1926,1926,1926,0,инструкция,автограф
167,1,0165,28.04.1926 - 18.08.1926,1926,1926,0,"документы, письма","автограф, машинопись"
168,1,0166,29.04.1926,1926,1926,0,заметка,автограф
169,1,0167,29.04.1926,1926,1926,0,таблицы,автограф
170,1,0168,29.05.1926 - 30.05.1926,1926,1926,0,"расчёты, черновик ответа",автограф
171,1,0169,май 1926 г.,1926,1926,0,шаблоны,автограф
172,1,0170,28.10.1927 - 13.11.1927,1927,1927,0,набросок плана,автограф
173,1,0171,28.10.1927,1927,1927,0,план работы,автограф
174,1,0172,28.01.1928 - 27.02.1928,1928,1928,0,план работ,автограф
175,1,0173,15.02.1928,1928,1928,0,статья,автограф
176,1,0174,1928 г.,1928,1928,0,таблицы,автограф
177,1,0175,2.04.1929,1929,1929,0,план работ,автограф
178,1,0176,29.12.1929 - 1930 г.,1929,1930,0,статья,"автограф, машинопись с правкой автора"
179,1,0177,15.06.1930,1930,1930,0,"пояснения к ним, чертежи",машинопись с правкой автора
180,1,0178,30.09.1930,1930,1930,0,статья,машинопись с правкой автора
181,1,0179,3.10.1930,1930,1930,0,статья,машинопись с правкой автора
182,1,0180,22.10.1930,1930,1930,0,статья,машинопись с правкой автора
183,1,0181,28.11.1930,1930,1930,0,статья,машинопись с правкой автора
184,1,0182,3.12.1930,1930,1930,0,статья,машинопись с правкой автора
185,1,0183,28.12.1930,1930,1930,0,статья,машинопись с правкой автора
186,1,0184,декабрь 1930 г.,1930,1930,0,статья,машинопись с правкой автора
187,1,0185,1930 г.,1930,1930,0,статья,машинопись с правкой автора
188,1,0186,[не ранее 1930 г.],1930,1930,1,статья,машинопись
189,1,0186а,[1930 г.] - [1932 г.],1930,1932,1,статья,авторизованная машинопись
190,1,0187,1.01.1931,1931,1931,0,"таблицы, чертежи",автограф
191,1,0188,1.01.1931,1931,1931,0,план работ,машинопись с правкой автора
192,1,0189,15.03.1931,1931,1931,0,статья,машинопись с правкой автора
193,1,0190,23.08.1931,1931,1931,0,статья,"автограф, машинопись с правкой автора"
194,1,0191,14.09.1931,1931,1931,0,статья,"автограф, машинопись с правкой автора"
195,1,0192,1.11.1931,1931,1931,0,статья,"автограф, машинопись с правкой автора"
196,1,0193,январь 1932 г.,1932,1932,0,статья,"автограф, машинопись с правкой автора"
197,1,0194,январь 1932 г.,1932,1932,0,статья,машинопись с правкой автора
198,1,0195,27.05.1932,1932,1932,0,статья,"автограф, машинопись"
199,1,0196,3.06.1932,1932,1932,0,объяснительная записка,машинопись с правкой автора
200,1,0197,12.06.1932,1932,1932,0,статья,машинопись
201,1,0198,июнь 1932 г.,1932,1932,0,статья,машинопись с правкой автора
202,1,0199,июль 1932 г.,1932,1932,0,текст выступления,машинопись с правкой автора
203,1,0200,10.08.1932,1932,1932,0,предисловие,автограф
204,1,0201,26.09.1932,1932,1932,0,текст выступления,"автограф, машинопись с правкой автора"
205,1,0202,3.10.1932,1932,1932,0,текст выступления,машинопись с правкой автора
206,1,0203,4.11.1932 - 14.07.1933,1932,1933,0,"статья, чертежи, шаблоны","автограф, машинопись с правкой автора"
207,1,0204,7.03.1933,1933,1933,0,статья,машинопись с правкой автора
208,1,0205,10.03.1933,1933,1933,0,статья,машинопись с правкой автора
209,1,0206,март 1933 г.,1933,1933,0,фрагменты лекций,"автограф, машинопись с правкой автора"
210,1,0207,март 1933 г.,1933,1933,0,статья,машинопись с правкой автора
211,1,0208,7.10.1933,1933,1933,0,фрагменты,автограф
212,1,0209,8.10.1933,1933,1933,0,статья,машинопись с правкой автора
213,1,0210,октябрь 1933 г.,1933,1933,0,статья,машинопись с правкой автора
214,1,0211,1933 г.,1933,1933,0,статья,машинопись с правкой автора
215,1,0212,2.03.1934,1934,1934,0,"наброски, рисунки, таблицы, фрагменты статьи, шаблоны",автограф
216,1,0213,8.03.1934,1934,1934,0,статья,"автограф, машинопись с правкой автора"
217,1,0214,январь 1934 г.,1934,1934,0,проект,Языки: русский
218,1,0215,январь 1934 г.,1934,1934,0,проект,Языки: русский
219,1,0216,[1934 г.],1934,1934,1,статья,"автограф, машинопись с правкой автора"
220,1,0217,7.07.1935,1935,1935,0,статья,"автограф, машинопись с правкой автора"
221,1,0218,1935 г.,1935,1935,0,фрагмент,автограф
222,1,0219,1935 г.,1935,1935,0,список работ,автограф
223,1,0220,1935 г.,1935,1935,0,"расчёты, формулы",автограф
224,1,0221,1935 г.,1935,1935,0,шаблоны,фотографии
225,1,0222,1935 г.,1935,1935,0,"рисунки, чертежи, шаблоны","автограф, машинопись"
226,1,0223,1912 г. - 1931 г.,1912,1931,0,"фотографии моделей, шаблоны",фотографии
227,1,0224,1935 г.,1935,1935,0,фрагменты статей,автограф
228,1,0225,1935 г.,1935,1935,0,статья,автограф
229,1,0226,1893 г.,1893,1893,0,статья,машинопись
230,1,0227,1894 г.,1894,1894,0,статья,автограф
231,1,0228,1905 г.,1905,1905,0,статья,"автограф, машинопись"
232,1,0229,3.03.1907,1907,1907,0,статья,автограф
233,1,0230,1913 г. - 1923 г.,1913,1923,0,"заметки, наброски, таблицы","автограф, машинопись"
234,1,0231,1913 г. - 1929 г.,1913,1929,0,таблицы,автограф
235,1,0232,15.02.1914,1914,1914,0,статья,автограф
236,1,0233,февраль 1914 г.,1914,1914,0,статья,"автограф, машинопись"
237,1,0234,11.11.1918,1918,1918,0,статья,автограф
238,1,0235,12.11.1918 - 11.02.1923,1918,1923,0,статья,автограф
239,1,0236,[18.12.1918],1918,1918,1,отрывок статьи,автограф
240,1,0237,1919 г.,1919,1919,0,статья,"автограф, машинопись с правкой автора"
241,1,0238,1.07.1919 - 22.02.1923,1919,1923,0,статья,"автограф, машинопись"
242,1,0239,2.12.1920,1920,1920,0,статья,автограф
243,1,0240,7.12.1920 - 10.12.1920,1920,1920,0,статья,автограф
244,1,0241,11.12.1920,1920,1920,0,статья,автограф
245,1,0242,1920 г.,1920,1920,0,статья,"автограф, машинопись с правкой автора"
246,1,0243,1920 г.,1920,1920,0,статья,машинопись
247,1,0244,30.07.1921,1921,1921,0,статья,автограф
248,1,0245,6.08.1921,1921,1921,0,статья,автограф
249,1,0246,20.09.1921,1921,1921,0,статья,автограф
250,1,0247,сентябрь 1921 г.,1921,1921,0,статья,"автограф, машинопись с правкой автора"
251,1,0248,6.01.1923,1923,1923,0,фрагменты,автограф
252,1,0249,12.07.1923,1923,1923,0,статья,автограф
253,1,0250,7.12.1923,1923,1923,0,статья,автограф
254,1,0251,21.12.1923,1923,1923,0,статья,"автограф, машинопись"
255,1,0252,1923 г. - 4.06.1924 г.,1923,1924,0,статья,автограф
256,1,0253,11.02.1924 - 2.03.1924,1924,1924,0,"вычисления, формулы",автограф
257,1,0254,23.02.1924 - 12.12.1924,1924,1924,0,формулы,автограф
258,1,0255,6.08.1924,1924,1924,0,статья,автограф
259,1,0256,29.08.1924,1924,1924,0,статья,автограф
260,1,0257,4.11.1924,1924,1924,0,статья,"автограф, машинопись"
261,1,0258,[1924 г.],1924,1924,1,отрывок статьи,автограф
262,1,0259,14.04.1925,1925,1925,0,статья,автограф
263,1,0260,25.11.1925,1925,1925,0,"выписки, статья, черновые наброски",автограф
264,1,0261,12.09.1927 - 1929 г.,1927,1929,0,статья,"автограф, машинопись с правкой автора"
265,1,0262,сентябрь 1927 г.,1927,1927,0,статья,машинопись с правкой автора
266,1,0263,26.10.1927,1927,1927,0,статья,автограф
267,1,0264,ноябрь 1927 г.,1927,1927,0,статья,автограф
268,1,0265,5.07.1927,1927,1927,0,статья,автограф
269,1,0266,5.05.1928,1928,1928,0,отрывок,автограф
270,1,0267,15.11.1928 - 4.02.1933,1928,1933,0,статья,машинопись с правкой автора
271,1,0268,[1928 г.],1928,1928,1,статья,машинопись с правкой автора
272,1,0269,1929 г.,1929,1929,0,статья,машинопись с правкой автора
273,1,0270,февраль 1932 г.,1932,1932,0,статья,машинопись с правкой автора
274,1,0271,12.03.1932,1932,1932,0,статья,машинопись с правкой автора
275,1,0272,март 1932 г.,1932,1932,0,статья,машинопись с правкой автора
276,1,0273,29.08.1932,1932,1932,0,статья,машинопись с правкой автора
277,1,0274,14.09.1932,1932,1932,0,статья,машинопись с правкой автора
278,1,0275,14.09.1932,1932,1932,0,статья,машинопись с правкой автора
279,1,0276,18.09.1932,1932,1932,0,статья,машинопись с правкой автора
280,1,0277,27.09.1932,1932,1932,0,статья,машинопись с правкой автора
281,1,0278,8.10.1932,1932,1932,0,статья,машинопись с правкой автора
282,1,0279,12.01.1933,1933,1933,0,статья,автограф
283,1,0280,16.02.1933,1933,1933,0,статья,"автограф, машинопись с правкой автора"
284,1,0281,25.08.1933,1933,1933,0,отрывок статьи,"автограф, машинопись с правкой автора"
285,1,0282,23.09.1933 - 3.11.1933,1933,1933,0,статья,автограф
286,1,0283,11.11.1933,1933,1933,0,статья,"автограф, машинопись"
287,1,0284,[1933 г.],1933,1933,1,статья,"автограф, машинопись с правкой автора, рукопись"
288,1,0285,26.01.1934,1934,1934,0,статья,машинопись с правкой автора
289,1,0286,26.02.1934,1934,1934,0,лекция,"автограф, машинопись с правкой автора"
290,1,0287,29.04.1934,1934,1934,0,отрывок,автограф
291,1,0288,15.05.1934,1934,1934,0,статья,машинопись
292,1,0289,9.09.1934,1934,1934,0,"отрывок, статья","автограф, машинопись"
293,1,0290,1934 г.,1934,1934,0,объявление,машинопись
294,1,0291,[1934 г.],1934,1934,1,статья,"автограф, машинопись с правкой автора"
295,1,0292,1934 г.,1934,1934,0,таблица,машинопись с правкой автора
296,1,0293,1934 г.,1934,1934,0,фрагменты работ,автограф
297,1,0294,23.11.1882 - 21.06.1883,1882,1883,0,статья,"автограф, машинопись"
298,1,0295,21.02.1916,1916,1916,0,статья,автограф
299,1,0296,1918 г.,1918,1918,0,статья,машинопись
300,1,0297,30.07.1919 - 21.08.1919,1919,1919,0,статья,автограф
301,1,0298,5.11.1919 - 1923 г.,1919,1923,0,статья,автограф
302,1,0299,30.12.1919 - 20.04.1920,1919,1920,0,"таблицы, формулы, черновые наброски статьи",автограф
303,1,0300,1919 г.,1919,1919,0,очерк,машинопись с правкой автора
304,1,0301,3.01.1920 - 12.03.1920,1920,1920,0,статья,автограф
305,1,0302,3.01.1920 - 12.03.1920,1920,1920,0,статья,автограф
306,1,0303,апрель 1920 г. - май 1920 г.,1920,1920,0,статья,автограф
307,1,0304,13.05.1920 - 20.05.1920,1920,1920,0,статья,автограф
308,1,0305,1920 г.,1920,1920,0,статья,машинопись с правкой автора
309,1,0306,1921 г.,1921,1921,0,статья,машинопись с правкой автора
310,1,0307,19.11.1923,1923,1923,0,заметка,автограф
311,1,0308,15.08.1933,1933,1933,0,статья,машинопись
312,1,0309,24.08.1932,1932,1932,0,статья,автограф
313,1,0310,1935 г.,1935,1935,0,статья,машинопись с правкой автора
314,1,0311,5.11.1879 - 29.11.1879,1879,1879,0,выписки,автограф
315,1,0312,1.07.1898,1898,1898,0,описание конструкции,автограф
316,1,0313,1905 г. - 1912 г.,1905,1912,0,статья,автограф
317,1,0314,март 1907 г.,1907,1907,0,статья,автограф
318,1,0315,25.07.1920,1920,1920,0,ответ на возражения,автограф
319,1,0316,октябрь 1920 г. - сентябрь 1926,1920,1926,0,фрагменты статей,автограф
320,1,0317,20.10.1920,1920,1920,0,отрывок статьи,автограф
321,1,0318,январь 1922 г.,1922,1922,0,таблицы,автограф
322,1,0319,1921 г.,1921,1921,0,статья,машинопись с правкой автора
323,1,0320,19.12.1922 - 30.12.1923,1922,1923,0,статья,"автограф, машинопись"
324,1,0321,6.03.1923,1923,1923,0,статья,автограф
325,1,0322,29.06.1923 - 14.07.1923,1923,1923,0,записи опытов,автограф
326,1,0323,21.10.1923 - 10.04.1927,1923,1927,0,статья,машинопись с правкой автора
327,1,0324,1923 г.,1923,1923,0,статья,машинопись с правкой автора
328,1,0325,1923 г.,1923,1923,0,статья,"автограф, машинопись с правкой автора"
329,1,0326,4.10.1924 - 24.07.1927,1924,1927,0,статья,автограф
330,1,0327,31.12.1924,1924,1924,0,статья,машинопись с правкой автора
331,1,0328,1924 г. - 15.02.1933,1924,1933,0,статья,машинопись с правкой автора
332,1,0329,1924 г. - 26.04.1933,1924,1933,0,статья,машинопись с правкой автора
333,1,0330,16.03.1927,1927,1927,0,статья,автограф
334,1,0331,апрель 1927 г.,1927,1927,0,статья,автограф
335,1,0332,30.06.1927,1927,1927,0,таблицы,автограф
336,1,0333,19.07.1927 - 30.07.1927,1927,1927,0,статья,"автограф, машинопись"
337,1,0334,22.10.1927,1927,1927,0,фрагменты статьи,автограф
338,1,0335,май 1931 г.,1931,1931,0,статья,машинопись с правкой автора
339,1,0336,14.06.1931,1931,1931,0,статья,машинопись с правкой автора
340,1,0337,19.06.1931,1931,1931,0,набросок статьи,автограф
341,1,0338,24.06.1931,1931,1931,0,статья,машинопись с правкой автора
342,1,0339,август 1931 г. - 1934 г.,1931,1934,0,статья,машинопись с правкой автора
343,1,0340,13.11.1931 - январь 1932,1931,1932,0,статья,машинопись с правкой автора
344,1,0341,18.01.1932 - 24.01.1932,1932,1932,0,статья,автограф
345,1,0342,20.01.1932,1932,1932,0,описание конструкции,автограф
346,1,0343,февраль 1932 г.,1932,1932,0,статья,машинопись с правкой автора
347,1,0344,февраль 1932 г. - 31.01.1933,1932,1933,0,статья,машинопись с правкой автора
348,1,0345,7.06.1932,1932,1932,0,статья,машинопись с правкой автора
349,1,0346,12.07.1932,1932,1932,0,статья,машинопись с правкой автора
350,1,0347,4.08.1932,1932,1932,0,статья,машинопись с правкой автора
351,1,0348,29.08.1932,1932,1932,0,статья,машинопись с правкой автора
352,1,0349,25.09.1932,1932,1932,0,статья,"автограф, машинопись с правкой автора"
353,1,0350,10.10.1932,1932,1932,0,статья,"автограф, машинопись с правкой автора"
354,1,0351,20.10.1932,1932,1932,0,статья,"автограф, машинопись с правкой автора"
355,1,0352,25.08.1933,1933,1933,0,статья,машинопись с правкой автора
356,1,0353,18.12.1933,1933,1933,0,статья,машинопись с правкой автора
357,1,0354,6.01.1934 - 1.08.1934,1934,1934,0,статья,машинопись с правкой автора
358,1,0355,16.01.1934,1934,1934,0,статья,машинопись с правкой автора
359,1,0356,10.02.1934,1934,1934,0,статья,машинопись с правкой автора
360,1,0357,сентябрь 1934 г.,1934,1934,0,фрагменты статьи,автограф
361,1,0358,1934 г.,1934,1934,0,статья,машинопись с правкой автора
362,1,0359,1.01.1935,1935,1935,0,статья,машинопись с правкой автора
363,1,0360,15.05.1935,1935,1935,0,статья,"автограф, машинопись с правкой автора"
364,1,0361,15.05.1935,1935,1935,0,статья,"автограф, машинопись с правкой автора"
365,1,0362,24.05.1935,1935,1935,0,статья,машинопись с правкой автора
366,1,0363,1935 г.,1935,1935,0,отрывок статьи,рукопись с правкой К.Э. Циолковского
367,1,0364,1935 г.,1935,1935,0,отрывки из статей,автограф
368,1,0365,1935 г.,1935,1935,0,статья,автограф
369,1,0366,1935 г.,1935,1935,0,"описание конструкции, чертежи",автограф
370,1,0367,1935 г.,1935,1935,0,отрывок,автограф
371,1,0368,1935 г.,1935,1935,0,отрывок,автограф
372,1,0369,14.05.1887,1887,1887,0,Способ воспроизведения: автограф,автограф
373,1,0370,20.12.1896,1896,1896,0,статья,автограф
374,1,0371,18.06.1898,1898,1898,0,Способ воспроизведения: автограф,автограф
375,1,0372,1902 г. - 1903 г.,1902,1903,0,статья,машинопись с правкой автора
376,1,0373,11.08.1915,1915,1915,0,статья,автограф
377,1,0374,1916 г.,1916,1916,0,статья,автограф
378,1,0375,1916 г.,1916,1916,0,статья,автограф
379,1,0376,1.01.1917 - 18.11.1917,1917,1917,0,"конспекты, наброски",автограф
380,1,0377,22.08.1917 - 27.08.1920,1917,1920,0,конспект,автограф
381,1,0378,1917 г.,1917,1917,0,статья,машинопись
382,1,0379,1917 г.,1917,1917,0,статья,машинопись с правкой автора
383,1,0380,1917 г.,1917,1917,0,статья,"автограф, машинопись"
384,1,0381,8.02.1918 - 23.02.1919,1918,1919,0,статья,автограф
385,1,0382,9.02.1918,1918,1918,0,статья,автограф
386,1,0383,6.06.1918 - 1919 г.,1918,1919,0,очерк,"автограф, машинопись с правкой автора"
387,1,0384,9.06.1918 - 2.07.1918,1918,1918,0,набросок статьи,автограф
388,1,0385,26.06.1918,1918,1918,0,статья,автограф
389,1,0386,[июнь 1918 г.],1918,1918,1,статья,"автограф, машинопись"
390,1,0387,июль 1918 г.,1918,1918,0,статья,"автограф, машинопись с правкой автора"
391,1,0388,30.10.1918,1918,1918,0,статья,автограф
392,1,0389,31.10.1918,1918,1918,0,статья,автограф
393,1,0390,31.10.1918 - 20.11.1918,1918,1918,0,резюме,автограф
394,1,0391,1918 г.,1918,1918,0,статья,машинопись
395,1,0392,1918 г.,1918,1918,0,статья,машинопись с правкой автора
396,1,0393,1918 г.,1918,1918,0,статья,"автограф, машинопись с правкой автора"
397,1,0394,1918 г.,1918,1918,0,статья,машинопись с правкой автора
398,1,0395,1918 г. - 1921 г.,1918,1921,0,статья,"автограф, машинопись с правкой автора"
399,1,0396,[1918 г.],1918,1918,1,предисловие,автограф
400,1,0397,[1918 г.],1918,1918,1,Способ воспроизведения: автограф,автограф
401,1,0398,1919 г.,1919,1919,0,статья,машинопись
402,1,0399,1919 г.,1919,1919,0,статья,машинопись с правкой автора
403,1,0400,1919 г.,1919,1919,0,набросок,автограф
404,1,0401,1919 г.,1919,1919,0,статья,машинопись с правкой автора
405,1,0402,[1919 г.],1919,1919,1,перечень работ,автограф
406,1,0403,[1919 г.],1919,1919,1,предисловие,машинопись
407,1,0404,[1919 г.],1919,1919,1,статья,автограф
408,1,0405,9.07.1920,1920,1920,0,статья,"автограф, машинопись с правкой автора"
409,1,0406,23.07.1920,1920,1920,0,статья,машинопись с правкой автора
410,1,0407,28.08.1920,1920,1920,0,статья,машинопись с правкой автора
411,1,0408,1920 г.,1920,1920,0,статья,"автограф, машинопись"
412,1,0409,1.04.1920,1920,1920,0,план речи,автограф
413,1,0410,22.04.1920,1920,1920,0,программа лекций,автограф
414,1,0411,4.05.1920 - 6.05.1920,1920,1920,0,статья,автограф
415,1,0412,18.06.1920 - 18.07.1920,1920,1920,0,статья,автограф
416,1,0413,19.10.1920,1920,1920,0,статья,автограф
417,1,0414,1.09.1920,1920,1920,0,статья,"автограф, машинопись"
418,1,0415,декабрь 1920 г.,1920,1920,0,статья,"автограф, машинопись с правкой автора"
419,1,0416,1920 г.,1920,1920,0,статья,машинопись с правкой автора
420,1,0417,1920 г.,1920,1920,0,статья,машинопись с правкой автора
421,1,0418,1920 г.,1920,1920,0,статья,машинопись с правкой автора
422,1,0419,1920 г.,1920,1920,0,статья,"автограф, машинопись с правкой автора"
423,1,0420,1920 г.,1920,1920,0,статья,машинопись с правкой автора
424,1,0421,1921 г.,1921,1921,0,статья,машинопись с правкой автора
425,1,0422,2.02.1923,1923,1923,0,отрывок,автограф
426,1,0423,30.03.1923,1923,1923,0,статья,машинопись с правкой автора
427,1,0424,28.06.1923,1923,1923,0,статья,"автограф, машинопись"
428,1,0425,июль 1923 г.,1923,1923,0,статья,машинопись с правкой автора
429,1,0426,18.10.1923,1923,1923,0,статья,автограф
430,1,0427,11.11.1923 - 27.11.1926,1923,1926,0,план,"автограф, машинопись"
431,1,0428,1923 г.,1923,1923,0,статья,машинопись с правкой автора
432,1,0429,1923 г.,1923,1923,0,статья,машинопись с правкой автора
433,1,0430,1923 г.,1923,1923,0,статья,машинопись с правкой автора
434,1,0431,1923 г.,1923,1923,0,очерк,машинопись с правкой автора
435,1,0432,1923 г.,1923,1923,0,статья,"автограф, машинопись"
436,1,0433,8.10.1924,1924,1924,0,план,автограф
437,1,0434,1924 г.,1924,1924,0,статья,машинопись
438,1,0435,1924 г.,1924,1924,0,статья,автограф
439,1,0436,1924 г.,1924,1924,0,статья,"автограф, машинопись с правкой автора"
440,1,0437,1924 г.,1924,1924,0,статья,машинопись с правкой автора
441,1,0438,1924 г.,1924,1924,0,статья,машинопись с правкой автора
442,1,0439,24.02.1925,1925,1925,0,отрывок,автограф
443,1,0440,3.09.1925,1925,1925,0,набросок статьи,автограф
444,1,0441,[не ранее 1925 г.],1925,1925,1,отрывок,автограф
445,1,0442,19.03.1926,1926,1926,0,статья,автограф
446,1,0443,[1926 г.],1926,1926,1,статья,"автограф, машинопись"
447,1,0444,12.03.1927,1927,1927,0,статья,автограф
448,1,0445,12.03.1927 - 8.08.1928,1927,1928,0,отрывок,автограф
449,1,0446,30.04.1927 - 4.06.1927,1927,1927,0,письма,автограф
450,1,0447,3.08.1927,1927,1927,0,статья,автограф
451,1,0448,8.08.1927 - 15.01.1928,1927,1928,0,статья,автограф
452,1,0449,5.09.1927,1927,1927,0,Способ воспроизведения: автограф,автограф
453,1,0450,14.09.1927,1927,1927,0,статья,автограф
454,1,0451,27.10.1927,1927,1927,0,статья,автограф
455,1,0452,29.11.1927,1927,1927,0,отрывки статьи,автограф
456,1,0453,30.11.1927,1927,1927,0,набросок статьи,автограф
457,1,0454,19.12.1927 - 22.12.1927,1927,1927,0,предисловие к статье,автограф
458,1,0455,22.02.1928,1928,1928,0,планы,автограф
459,1,0456,5.06.1928 - 12.10.1928,1928,1928,0,наброски статей,автограф
460,1,0457,3.08.[1928 г.],1928,1928,1,отрывки статьи,автограф
461,1,0458,3.12.1928,1928,1928,0,добавление к статье,автограф
462,1,0459,13.12.1928 - 3.01.1930,1928,1930,0,статья,"автограф, машинопись с правкой автора"
463,1,0460,20.12.1928,1928,1928,0,статья,автограф
464,1,0461,1928 г.,1928,1928,0,статья,машинопись с правкой автора
465,1,0462,1928 г.,1928,1928,0,статья,машинопись с правкой автора
466,1,0463,1928 г.,1928,1928,0,статья,машинопись с правкой автора
467,1,0464,8.06.1929,1929,1929,0,письма,автограф
468,1,0465,18.06.1929 - сентябрь 1930 г.,1929,1930,0,статья,автограф
469,1,0466,сентябрь 1929 г.,1929,1929,0,отрывок статьи,машинопись с правкой автора
470,1,0467,апрель 1930 г.,1930,1930,0,статья,машинопись с правкой автора
471,1,0468,30.06.1930,1930,1930,0,статья,автограф
472,1,0469,июнь 1930 г.,1930,1930,0,письмо,машинопись с правкой автора
473,1,0470,сентябрь 1930 г.,1930,1930,0,статья,машинопись с правкой автора
474,1,0471,ноябрь 1930 г.,1930,1930,0,статья,машинопись с правкой автора
475,1,0472,13.06.1931,1931,1931,0,статья,машинопись с правкой автора
476,1,0473,16.06.1931,1931,1931,0,статья,автограф
477,1,0474,23.06.1931,1931,1931,0,статья,машинопись с правкой автора
478,1,0475,июль 1931 г.,1931,1931,0,статья,машинопись с правкой автора
479,1,0476,15.11.1931,1931,1931,0,статья,"автограф, машинопись с правкой автора"
480,1,0477,20.11.1931 - 16.01.1932,1931,1932,0,статья,машинопись с правкой автора
481,1,0478,10.02.1932,1932,1932,0,отрывок статьи,автограф
482,1,0479,5.03.1932,1932,1932,0,статья,машинопись с правкой автора
483,1,0480,16.03.1932,1932,1932,0,отрывок статьи,автограф
484,1,0481,25.03.1932,1932,1932,0,статья,машинопись с правкой автора
485,1,0482,21.04.1932,1932,1932,0,статья,автограф
486,1,0483,25.04.1932,1932,1932,0,статья,машинопись с правкой автора
487,1,0484,16.06.1932,1932,1932,0,статья,машинопись с правкой автора
488,1,0485,15.08.1932,1932,1932,0,статья,машинопись с правкой автора
489,1,0486,27.08.1932,1932,1932,0,статья,машинопись с правкой автора
490,1,0487,31.08.1932,1932,1932,0,статья,машинопись с правкой автора
491,1,0488,6.10.1932,1932,1932,0,отрывок статьи,автограф
492,1,0489,6.11.1931 - 31.10.1932,1931,1932,0,статья,"автограф, машинопись"
493,1,0490,1932 г.,1932,1932,0,статья,машинопись с правкой автора
494,1,0491,март 1932 г.,1932,1932,0,статья,машинопись с правкой автора
495,1,0492,1932 г.,1932,1932,0,статья,машинопись с правкой автора
496,1,0493,7.01.1933,1933,1933,0,статья,"автограф, машинопись"
497,1,0494,23.01.1933,1933,1933,0,статья,машинопись с правкой автора
498,1,0495,1.02.1933,1933,1933,0,статья,машинопись с правкой автора
499,1,0496,11.05.1933,1933,1933,0,статья,"автограф, машинопись"
500,1,0497,29.05.1933,1933,1933,0,статья,машинопись с правкой автора
501,1,0498,15.06.1933,1933,1933,0,статья,машинопись с правкой автора
502,1,0499,26.06.1933,1933,1933,0,статья,машинопись с правкой автора
503,1,0500,29.06.1933,1933,1933,0,статья,машинопись с правкой автора
504,1,0501,9.07.1933,1933,1933,0,статья,машинопись с правкой автора
505,1,0502,2.08.1933,1933,1933,0,статья,машинопись
506,1,0503,26.08.1933,1933,1933,0,статья,"автограф, машинопись с правкой автора"
507,1,0504,5.09.1933,1933,1933,0,статья,машинопись
508,1,0505,5.09.1933,1933,1933,0,статья,машинопись с правкой автора
509,1,0506,18.12.1933,1933,1933,0,статья,автограф
510,1,0507,26.12.1933,1933,1933,0,отрывок статьи,машинопись
511,1,0508,27.12.1933,1933,1933,0,статья,машинопись с правкой автора
512,1,0509,1933 г.,1933,1933,0,статья,машинопись
513,1,0510,15.01.1934,1934,1934,0,статья,машинопись с правкой автора
514,1,0511,24.01.1934,1934,1934,0,статья,автограф
515,1,0512,26.01.1934,1934,1934,0,статья,машинопись с правкой автора
516,1,0513,29.01.1934,1934,1934,0,статья,"автограф, машинопись"
517,1,0514,5.02.1934,1934,1934,0,статья,машинопись с правкой автора
518,1,0515,6.02.1934,1934,1934,0,статья,машинопись с правкой автора
519,1,0516,25.02.1934,1934,1934,0,статья,машинопись с правкой автора
520,1,0517,25.02.1934,1934,1934,0,статья,машинопись с правкой автора
521,1,0518,12.03.1934,1934,1934,0,статья,"автограф, машинопись"
522,1,0519,12.03.1934,1934,1934,0,статья,машинопись с правкой автора
523,1,0520,24.03.1934,1934,1934,0,заметка,машинопись с правкой автора
524,1,0521,29.03.1934,1934,1934,0,статья,машинопись
525,1,0522,март 1934 г.,1934,1934,0,статья,машинопись с правкой автора
526,1,0523,март 1934 г.,1934,1934,0,статья,машинопись с правкой автора
527,1,0524,24.04.1934,1934,1934,0,статья,машинопись
528,1,0525,24.04.1934,1934,1934,0,статья,автограф
529,1,0526,2.05.1934,1934,1934,0,статья,машинопись с правкой автора
530,1,0527,20.06.1934,1934,1934,0,статья,автограф
531,1,0528,9.07.1934,1934,1934,0,статья,машинопись
532,1,0529,4.08.1934,1934,1934,0,статья,машинопись
533,1,0530,12.08.1934,1934,1934,0,статья,машинопись с правкой автора
534,1,0531,12.08.1934,1934,1934,0,заметка,машинопись с правкой автора
535,1,0532,23.10.1934,1934,1934,0,статья,"автограф, машинопись"
536,1,0533,4.01.1935,1935,1935,0,статья,машинопись с правкой автора
537,1,0534,8.05.1935,1935,1935,0,статья,"автограф, машинопись с правкой автора"
538,1,0535,[1935 г.],1935,1935,1,статья,"автограф, машинопись"
539,1,0536,1935 г.,1935,1935,0,Способ воспроизведения: автограф,автограф
540,1,0537,1935 г.,1935,1935,0,заметка,автограф
541,1,0538,1935 г.,1935,1935,0,заметка,автограф
542,1,0539,1935 г.,1935,1935,0,фрагменты работ,автограф
543,1,0540,[не ранее 1911 г.],1911,1911,1,статья,автограф
544,1,0541,22.01.1920,1920,1920,0,обзор,автограф
545,1,0542,1920 г.,1920,1920,0,обзор,автограф
546,1,0543,17.06.1922,1922,1922,0,обзор,автограф
547,1,0544,лето 1922 г.,1922,1922,0,очерк,машинопись с правкой автора
548,1,0545,1923 г. - не ранее 1929 г.,1923,1929,0,записки,"автограф, машинопись"
549,1,0546,14.05.1926,1926,1926,0,очерк,автограф
550,1,0547,29.09.1926,1926,1926,0,обзор,автограф
551,1,0548,[1927 г.],1927,1927,1,обзор,машинопись с правкой автора
552,1,0549,21.05.1932,1932,1932,0,обзор,автограф
553,1,0550,август 1932 г.,1932,1932,0,обзор,машинопись с правкой автора
554,1,0551,1932 г.,1932,1932,0,список работ,машинопись с правкой автора
555,1,0552,[не ранее 1932 г.],1932,1932,1,набросок,автограф
556,1,0553,3.05.1933,1933,1933,0,список работ,машинопись с правкой автора
557,1,0554,15.07.1934,1934,1934,0,перечень статей,"автограф, машинопись с правкой автора"
558,1,0555,22.04.1935,1935,1935,0,интервью,машинопись
559,1,0556,1935 г.,1935,1935,0,список работ,автограф
560,1,0557,1935 г.,1935,1935,0,предисловие,автограф
561,1,0558,1932 г. - 1935 г.,1932,1935,0,предисловие,машинопись с правкой автора
562,1,0559,1935 г.,1935,1935,0,фрагмент заметки,автограф
563,1,0560,1935 г.,1935,1935,0,набросок,автограф
564,1,0561,январь 1923 г.,1923,1923,0,отзыв,автограф
565,1,0562,27.01.1924,1924,1924,0,отзыв,автограф
566,1,0563,27.02.1932,1932,1932,0,отзыв,"автограф, машинопись"
567,1,0563а,30.07.1932,1932,1932,0,набросок,машинопись
568,1,0564,25.08.1935,1935,1935,0,отзыв,машинопись
569,1,0565,1935 г.,1935,1935,0,отзыв,"автограф, машинопись"
570,1,0566,1902 г. - 1933 г.,1902,1933,0,"заметки, записки, фрагменты, черновики",автограф
571,1,0567,1922 г. - 1933 г.,1922,1933,0,черновики,автограф
572,1а,0001,1935,1935,1935,0,отчёт,"автограф, машинопись"
573,1а,0002,1936,1936,1936,0,инструкция,машинопись с правкой автора
574,1а,0003,1936,1936,1936,0,инструкция,машинопись с правкой автора
575,1а,0004,1936 - 1937,1936,1937,0,проект,машинопись с правкой автора
576,1а,0005,1936 - 1937,1936,1937,0,проект,машинопись с правкой автора
577,1а,0006,1936 - 1937,1936,1937,0,проект,автограф
578,1а,0007,1937,1937,1937,0,проект,"автограф, машинопись с правкой автора"
579,1а,0008,1937,1937,1937,0,объяснительная записка,машинопись с правкой автора
580,1а,0009,1937,1937,1937,0,проект,машинопись с правкой автора
581,1а,0010,1937,1937,1937,0,проект,автограф
582,1а,0011,1937,1937,1937,0,чертежи,кальки
583,1а,0012,1937,1937,1937,0,расчёт,автограф
584,1а,0013,1937,1937,1937,0,"таблицы, чертежи",автограф
585,1а,0014,[1937],1937,1937,1,расчёт,автограф
586,1а,0015,[1937],1937,1937,1,расчёт,автограф
587,1а,0016,[1937],1937,1937,1,"таблицы, чертежи",автограф
588,1а,0017,1937 - 1938,1937,1938,0,"таблицы, чертежи",автограф
589,1а,0018,1937 - 1938,1937,1938,0,чертежи,автограф
590,1а,0019,1938,1938,1938,0,чертежи,автограф
591,1а,0020,1938,1938,1938,0,"таблицы, чертежи",автограф
592,1а,0021,1938,1938,1938,0,"таблицы, чертежи",автограф
593,1а,0022,1938,1938,1938,0,чертежи,автограф
594,1а,0023,1938,1938,1938,0,чертежи,автограф
595,1а,0024,б/д,,,0,"таблицы, чертежи",автограф
596,2,0001,14.07.1919 - 29.07.1919,1919,1919,0,автобиография,автограф
597,2,0002,не позднее 1924,1924,1924,0,автобиография,автограф
598,2,0003,1927,1927,1927,0,автобиография,"автограф, машинопись"
599,2,0004,01.05.1928,1928,1928,0,автобиография,"автограф, машинопись"
600,2,0005,23.07.1931,1931,1931,0,анкета,автограф
601,2,0005а,[январь 1932],1932,1932,1,учётная карточка,фотокопия
602,2,0006,12.05.1932,1932,1932,0,автобиография,машинопись с правкой автора
603,2,0007,19.09.1932 - 1933,1932,1933,0,автобиография,"автограф, машинопись"
604,2,0008,14.10.1932,1932,1932,0,автобиография,машинопись с правкой автора
605,2,0009,[1932],1932,1932,1,анкета,автограф
606,2,0010,не ранее 05.03.1933,1933,1933,0,автобиография,"автограф, машинопись с правкой автора"
607,2,0011,18.07.1934,1934,1934,0,автобиография,"автограф, машинопись с правкой автора"
608,2,0011а,04.11.1934,1934,1934,0,учётная карточка,фотокопия
609,2,0012,01.12.1934,1934,1934,0,предисловие,"автограф, машинопись с правкой автора"
610,2,0013,январь 1935,1935,1935,0,автобиография,"автограф, машинопись с правкой автора"
611,2,0014,январь 1935,1935,1935,0,автобиография,машинопись с правкой автора
612,2,0015,январь 1935,1935,1935,0,записки,машинопись с правкой автора
613,2,0016,26.02.1935 - 28.02.1935,1935,1935,0,письмо,"автограф, машинопись с правкой автора"
614,2,0016а,22.09.1932,1932,1932,0,замечания к статье,автограф
615,2,0017,не ранее 1934,1934,1934,0,предисловие,"автограф, машинопись с правкой автора"
616,2,0018,[1918] - [1919],1918,1919,1,послужной список,автограф
617,2,0019,24.06.1917,1917,1917,0,ходатайство,машинопись
618,2,0020,01.05.1921 - 29.08.1934,1921,1934,0,"анкета, заявление","автограф, машинопись"
619,2,0021,[1933],1933,1933,1,библиография,машинопись
620,2,0022,05.06.1914 - 10.05.1929,1914,1929,0,письма,"машинопись, рукопись"
621,2,0023,1927 - 1933,1927,1933,0,письма,машинопись
622,2,0024,26.10.1927 - 30.08.1930,1927,1930,0,"бюллетень, извещения, письма","машинопись, рукопись"
623,2,0025,21.03.1928 - 30.03.1928,1928,1928,0,извещения,"машинопись, рукопись"
624,2,0028,б/д,,,0,телеграмма,Языки: русский
625,2,0029,24.10.1932 - 28.10.1932,1932,1932,0,поздравление,"машинопись, рукопись"
626,2,0030,01.07.1932 - 17.10.1932,1932,1932,0,"выписки, обращение",машинопись
627,2,0031,30.04.1917,1917,1917,0,приглашение,рукопись
628,2,0032,27.12.1910 - 16.09.1921,1910,1921,0,извещения,"машинопись, рукопись"
629,2,0033,21.07.1924,1924,1924,0,письмо,рукопись
630,2,0034,14.07.1924,1924,1924,0,письмо,рукопись
631,2,0035,[1928],1928,1928,1,телеграмма,Языки: русский
632,2,0036,30.03.1928,1928,1928,0,письмо,"машинопись, рукопись"
633,2,0037,20.06.1934,1934,1934,0,письмо,машинопись
634,2,0038,[1927],1927,1927,1,письма,машинопись
635,2,0039,б/д,,,0,телеграмма,Языки: русский
636,2,0040,02.09.1915 - 29.10.1919,1915,1919,0,"адреса, выписки",автограф
637,2,0041,10.06.1922 - 07.09.1923,1922,1923,0,"заметки, записи",автограф
638,2,0042,09.10.1922 - 08.12.1923,1922,1923,0,"записи, расписки",автограф
639,2,0043,10.09.1923 - 19.12.1923,1923,1923,0,"вычисления, заметки",автограф
640,2,0044,04.08.1924 - 02.12.1925,1924,1925,0,выписки,автограф
641,2,0045,03.11.1925 - 24.03.1934,1925,1934,0,записи,автограф
642,2,0046,01.03.1927 - 18.07.1930,1927,1930,0,письма,автограф
643,2,0047,21.04.1927 - 03.08.1928,1927,1928,0,"адреса, выписки, записи",автограф
644,2,0048,15.03.1928 - 14.03.1932,1928,1932,0,адреса,автограф
645,2,0049,23.09.1930 - 17.09.1932,1930,1932,0,адреса,автограф
646,2,0050,01.01.1931 - 18.08.1933,1931,1933,0,"адреса, расчёты",автограф
647,2,0051,07.04.1932 - 22.08.1935,1932,1935,0,"адреса, записи",автограф
648,2,0052,1932 - 26.07.1935,1932,1935,0,записи,автограф
649,2,0053,14.09.1933,1933,1933,0,адреса,автограф
650,2,0054,05.03.1934 - 18.08.1935,1934,1935,0,"адреса, заметки",автограф
651,2,0056,20.06.1935,1935,1935,0,письмо,"автограф, машинопись"
652,2,0057,б/д,,,0,надписи,машинопись
653,2,0058,1910 - 1916,1910,1916,0,"заметки, статьи",газетные вырезки
654,2,0059,1897 - 1935,1897,1935,0,"заметки, статьи",газетные вырезки
655,2,0060,17.06.1917 - 24.06.1931,1917,1931,0,выписки,"автограф, машинопись"
656,2,0061,сентябрь 1920,1920,1920,0,письмо,"автограф, машинопись"
657,2,0062,29.01.1921,1921,1921,0,письмо,машинопись
658,2,0063,04.10.1921 - 06.11.1921,1921,1921,0,выписка,"автограф, машинопись"
659,2,0064,11.04.1922,1922,1922,0,описание,автограф
660,2,0065,06.03.1928,1928,1928,0,письмо,автограф
661,2,0066,22.04.1931,1931,1931,0,письмо,машинопись
662,2,0067,06.06.1931,1931,1931,0,письмо,автограф
663,2,0068,17.05.1931 - 14.10.1932,1931,1932,0,письма,автограф
664,2,0069,07.07.1932 - 15.09.1933,1932,1933,0,доверенности,машинопись
665,2,0070,не ранее 1932,1932,1932,0,письмо,машинопись
666,2,0071,05.02.1931,1931,1931,0,письмо,"автограф, машинопись"
667,2,0072,18.03.1931 - 26.03.1931,1931,1931,0,письмо,"автограф, машинопись"
668,2,0073,29.04.1931 - 08.04.1933,1931,1933,0,"выписка, заявление","автограф, машинопись"
669,2,0074,01.05.1935,1935,1935,0,завещание,машинопись
670,2,0075,23.09.1934 - 16.07.1935,1934,1935,0,письма,"автограф, машинопись"
671,2,0076,б/д,,,0,калькуляция,автограф
672,2,0077,б/д,,,0,подписной лист,автограф
673,2,0077а,б/д,,,0,очерк,машинопись
674,2,0077б,б/д,,,0,фрагмент мемуаров,"автограф, машинопись"
675,2,0077в,июль 1940,1940,1940,0,статья,машинопись
676,2,0078,сентябрь 1960,1960,1960,0,воспоминания,машинопись
677,2,0079,б/д,,,0,воспоминания,машинопись
678,2,0079а,март 1960,1960,1960,0,статья,машинопись
679,2,0080,б/д,,,0,записи,машинопись
680,2,0081,24.02.1936,1936,1936,0,воспоминания,машинопись
681,2,0082,б/д,,,0,воспоминания,машинопись
682,2,0083,б/д,,,0,очерк,машинопись
683,2,0085,б/д,,,0,схема,автограф
684,2,0085а,16.08.1953,1953,1953,0,статья,машинопись
685,2,0085б,б/д,,,0,статья,машинопись
686,2,0085в,1965,1965,1965,0,очерк,машинопись
687,2,0086,б/д,,,0,воспоминания,машинопись
688,2,0087,сентябрь 1940,1940,1940,0,стенограмма,машинопись
689,2,0087а,1957,1957,1957,0,мемуары,"автограф, машинопись, типографская печать"
690,2,0088,б/д,,,0,воспоминания,машинопись
691,2,0089,б/д,,,0,воспоминания,машинопись
692,2,0090,б/д,,,0,воспоминания,машинопись с правкой автора
693,2,0091,[1938],1938,1938,1,воспоминания,автограф
694,2,0091а,б/д,,,0,воспоминания,рукопись
695,2,0092,[1925-1926] - 17.05.1948,1925,1948,1,воспоминания,"автограф, машинопись"
696,2,0092а,б/д,,,0,воспоминания,рукопись
697,2,0093,1927,1927,1927,0,автобиография,машинопись
698,2,0093а,б/д,,,0,статья,машинопись
699,2,0094,08.09.1935 - октябрь 1936,1935,1936,0,бюллетени,газетные вырезки
700,2,0095,20.09.1935,1935,1935,0,"извещения, некрологи",газетные вырезки
701,2,0096,20.09.1933 - 21.09.1933,1933,1933,0,соболезнования,автограф
702,2,0097,20.09.1935,1935,1935,0,статья,"газетные вырезки, машинопись"
703,2,0098а,1932 - 1977,1932,1977,0,статья,газетные вырезки
704,2,0099,17.09.1967 - 14.02.1970,1967,1970,0,статьи,газетные вырезки
705,2,0100,1936,1936,1936,0,некролог,машинопись
706,2,0101,1936 - 1947,1936,1947,0,афиши,типографская печать
707,2,0102,28.03.1936,1936,1936,0,протокол,машинопись
708,2,0103,1940,1940,1940,0,"обращение, программа, устав",машинопись
709,2,0103а,09.05.1941 - 14.05.1941,1941,1941,0,протокол,машинопись
710,2,0103б,16.05.1952 - 05.05.1953,1952,1953,0,материалы,"машинопись, рукопись"
711,2,0103в,[май 1958] - не ранее декабря 19,1958,1958,1,письма,"машинопись, рукопись"
712,2,0103г,23.08.1960 - 04.03.1961,1960,1961,0,письма,"машинопись, рукопись"
713,2,0103д,15.06.1960,1960,1960,0,письма,машинопись
714,2,0104,02.10.1959,1959,1959,0,письмо,"машинопись, рукопись"
715,2,0105,б/д,,,0,проекты,фото
716,2,0106,1939,1939,1939,0,плакат,типографская печать
717,2,0107,1936,1936,1936,0,отчёт,машинопись
718,2,0108,25.09.1936 - 07.08.1957,1936,1957,0,письма,"автограф, машинопись, рукопись"
719,2,0109,27.10.1936,1936,1936,0,письма,"автограф, машинопись"
720,2,0110,02.07.1938,1938,1938,0,письмо,автограф
721,2,0111,25.06.1939 - 08.06.1943,1939,1943,0,письма,"автограф, машинопись"
722,2,0112,03.09.1941,1941,1941,0,письмо,"автограф, машинопись"
723,2,0113,04.02.1942 - 1943,1942,1943,0,"акт, отчёт","автограф, машинопись"
724,2,0114,б/д,,,0,план,машинопись
725,2,0115,16.07.1961,1961,1961,0,заметка,газетные вырезки
726,2,0116,1941,1941,1941,0,путеводитель,машинопись
727,2,0117,1961,1961,1961,0,путеводитель,типографская печать
728,2,0119,б/д,,,0,каталог,машинопись
729,2,0120,[1861] - [1862],1861,1862,1,фотографии,фото
730,2,0121,1908 - 1909,1908,1909,0,портрет,фото
731,2,0122,1899,1899,1899,0,портрет,фото
732,2,0123,06.07.1902,1902,1902,0,портрет,фото
733,2,0124,1902 - 1903,1902,1903,0,портрет,фото
734,2,0125,09.07.1913,1913,1913,0,фотографии,фото
735,2,0126,лето 1919,1919,1919,0,портрет,фото
736,2,0127,1924,1924,1924,0,портрет,фото
737,2,0128,1927,1927,1927,0,портрет,фото
738,2,0129,[1928],1928,1928,1,фотографии,фото
739,2,0130,1927 - 1929,1927,1929,0,фотографии,фото
740,2,0131,1930,1930,1930,0,портрет,фото
741,2,0132,1930,1930,1930,0,фотографии,фото
742,2,0133,1930,1930,1930,0,фотографии,фото
743,2,0134,[1930],1930,1930,1,фотографии,фото
744,2,0135,1932,1932,1932,0,фотографии,фото
745,2,0136,1932,1932,1932,0,фотографии,фото
746,2,0137,1932 - 1934,1932,1934,0,фотографии,фото
747,2,0138,1933,1933,1933,0,портрет,фото
748,2,0138а,1934,1934,1934,0,фотографии,фото
749,2,0139,1934,1934,1934,0,фотография,фото
750,2,0140,1935,1935,1935,0,фотографии,фото
751,2,0141,08.09.1935,1935,1935,0,фотографии,фото
752,2,0142,1903,1903,1903,0,фотографии,фото
753,2,0143,не ранее 1904,1904,1904,0,фотографии,фото
754,2,0144,1908 - [1932],1908,1932,1,фотографии,фото
755,2,0145,[1914],1914,1914,1,фотографии,фото
756,2,0146,1928,1928,1928,0,фотографии,фото
757,2,0147,1927,1927,1927,0,фотографии,фото
758,2,0148,1930,1930,1930,0,фотография,фото
759,2,0149,1932,1932,1932,0,фотографии,фото
760,2,0150,1933,1933,1933,0,фотографии,фото
761,2,0151,1934,1934,1934,0,фотография,фото
762,2,0151а,б/д,,,0,фотография,фото
763,2,0152,1939,1939,1939,0,фотографии,фото
764,2,0153,б/д,,,0,фотография,фото
765,2,0154,21.09.1935,1935,1935,0,фотографии,фото
766,2,0155,сентябрь 1935 - октябрь1935,1935,1935,0,фотографии,фото
767,2,0156,1929,1929,1929,0,фотографии,фото
768,2,0157,1932 - 1936,1932,1936,0,фотографии,фото
769,2,0157а,1936,1936,1936,0,фотографии,фото
770,2,0158,18.09.1935,1935,1935,0,фотография,фото
771,2,0158а,,,,0,фотографии,фото
772,2,0159,1936,1936,1936,0,фотографии,фото
773,2,0160,1936,1936,1936,0,фотографии,фото
774,2,0161,1936 - 1939,1936,1939,0,фотографии,фото
775,2,0162,1937,1937,1937,0,фотографии,фото
776,2,0163,до 1938,1938,1938,0,альбом,"типографская печать, фото"
777,2,0164,1940,1940,1940,0,фотографии,фото
778,2,0165,1947,1947,1947,0,портрет,фото
779,2,0166,б/д,,,0,фотографии,фото
780,2,0167,б/д,,,0,фотографии,фото
781,2,0167а,1892 - 1893,1892,1893,0,фотографии,фото
782,2,0167б,1893 - 1902,1893,1902,0,фотографии,фото
783,2,0168,б/д,,,0,фотография,фото
784,2,0169,б/д,,,0,фотографии,фото
785,2,0170,б/д,,,0,портреты,фото
786,2,0171,1862 - 1863,1862,1863,0,портреты,фото
787,2,0172,б/д,,,0,фотография,фото
788,2,0173,б/д,,,0,фотография,фото
789,2,0174,1932 - 1935,1932,1935,0,фотографии,фото
790,2,0175,1932,1932,1932,0,фотографии,фото
791,2,0176,1925 - 1935,1925,1935,0,фотографии,фото
792,2,0177,1891,1891,1891,0,рецензия,машинопись
793,2,0177а,август 1915,1915,1915,0,характеристика,машинопись
794,2,0178,б/д,,,0,предисловие,машинопись
795,2,0179,28.06.1935,1935,1935,0,отзыв,машинопись
796,2,0180,б/д,,,0,отзывы,машинопись
797,2,0181,19.08.1880,1880,1880,0,аттестат,рукопись
798,2,0182,22.09.1935,1935,1935,0,письмо,машинопись
799,2,0183,25.09.1935,1935,1935,0,письмо,машинопись
800,2,0184,[1935],1935,1935,1,письмо,машинопись
801,2,0185,27.02.1940,1940,1940,0,письмо,машинопись
802,2,0185а,28.02.1958,1958,1958,0,записка,машинопись
803,2,0186,б/д,,,0,конспекты,"автограф, машинопись"
804,2,0187,1957 - 1966,1957,1966,0,материалы,"машинопись, фото"
805,2,0188,1958,1958,1958,0,брошюра,типографская печать
806,2,0189,1933,1933,1933,0,фотографии,фото
807,2,0190,1959,1959,1959,0,брошюра,типографская печать
808,3,0001,23.10.1890 - 30.11.1890,1890,1890,0,письмо,"автограф, машинопись, рукопись"
809,3,0002,24.02.1893,1893,1893,0,заключение,"машинопись, рукопись"
810,3,0003,03.01.1897,1897,1897,0,письмо,автограф
811,3,0004,1904,1904,1904,0,заметка,типографская печать
812,3,0005,31.03.1905,1905,1905,0,письмо,автограф
813,3,0006,02.02.1905,1905,1905,0,письма,машинопись
814,3,0007,24.06.1909,1909,1909,0,прошение,"автограф, типографская печать"
815,3,0008,20.10.1912,1912,1912,0,письмо,машинопись
816,3,0009,01.06.1914 - 20.01.1915,1914,1915,0,письма,машинопись
817,3,0010,28.09.1916,1916,1916,0,письмо,автограф
818,3,0011,Июнь 1919,1919,1919,0,письмо,автограф
819,3,0012,06.02.1919 - 08.02.1919,1919,1919,0,письмо,рукопись
820,3,0013,26.02.1919 - 08.10.1930,1919,1930,0,описание,"автограф, машинопись"
821,3,0014,02.05.1919,1919,1919,0,протокол,машинопись
822,3,0015,24.02.1919 - 24.05.1926,1919,1926,0,письма,"автограф, машинопись"
823,3,0016,26.08.1921 - 15.12.1925,1921,1925,0,письма,"автограф, машинопись"
824,3,0017,09.01.1926 - 22.06.1928,1926,1928,0,письма,"автограф, машинопись"
825,3,0018,14.03.1921 - 11.05.1935,1921,1935,0,письма,"автограф, машинопись"
826,3,0019,24.08.1923,1923,1923,0,программа,автограф
827,3,0020,01.05.1923 - 09.04.1924,1923,1924,0,письма,машинопись
828,3,0021,01.10.1924 - 21.07.1927,1924,1927,0,доклад,"автограф, машинопись"
829,3,0022,03.05.1925,1925,1925,0,выдержки,машинопись
830,3,0023,16.07.1925,1925,1925,0,протокол,машинопись
831,3,0024,23.07.1925,1925,1925,0,письмо,автограф
832,3,0025,27.07.1925 - 04.08.1925,1925,1925,0,ответы,автограф
833,3,0026,02.12.1925 - 25.08.1935,1925,1935,0,выписки,машинопись
834,3,0027,28.04.1926,1926,1926,0,письма,автограф
835,3,0028,06.05.1926,1926,1926,0,ответ,автограф
836,3,0029,18.08.1926 - 27.08.1926,1926,1926,0,письма,автограф
837,3,0030,31.05.1926,1926,1926,0,письмо,автограф
838,3,0031,17.10.1926,1926,1926,0,записка,автограф
839,3,0032,28.10.1926,1926,1926,0,письмо,автограф
840,3,0033,17.11.1926,1926,1926,0,заключение,"автограф, машинопись"
841,3,0034,[1926],1926,1926,1,ответы,машинопись с правкой автора
842,3,0035,1926 - 18.01.1927,1926,1927,0,протоколы,"автограф, машинопись"
843,3,0036,18.01.1927 - 01.02.1927,1927,1927,0,выписка,машинопись
844,3,0037,04.02.1927 - 06.04.1927,1927,1927,0,ответы,автограф
845,3,0038,14.02.1927 - 21.03.1927,1927,1927,0,выписка,"автограф, машинопись"
846,3,0039,30.03.1927,1927,1927,0,письмо,"автограф, машинопись"
847,3,0040,05.04.1927,1927,1927,0,письмо,машинопись
848,3,0041,09.04.1927,1927,1927,0,письмо,машинопись
849,3,0042,12.04.1927,1927,1927,0,заключение,машинопись
850,3,0043,14.04.1927 - 01.07.1927,1927,1927,0,заявление,"автограф, машинопись"
851,3,0044,21.04.1927,1927,1927,0,письмо,"автограф, машинопись"
852,3,0045,28.10.1927 - 09.11.1927,1927,1927,0,стенограммы,"автограф, машинопись"
853,3,0046,03.11.1927 - 06.11.1927,1927,1927,0,ответы,автограф
854,3,0047,06.12.1927 - 20.12.1927,1927,1927,0,письма,машинопись
855,3,0048,24.01.1928 - 31.05.1928,1928,1928,0,письма,машинопись
856,3,0049,25.01.1928 - 1928,1928,1928,0,ответ,"автограф, машинопись"
857,3,0050,15.02.1928,1928,1928,0,сообщения,машинопись
858,3,0050а,1928,1928,1928,0,запись беседы,рукопись
859,3,0051,25.05.1928 - 23.02.1930,1928,1930,0,заявления,"автограф, машинопись"
860,3,0052,24.12.1929,1929,1929,0,письмо,машинопись
861,3,0053,02.03.1930,1930,1930,0,заявление,"автограф, машинопись"
862,3,0054,20.03.1930,1930,1930,0,письмо,"автограф, машинопись"
863,3,0055,05.04.1930,1930,1930,0,письмо,машинопись
864,3,0056,27.12.1930,1930,1930,0,письмо,"автограф, машинопись"
865,3,0057,25.01.1931,1931,1931,0,заметка,газетные вырезки
866,3,0058,22.03.1931 - 07.04.1931,1931,1931,0,письма,"автограф, машинопись"
867,3,0059,16.06.1931 - 10.11.1931,1931,1931,0,письма,"автограф, машинопись"
868,3,0060,[1931],1931,1931,1,справка,рукопись
869,3,0061,09.02.1932,1932,1932,0,доклад,машинопись с правкой автора
870,3,0062,09.02.1932 - 20.04.1932,1932,1932,0,письма,"автограф, машинопись"
871,3,0063,29.02.1932 - 01.02.1933,1932,1933,0,письма,"автограф, машинопись с правкой автора"
872,3,0064,14.03.1932,1932,1932,0,письмо,машинопись
873,3,0065,23.03.1932,1932,1932,0,протокол,машинопись
874,3,0066,28.04.1932,1932,1932,0,письмо,машинопись
875,3,0067,05.07.1932,1932,1932,0,сообщение,автограф
876,3,0068,08.10.1932 - 20.10.1932,1932,1932,0,договор,"автограф, машинопись с правкой автора"
877,3,0069,28.02.1933,1933,1933,0,письмо,машинопись с правкой автора
878,3,0070,20.03.1933,1933,1933,0,письмо,машинопись
879,3,0071,19.04.1933,1933,1933,0,план,"автограф, машинопись"
880,3,0072,21.05.1933,1933,1933,0,протокол,машинопись
881,3,0073,Май 1933,1933,1933,0,записка,автограф
882,3,0074,Май 1933,1933,1933,0,тезисы,машинопись
883,3,0075,10.06.1933 - 11.06.1933,1933,1933,0,чертежи,синька
884,3,0076,23.06.1933,1933,1933,0,протокол,машинопись
885,3,0077,22.08.1933,1933,1933,0,доклад,машинопись
886,3,0078,13.10.1933 - 15.10.1933,1933,1933,0,отзыв,"автограф, машинопись"
887,3,0079,1933,1933,1933,0,письмо,машинопись
888,3,0080,13.11.1933,1933,1933,0,письмо,машинопись
889,3,0081,18.11.1933 - 03.02.1934,1933,1934,0,письма,"автограф, машинопись"
890,3,0083,31.01.1934,1934,1934,0,беседа,машинопись
891,3,0084,1934,1934,1934,0,записка,"автограф, машинопись"
892,3,0085,27.02.1934,1934,1934,0,письмо,машинопись
893,3,0086,19.02.1934,1934,1934,0,заявление,машинопись
894,3,0087,26.02.1934,1934,1934,0,заметка,"газетные вырезки, машинопись"
895,3,0091,08.09.1914 - 19.09.1914,1914,1914,0,письма,машинопись
896,3,0092,12.09.1924 - 15.12.1929,1924,1929,0,постановление,типографская печать
897,3,0093,13.10.1927 - 03.11.1930,1927,1930,0,патент,"автограф, машинопись, типографская печать"
898,3,0094,10.12.1929 - 28.06.1930,1929,1930,0,описание,"машинопись, типографская печать"
899,3,0095,08.09.1933 - 14.03.1934,1933,1934,0,письма,"автограф, машинопись"
900,3,0096,25.12.1930 - 08.02.1935,1930,1935,0,письма,"автограф, машинопись"
901,3,0097,27.07.1934,1934,1934,0,письмо,газетные вырезки
902,3,0098,29.09.1934,1934,1934,0,письмо,машинопись
903,3,0099,01.06.1935 - 02.06.1935,1935,1935,0,письмо,машинопись
904,3,0100,б/д,,,0,карта,типографская печать
905,3,0101,б/д,,,0,телеграмма,автограф
906,3,0102,12.05.1905,1905,1905,0,письмо,"автограф, машинопись"
907,3,0102a,29.04.1924 - 09.08.1924,1924,1924,0,письма,автограф
908,3,0103,21.08.1924 - 08.09.1924,1924,1924,0,письма,автограф
909,3,0104,21.04.1928 - 25.04.1928,1928,1928,0,письма,автограф
910,3,0105,21.10.1929 - 09.02.1931,1929,1931,0,описание,"автограф, машинопись с правкой автора"
911,3,0106,31.05.1933 - 23.06.1933,1933,1933,0,письма,машинопись с правкой автора
912,3,0107,24.06.1934 - 09.07.1935,1934,1935,0,письма,"автограф, машинопись"
913,3,0108,07.02.1934 - 17.07.1935,1934,1935,0,письма,"автограф, машинопись"
914,3,0110,05.10.1897 - 26.03.1902,1897,1902,0,письма,"автограф, машинопись"
915,3,0111,17.12.1897,1897,1897,0,письмо,автограф
916,3,0112,22.09.1899 - 30.01.1902,1899,1902,0,выписки,"машинопись, рукопись"
917,3,0113,10.03.1914 - 15.03.1914,1914,1914,0,письма,"автограф, машинопись"
918,3,0114,05.09.1917,1917,1917,0,письмо,машинопись
919,3,0115,23.11.1918 - 28.11.1918,1918,1918,0,письма,"автограф, машинопись"
920,3,0116,12.10.1919,1919,1919,0,письмо,"автограф, машинопись"
921,3,0117,30.11.1921 - 24.04.1934,1921,1934,0,запросы,"автограф, машинопись"
922,3,0118,25.07.1925,1925,1925,0,письмо,автограф
923,3,0119,25.02.1928 - 26.03.1934,1928,1934,0,письма,"автограф, машинопись, типографская печать"
924,3,0120,21.11.1929,1929,1929,0,письмо,"автограф, машинопись"
925,3,0121,11.02.1931,1931,1931,0,обращение,автограф
926,3,0122,25.10.1932,1932,1932,0,письмо,машинопись
927,3,0123,15.03.1934 - 01.04.1934,1934,1934,0,письмо,машинопись
928,3,0124,23.08.1934,1934,1934,0,письмо,"автограф, машинопись"
929,3,0125,16.02.1935 - 02.03.1935,1935,1935,0,письмо,"автограф, машинопись, типографская печать"
930,3,0126,11.06.1936,1936,1936,0,письмо,"автограф, машинопись"
931,3,0127,13.01.1925,1925,1925,0,письмо,машинопись
932,3,0128,22.10.[1925],1925,1925,1,телеграммы,Языки: русский
933,3,0129,01.08.1918 - 11.07.1919,1918,1919,0,письма,"автограф, машинопись"
934,3,0130,30.07.1918 - 11.07.1919,1918,1919,0,письма,"автограф, машинопись"
935,3,0131,30.07.1918 - 11.07.1919,1918,1919,0,выписки,машинопись
936,3,0132,01.09.1905,1905,1905,0,письмо,машинопись
937,3,0133,05.12.1913,1913,1913,0,письмо,автограф
938,3,0134,18.05.1922,1922,1922,0,письмо,машинопись
939,3,0135,25.09.1925 - 10.12.1925,1925,1925,0,письма,"автограф, машинопись, типографская печать"
940,3,0136,18.10.1926,1926,1926,0,письмо,"автограф, машинопись"
941,3,0137,01.03.1927 - 12.12.1927,1927,1927,0,письма,"автограф, машинопись"
942,3,0138,10.02.1928 - 21.03.1928,1928,1928,0,письма,"автограф, машинопись"
943,3,0139,19.04.1928 - 27.04.1928,1928,1928,0,письма,машинопись
944,3,0140,07.08.1928 - 10.08.1928,1928,1928,0,письмо,"автограф, машинопись"
945,3,0141,18.06.1930 - 15.12.1932,1930,1932,0,письма,"автограф, машинопись с правкой автора"
946,3,0142,28.05.1931,1931,1931,0,письмо,автограф
947,3,0143,22.06.1931,1931,1931,0,письмо,автограф
948,3,0144,12.10.1931,1931,1931,0,письмо,машинопись
949,3,0145,27.04.1932 - 04.02.1934,1932,1934,0,письмо,"автограф, машинопись"
950,3,0146,22.06.1932 - 15.07.1932,1932,1932,0,письма,машинопись
951,3,0147,05.03.1933 - 28.07.1933,1933,1933,0,письма,автограф
952,3,0148,07.07.1933,1933,1933,0,письмо,автограф
953,3,0149,20.10.1933 - 22.10.1933,1933,1933,0,письмо,"автограф, машинопись"
954,3,0150,14.03.1934,1934,1934,0,письмо,автограф
955,3,0151,1934,1934,1934,0,записка,автограф
956,3,0152,17.12.1934 - 04.09.1935,1934,1935,0,письма,"автограф, машинопись"
957,3,0153,19.12.1934 - 28.05.1935,1934,1935,0,письма,"автограф, машинопись"
958,3,0154,28.12.1934 - 02.06.1935,1934,1935,0,письма,"автограф, машинопись"
959,3,0155,10.06.1935,1935,1935,0,письмо,машинопись
960,3,0156,23.04.1935 - 10.05.1935,1935,1935,0,письма,"автограф, машинопись"
961,3,0158,31.03.1933,1933,1933,0,письма,машинопись
962,3,0159,21.03.1927 - 05.02.1930,1927,1930,0,письма,машинопись
963,3,0160,27.06.1932 - 03.06.1935,1932,1935,0,письма,"автограф, машинопись"
964,3,0161,17.08.1932 - 21.10.1933,1932,1933,0,письма,автограф
965,3,0162,02.02.1932 - 02.09.1935,1932,1935,0,письма,"автограф, машинопись"
966,3,0163,12.03.1931 - 02.02.1935,1931,1935,0,письма,"автограф, машинопись"
967,3,0164,01.06.1924 - 15.12.1925,1924,1925,0,письма,"автограф, машинопись"
968,3,0165,27.09.1933,1933,1933,0,письмо,машинопись
969,3,0166,25.04.1928,1928,1928,0,письмо,машинопись
970,3,0167,28.03.1933 - 20.12.1934,1933,1934,0,письмо,машинопись
971,3,0168,28.03.1933 - 20.12.1934,1933,1934,0,письмо,"автограф, машинопись"
972,3,0169,26.07.1928,1928,1928,0,письмо,машинопись
973,3,0170,18.07.1930,1930,1930,0,письмо,машинопись
974,3,0171,20.11.1930 - 04.12.1930,1930,1930,0,письма,"автограф, машинопись"
975,3,0172,14.07.1933,1933,1933,0,письмо,машинопись
976,3,0173,28.11.1926 - 23.02.1932,1926,1932,0,письма,"автограф, машинопись"
977,3,0174,29.03.1933 - 17.06.1933,1933,1933,0,письма,"автограф, машинопись"
978,3,0175,04.11.1925 - 18.07.1928,1925,1928,0,письма,машинопись
979,3,0176,22.04.1933 - 16.05.1935,1933,1935,0,письма,машинопись
980,3,0177,13.09.1930 - 03.09.1931,1930,1931,0,письма,"автограф, машинопись"
981,3,0178,08.09.1924 - 07.10.1933,1924,1933,0,письма,машинопись
982,3,0179,05.04.1933,1933,1933,0,письмо,автограф
983,3,0180,01.01.1935 - 13.06.1935,1935,1935,0,письма,машинопись
984,3,0181,24.06.1924 - 06.07.1926,1924,1926,0,письма,"автограф, машинопись"
985,3,0182,15.01.1935 - 23.04.1935,1935,1935,0,письма,машинопись
986,3,0183,19.05.1925,1925,1925,0,письмо,машинопись
987,3,0184,09.04.1932,1932,1932,0,письмо,автограф
988,3,0185,08.05.1935 - 07.06.1935,1935,1935,0,письма,машинопись
989,3,0186,15.06.1924,1924,1924,0,письмо,автограф
990,3,0187,03.07.1934 - 02.08.1934,1934,1934,0,"письмо, телеграмма",машинопись
991,3,0188,16.02.1934 - 19.02.1934,1934,1934,0,письмо,автограф
992,3,0189,29.06.1928 - 02.09.1935,1928,1935,0,письмо,"автограф, машинопись"
993,3,0190,26.07.1934,1934,1934,0,письмо,машинопись
994,3,0191,23.04.1935 - 09.07.1935,1935,1935,0,письмо,"автограф, машинопись"
995,3,0192,21.07.1928 - 14.05.1935,1928,1935,0,письма,"автограф, машинопись"
996,3,0193,16.05.1928,1928,1928,0,письмо,машинопись
997,3,0194,22.06.1935 - 20.07.1935,1935,1935,0,"письма, телеграммы",машинопись
998,3,0195,14.09.1933,1933,1933,0,письмо,автограф
999,3,0196,29.08.1935,1935,1935,0,письмо,машинопись
1000,3,0197,17.02.1919 - 29.12.1926,1919,1926,0,письма,"автограф, машинопись"
1001,3,0198,21.01.1927 - 18.12.1927,1927,1927,0,письма,"автограф, машинопись"
1002,3,0199,19.02.1928 - 26.06.1935,1928,1935,0,письма,машинопись
1003,3,0200,14.02.1927 - 16.04.1934,1927,1934,0,письма,"автограф, машинопись"
1004,3,0201,29.05.1914 - 05.02.1935,1914,1935,0,конверты,Языки: русский
1005,3,0202,07.05.1935,1935,1935,0,конверты,Языки: русский
1006,4,0001,4.04.1921,1921,1921,0,письмо,автограф
1007,4,0001а,12.02.1911 - 17.07.1923,1911,1923,0,письмо,"автограф, машинопись"
1008,4,0001б,27.05.1919,1919,1919,0,письмо,автограф
1009,4,0002,12.12.1919 - 12.04.1928,1919,1928,0,письма,"автограф, машинопись"
1010,4,0003,27.07.1928,1928,1928,0,письмо,"автограф, машинопись"
1011,4,0003а,10.06.1931,1931,1931,0,письмо,автограф
1012,4,0004,4.05.1920 - 16.02.1931,1920,1931,0,письма,"автограф, машинопись"
1013,4,0005,1.08.1932,1932,1932,0,письмо,автограф
1014,4,0006,21.05.1934,1934,1934,0,письмо,машинопись
1015,4,0007,[не ранее 1933],1933,1933,1,письмо,автограф
1016,4,0007а,15.11.1931,1931,1931,0,письма,"автограф, машинопись"
1017,4,0008,[сентябрь 1932],1932,1932,1,письмо,"автограф, машинопись"
1018,4,0009,15.03.1931,1931,1931,0,письмо,автограф
1019,4,0010,22.02.1910 - 31.12.1911,1910,1911,0,письма,"автограф, машинопись"
1020,4,0010а,20.06.1933 - 5.06.1935,1933,1935,0,письма,автограф
1021,4,0011,[не ранее 5.07.1928],1928,1928,1,письмо,"автограф, машинопись"
1022,4,0012,18.04.1924 - 30.04.1933,1924,1933,0,письма,автограф
1023,4,0012а,1934,1934,1934,0,письмо,"автограф, типографская печать"
1024,4,0013,9.05.1932 - 15.12.1934,1932,1934,0,письма,"автограф, машинопись"
1025,4,0014,[27.06.1927] - 24.04.1930,1927,1930,1,письма,"автограф, машинопись"
1026,4,0015,12.12.1934 - 22.06.1935,1934,1935,0,письма,"автограф, машинопись"
1027,4,0015а,14.12.1897,1897,1897,0,письмо,"автограф, газетные вырезки"
1028,4,0016,14.05.1929,1929,1929,0,письмо,автограф
1029,4,0016а,14.09.1890 - 18.09.1890,1890,1890,0,письма,автограф
1030,4,0017,8.09.1913 - 1934,1913,1934,0,письма,"автограф, машинопись"
1031,4,0018,22.06.1903,1903,1903,0,письмо,автограф
1032,4,0019,5.06.1927 - 6.09.1932,1927,1932,0,письма,"автограф, машинопись"
1033,4,0020,21.11.1927 - 7.09.1933,1927,1933,0,письма,"автограф, машинопись"
1034,4,0020а,22.04.1914,1914,1914,0,письмо,"автограф, машинопись"
1035,4,0021,[не ранее 5.06.1925] - 8.04.1935,1925,1935,1,письма,"автограф, машинопись"
1036,4,0021а,15.06.1926,1926,1926,0,письмо,машинопись
1037,4,0021б,15.06.1925 - 1.12.1925,1925,1925,0,письмо,автограф
1038,4,0022,6.04.1932 - 15.05.1935,1932,1935,0,письма,"автограф, машинопись"
1039,4,0023,21.09.1932,1932,1932,0,письмо,автограф
1040,4,0024,5.09.1891 - 16.10.1891,1891,1891,0,письма,автограф
1041,4,0025,23.09.1931 - 17.02.1933,1931,1933,0,письма,"автограф, машинопись"
1042,4,0025а,11.05.1931,1931,1931,0,письмо,автограф
1043,4,0025б,21.06.1934,1934,1934,0,письмо,автограф
1044,4,0026,18.04.1926,1926,1926,0,письмо,автограф
1045,4,0027,10.06.1934,1934,1934,0,письмо,автограф
1046,4,0028,2.02.1922 - 9.06.1934,1922,1934,0,письма,"автограф, машинопись"
1047,4,0029,март 1927 - 4.12.1929,1927,1929,0,письма,"автограф, машинопись"
1048,4,0030,4.07.1934,1934,1934,0,письмо,"автограф, машинопись"
1049,4,0031,28.05.1893 - 7.06.1932,1893,1932,0,письма,автограф
1050,4,0031а,25.02.1926 - 29.03.1933,1926,1933,0,письмо,автограф
1051,4,0032,16.02.1933 - декабрь 1934,1933,1934,0,письмо,"автограф, машинопись"
1052,4,0033,3.10.1931 - 25.11.1934,1931,1934,0,письмо,"автограф, машинопись"
1053,4,0034,октябрь 1934,1934,1934,0,письмо,автограф
1054,4,0035,9.01.1934 - 18.02.1934,1934,1934,0,письма,автограф
1055,4,0036,15.04.1932 - 4.10.1933,1932,1933,0,письма,автограф
1056,4,0037,[28.03].1935,1935,1935,1,письмо,автограф
1057,4,0038,1.08.1934,1934,1934,0,письмо,автограф
1058,4,0039,5.03.1931,1931,1931,0,письмо,автограф
1059,4,0040,5.08.1927,1927,1927,0,письмо,автограф
1060,4,0041,16.08.1934 - 22.09.1934,1934,1934,0,письма,автограф
1061,4,0042,31.08.1931,1931,1931,0,письмо,автограф
1062,4,0043,12.12.1927 - 28.02.1928,1927,1928,0,письма,автограф
1063,4,0044,26.03.1933,1933,1933,0,письма,автограф
1064,4,0046,3.01.1928,1928,1928,0,письмо,автограф
1065,4,0047,24.06.1930 - 28.04.1935,1930,1935,0,письма,автограф
1066,4,0048,9.07.1919,1919,1919,0,письмо,автограф
1067,4,0049,[21.02.1919],1919,1919,1,письмо,автограф
1068,4,0050,25.07.1927,1927,1927,0,письмо,автограф
1069,4,0051,20.03.1928 - 20.09.1935,1928,1935,0,письма,"автограф, машинопись"
1070,4,0052,10.01.1926,1926,1926,0,письмо,автограф
1071,4,0053,[2.06.]1917,1917,1917,1,письмо,автограф
1072,4,0054,[9.03.]1925,1925,1925,1,письмо,автограф
1073,4,0054а,30.11.1892,1892,1892,0,письмо,автограф
1074,4,0055,15.07.1934,1934,1934,0,письмо,автограф
1075,4,0056,11.04.1932 - 21.06.1934,1932,1934,0,письмо,автограф
1076,4,0057,15.08.1934,1934,1934,0,письмо,автограф
1077,4,0058,7.03.1934,1934,1934,0,письмо,автограф
1078,4,0059,[27.09.1917],1917,1917,1,письмо,автограф
1079,4,0060,24.05.1934 - 4.09.1935,1934,1935,0,письма,автограф
1080,4,0061,8.06.1935,1935,1935,0,письмо,автограф
1081,4,0062,3.01.1934,1934,1934,0,письмо,автограф
1082,4,0063,4.09.1930 - 12.10.1930,1930,1930,0,письма,автограф
1083,4,0064,22.01.1913 - 22.10.1930,1913,1930,0,письма,"автограф, машинопись"
1084,4,0065,18.06.1919 - 21.12.1926,1919,1926,0,письма,автограф
1085,4,0066,б/д,,,0,письмо,автограф
1086,4,0068,15.05.1935,1935,1935,0,письмо,автограф
1087,4,0069,11.11.1934,1934,1934,0,письмо,автограф
1088,4,0070,31.12.1927,1927,1927,0,письмо,автограф
1089,4,0071,7.09.1935,1935,1935,0,письмо,автограф
1090,4,0072,21.12.1916 - 20.10.1925,1916,1925,0,письма,автограф
1091,4,0073,22.09.1932,1932,1932,0,письмо,автограф
1092,4,0074,28.03.1928,1928,1928,0,письмо,автограф
1093,4,0075,4.06.1931,1931,1931,0,письмо,машинопись
1094,4,0076,17.11.1925,1925,1925,0,письмо,автограф
1095,4,0077,30.09.1930,1930,1930,0,письмо,автограф
1096,4,0078,21.09.1931 - 18.03.1932,1931,1932,0,письма,автограф
1097,4,0079,[18.04.]1928,1928,1928,1,письмо,автограф
1098,4,0080,[28.07.]1928,1928,1928,1,письма,автограф
1099,4,0081,14.04.1921 - 16.06.1921,1921,1921,0,письма,автограф
1100,4,0082,[не ранее июля 1934],1934,1934,1,письмо,автограф
1101,4,0083,18.02.1934,1934,1934,0,письмо,автограф
1102,4,0084,1.05.1934,1934,1934,0,письмо,машинопись
1103,4,0085,25.04.1930,1930,1930,0,письмо,автограф
1104,4,0086,14.01.1934,1934,1934,0,письмо,автограф
1105,4,0087,31.01.1934,1934,1934,0,письма,автограф
1106,4,0088,14.04.1935,1935,1935,0,письмо,автограф
1107,4,0089,1.12.1930,1930,1930,0,письмо,автограф
1108,4,0090,24.07.1926 - 11.11.1927,1926,1927,0,письма,автограф
1109,4,0091,17.01.1928,1928,1928,0,письмо,автограф
1110,4,0091a,27.12.1934 - 20.07.1935,1934,1935,0,письмо,"автограф, машинопись"
1111,4,0092,16.07.1935,1935,1935,0,письмо,автограф
1112,4,0093,13.12.1917,1917,1917,0,письмо,автограф
1113,4,0094,07.12.1930,1930,1930,0,письмо,автограф
1114,4,0095,10.05.1934,1934,1934,0,письмо,автограф
1115,4,0096,[18.10.]1927,1927,1927,1,письмо,автограф
1116,4,0097,[08.04.1932],1932,1932,1,письмо,автограф
1117,4,0098,22.02.1934,1934,1934,0,письмо,автограф
1118,4,0099,07.04.1935,1935,1935,0,письмо,автограф
1119,4,0099a,11.12.1926 - б/д,1926,1926,0,письма,автограф
1120,4,0100,15.05.1925 - 20.09.1925,1925,1925,0,письма,автограф
1121,4,0101,06.06.1934 - 12.06.1934,1934,1934,0,письмо,автограф
1122,4,0102,[не позднее 14.03.]1934,1934,1934,1,письмо,автограф
1123,4,0103,25.08.1934,1934,1934,0,письмо,автограф
1124,4,0104,05.09.1927,1927,1927,0,письмо,автограф
1125,4,0105,[30.03.1917],1917,1917,1,письмо,автограф
1126,4,0106,09.02.1932,1932,1932,0,письмо,автограф
1127,4,0107,24.06.1934 - [14.09.]1934,1934,1934,1,письмо,автограф
1128,4,0108,2.10.1931 - 17.09.1934,1931,1934,0,письма,автограф
1129,4,0109,10.11.1925,1925,1925,0,письмо,автограф
1130,4,0110,22.02.1928 - 6.03.1928,1928,1928,0,письма,автограф
1131,4,0111,29.07.1934,1934,1934,0,письмо,автограф
1132,4,0112,8.07.1933,1933,1933,0,письмо,автограф
1133,4,0113,26.12.1925 - 5.09.1930,1925,1930,0,письмо,автограф
1134,4,0114,27.05.1934,1934,1934,0,письмо,автограф
1135,4,0115,[20.07.1934] - [23.01.1935],1934,1935,1,письма,автограф
1136,4,0116,18.05.1934 - 14.07.1935,1934,1935,0,письма,автограф
1137,4,0117,18.11.1933,1933,1933,0,письмо,автограф
1138,4,0118,28.04.1928 - 10.05.1928,1928,1928,0,письма,автограф
1139,4,0119,26.09.1917 - 19.06.1934,1917,1934,0,письма,автограф
1140,4,0120,[2.09.]1933 - [20.04.]1934,1933,1934,1,письма,автограф
1141,4,0121,[13.09.1925],1925,1925,1,письмо,автограф
1142,4,0122,16.10.1934,1934,1934,0,письмо,автограф
1143,4,0123,28.07.1928 - 10.10.1928,1928,1928,0,письмо,автограф
1144,4,0124,19.02.1928 - 11.03.1928,1928,1928,0,письмо,автограф
1145,4,0125,11.11.1929 - 30.01.1934,1929,1934,0,письма,"автограф, машинопись"
1146,4,0126,[2.01.1931],1931,1931,1,письмо,автограф
1147,4,0127,1.11.1930 - 25.11.1930,1930,1930,0,письма,автограф
1148,4,0128,3.01.1927,1927,1927,0,письмо,автограф
1149,4,0129,8.04.1935,1935,1935,0,письмо,автограф
1150,4,0130,9.12.1933,1933,1933,0,письмо,автограф
1151,4,0131,26.07.1934 - 23.04.1935,1934,1935,0,письмо,"автограф, машинопись"
1152,4,0132,6.08.1935 - 11.08.1935,1935,1935,0,письмо,автограф
1153,4,0133,11.02.1928,1928,1928,0,письмо,автограф
1154,4,0134,7.07.1917,1917,1917,0,письмо,автограф
1155,4,0135,21.08.1931 - 18.01.1932,1931,1932,0,письмо,автограф
1156,4,0136,20.07.1934,1934,1934,0,письмо,автограф
1157,4,0137,30.01.1935 - 24.02.1935,1935,1935,0,письма,автограф
1158,4,0138,20.05.1934 - 26.05.1934,1934,1934,0,письма,автограф
1159,4,0139,16.10.1927 - 15.12.1927,1927,1927,0,письмо,автограф
1160,4,0140,23.02.1935 - 6.07.1935,1935,1935,0,письма,автограф
1161,4,0141,12.11.1935,1935,1935,0,письмо,автограф
1162,4,0142,26.02.1934,1934,1934,0,письмо,автограф
1163,4,0143,30.10.1927,1927,1927,0,письмо,машинопись
1164,4,0144,17.03.1935,1935,1935,0,письмо,автограф
1165,4,0145,6.05.1926,1926,1926,0,письмо,автограф
1166,4,0146,27.02.1934,1934,1934,0,письмо,машинопись
1167,4,0147,6.10.1926,1926,1926,0,письмо,автограф
1168,4,0148,3.11.1930,1930,1930,0,письмо,автограф
1169,4,0149,23.09.1919 - 13.02.1931,1919,1931,0,письма,автограф
1170,4,0150,19.12.1925,1925,1925,0,письмо,автограф
1171,4,0151,[28.02.1928],1928,1928,1,письмо,автограф
1172,4,0152,6.02.1935,1935,1935,0,письмо,автограф
1173,4,0153,12.11.1934 - 3.02.1935,1934,1935,0,письма,автограф
1174,4,0154,26.05.1928 - 28.02.1928,1928,1928,0,письмо,автограф
1175,4,0155,9.11.1925 - 28.03.1928,1925,1928,0,письма,автограф
1176,4,0156,4.01.1926,1926,1926,0,письмо,автограф
1177,4,0157,26.01.1926 - 23.08.1935,1926,1935,0,письма,"автограф, машинопись"
1178,4,0158,[29.04.1930],1930,1930,1,письмо,автограф
1179,4,0159,4.10.1934,1934,1934,0,письмо,автограф
1180,4,0160,8.04.1935,1935,1935,0,письмо,автограф
1181,4,0161,30.10.1913,1913,1913,0,письмо,автограф
1182,4,0162,8.05.1931 - 2.06.1931,1931,1931,0,письма,автограф
1183,4,0163,[27.12.1931],1931,1931,1,письмо,автограф
1184,4,0164,[12.04.1923] - 27.09.1930,1923,1930,1,письма,автограф
1185,4,0165,15.02.1917,1917,1917,0,письмо,автограф
1186,4,0166,20.02.1935 - 2.03.1935,1935,1935,0,письма,автограф
1187,4,0167,3.01.1926,1926,1926,0,письма,автограф
1188,4,0168,22.01.1931,1931,1931,0,письмо,автограф
1189,4,0169,25.11.1930 - [21.01.1933],1930,1933,1,письма,автограф
1190,4,0170,23.02.1931,1931,1931,0,письмо,автограф
1191,4,0171,12.05.1925 - 31.07.1935,1925,1935,0,письма,автограф
1192,4,0172,[23.07.]1928 - 17.08.1928,1928,1928,1,письмо,автограф
1193,4,0173,2.04.1920,1920,1920,0,письмо,автограф
1194,4,0174,13.06.1925,1925,1925,0,письмо,автограф
1195,4,0175,17.12.1927,1927,1927,0,письмо,автограф
1196,4,0176,20.02.1935,1935,1935,0,письмо,автограф
1197,4,0177,12.08.1919,1919,1919,0,письмо,автограф
1198,4,0178,26.09.1923 - 26.08.1930,1923,1930,0,письма,"автограф, машинопись"
1199,4,0179,21.04.1917 - 3.08.1917,1917,1917,0,письма,автограф
1200,4,0180,23.01.1924,1924,1924,0,письмо,автограф
1201,4,0181,26.01.1932 - 27.12.1934,1932,1934,0,письма,автограф
1202,4,0181а,17.10.1927 - 22.11.1927,1927,1927,0,письма,автограф
1203,4,0182,14.06.1932,1932,1932,0,письмо,автограф
1204,4,0183,[1932],1932,1932,1,телеграмма,автограф
1205,4,0184,29.08.1927,1927,1927,0,письмо,автограф
1206,4,0185,23.12.1925,1925,1925,0,письмо,автограф
1207,4,0186,б/д,,,0,письмо,автограф
1208,4,0187,11.07.1931,1931,1931,0,письмо,автограф
1209,4,0188,14.02.1928 - 7.05.1928,1928,1928,0,письма,автограф
1210,4,0189,19.07.1934,1934,1934,0,письмо,автограф
1211,4,0190,7.03.1932,1932,1932,0,письмо,автограф
1212,4,0191,3.08.1934,1934,1934,0,письмо,автограф
1213,4,0192,27.03.1925 - 8.08.1927,1925,1927,0,письма,автограф
1214,4,0193,[26.10.1924] - [15.03.1931],1924,1931,1,письма,автограф
1215,4,0194,7.11.1917,1917,1917,0,письмо,автограф
1216,4,0195,24.11.1927,1927,1927,0,письмо,автограф
1217,4,0196,24.09.1934 - 5.10.1934,1934,1934,0,письмо,"автограф, машинопись"
1218,4,0197,24.10.1934,1934,1934,0,письмо,автограф
1219,4,0198,7.08.1934,1934,1934,0,письмо,автограф
1220,4,0199,24.04.[1916],1916,1916,1,письмо,автограф
1221,4,0200,15.11.1933,1933,1933,0,письмо,автограф
1222,4,0201,23.04.1928 - 5.07.1928,1928,1928,0,письма,автограф
1223,4,0202,10.01.1930,1930,1930,0,письмо,автограф
1224,4,0203,29.06.1935,1935,1935,0,письмо,автограф
1225,4,0204,29.11.1919,1919,1919,0,письмо,автограф
1226,4,0205,8.02.1931,1931,1931,0,письмо,автограф
1227,4,0206,[27.02.1928],1928,1928,1,письмо,автограф
1228,4,0207,[23.08.1927],1927,1927,1,письмо,автограф
1229,4,0208,1.06.1934 - 2.07.1934,1934,1934,0,письмо,"автограф, машинопись"
1230,4,0209,3.01.1932 - 16.01.1932,1932,1932,0,письмо,автограф
1231,4,0210,6.08.1927,1927,1927,0,письмо,автограф
1232,4,0211,19.01.1928 - 29.01.1928,1928,1928,0,письма,автограф
1233,4,0212,3.12.1931,1931,1931,0,письмо,автограф
1234,4,0213,[3.01.1931],1931,1931,1,письмо,автограф
1235,4,0214,[28.05.1928],1928,1928,1,письмо,автограф
1236,4,0215,[4.12.1923] - 5.10.1924,1923,1924,1,письма,автограф
1237,4,0216,8.12.1934,1934,1934,0,письмо,автограф
1238,4,0217,[27.10.]1927 - 8.11.1927,1927,1927,1,письма,автограф
1239,4,0218,[16.02.1931] - 21.01.1934,1931,1934,1,письмо,автограф
1240,4,0219,[21.01.1927],1927,1927,1,письмо,автограф
1241,4,0220,10.01.1931,1931,1931,0,письмо,автограф
1242,4,0221,19.04.1931,1931,1931,0,письмо,автограф
1243,4,0222,5.01.1932,1932,1932,0,письмо,автограф
1244,4,0223,27.02.1935,1935,1935,0,письмо,автограф
1245,4,0224,24.08.1935 - 28.08.1935,1935,1935,0,письма,автограф
1246,4,0225,21.02.1934,1934,1934,0,письмо,автограф
1247,4,0226,3.03.1930 - 22.03.1930,1930,1930,0,письмо,машинопись
1248,4,0227,12.01.1931 - 5.02.1931,1931,1931,0,письма,автограф
1249,4,0228,12.01.1931,1931,1931,0,письмо,автограф
1250,4,0229,10.09.1930,1930,1930,0,письмо,автограф
1251,4,0230,7.01.1931,1931,1931,0,письмо,автограф
1252,4,0231,13.11.1933,1933,1933,0,письмо,автограф
1253,4,0232,29.12.1933 - 3.06.1935,1933,1935,0,письма,автограф
1254,4,0233,7.01.1932 - 18.01.1932,1932,1932,0,письма,автограф
1255,4,0234,13.01.1932,1932,1932,0,письмо,автограф
1256,4,0235,[31.07.1917] - 10.06.1926,1917,1926,1,письмо,машинопись
1257,4,0236,[9.08.1928],1928,1928,1,письмо,автограф
1258,4,0237,[10.08.1927] - [15.02.1928],1927,1928,1,письма,автограф
1259,4,0238,11.02.1928,1928,1928,0,письмо,автограф
1260,4,0239,[21.05.1934],1934,1934,1,письмо,автограф
1261,4,0240,10.12.1934,1934,1934,0,письмо,автограф
1262,4,0241,11.09.1926,1926,1926,0,письмо,машинопись
1263,4,0242,[31.05.1935],1935,1935,1,письмо,автограф
1264,4,0243,6.02.1934,1934,1934,0,письмо,автограф
1265,4,0244,3.08.1926,1926,1926,0,письмо,автограф
1266,4,0245,1.09.1933 - 19.04.1934,1933,1934,0,письма,автограф
1267,4,0246,23.07.1928 - 3.08.1928,1928,1928,0,письма,автограф
1268,4,0247,31.12.1930 - 14.01.1931,1930,1931,0,письма,автограф
1269,4,0248,10.05.1925 - 19.04.1926,1925,1926,0,письма,автограф
1270,4,0249,5.09.1931 - 19.09.1931,1931,1931,0,письма,автограф
1271,4,0250,12.02.1928,1928,1928,0,письмо,автограф
1272,4,0251,3.03.1928 - 20.06.1928,1928,1928,0,письма,автограф
1273,4,0252,14.06.1931,1931,1931,0,письмо,автограф
1274,4,0253,17.11.1933,1933,1933,0,письмо,автограф
1275,4,0254,5.07.1928,1928,1928,0,письмо,машинопись
1276,4,0255,[26.11.1927],1927,1927,1,письмо,автограф
1277,4,0256,20.11.1925,1925,1925,0,письмо,автограф
1278,4,0257,13.08.1934,1934,1934,0,письма,автограф
1279,4,0258,26.04.1935,1935,1935,0,письмо,автограф
1280,4,0259,17.11.1934,1934,1934,0,письмо,автограф
1281,4,0260,10.09.1933 - 15.07.1935,1933,1935,0,"письма, телеграммы",автограф
1282,4,0262,[1933] - [1935],1933,1935,1,письмо,автограф
1283,4,0263,31.05.1925,1925,1925,0,письмо,автограф
1284,4,0264,15.01.1926,1926,1926,0,письмо,автограф
1285,4,0265,30.12.1922 - 8.10.1934,1922,1934,0,письма,"автограф, машинопись"
1286,4,0266,6.08.1927,1927,1927,0,письмо,автограф
1287,4,0267,3.10.1931 - [5.07.1932],1931,1932,1,письмо,автограф
1288,4,0268,20.01.1932,1932,1932,0,письма,автограф
1289,4,0269,[10.08.1919] - 16.08.1919,1919,1919,1,письма,автограф
1290,4,0270,23.07.1926 - 15.08.1926,1926,1926,0,письма,автограф
1291,4,0271,2.04.1921,1921,1921,0,письмо,автограф
1292,4,0272,11.02.1928 - 20.02.1928,1928,1928,0,письма,автограф
1293,4,0273,21.07.1935,1935,1935,0,письмо,автограф
1294,4,0274,15.06.1934,1934,1934,0,письмо,автограф
1295,4,0275,1.06.1928 - [9.07.]1928,1928,1928,1,письмо,автограф
1296,4,0276,13.04.1924,1924,1924,0,письмо,автограф
1297,4,0277,4.03.1924,1924,1924,0,письмо,автограф
1298,4,0278,17.06.1929,1929,1929,0,письмо,автограф
1299,4,0279,2.01.1931,1931,1931,0,письмо,автограф
1300,4,0280,[31.12.1935],1935,1935,1,письмо,автограф
1301,4,0281,6.05.1925 - 10.06.1925,1925,1925,0,письма,автограф
1302,4,0282,7.03.1935 - 14.04.1935,1935,1935,0,письма,автограф
1303,4,0283,7.10.1933,1933,1933,0,письмо,автограф
1304,4,0284,3.08.1935 - 23.08.1935,1935,1935,0,письма,автограф
1305,4,0285,21.01.1928,1928,1928,0,письмо,автограф
1306,4,0286,6.01.1934,1934,1934,0,письмо,автограф
1307,4,0286а,8.12.1931,1931,1931,0,письмо,автограф
1308,4,0287,25.06.1931,1931,1931,0,письмо,автограф
1309,4,0288,1.12.1930 - 31.10.1934,1930,1934,0,письмо,автограф
1310,4,0289,17.10.1933,1933,1933,0,письмо,автограф
1311,4,0290,17.12.1930,1930,1930,0,письмо,автограф
1312,4,0291,18.09.1926 - 19.01.1927,1926,1927,0,письма,автограф
1313,4,0292,19.07.1935 - [3.08.]1935,1935,1935,1,письма,автограф
1314,4,0293,30.09.1927,1927,1927,0,письмо,автограф
1315,4,0294,[5.02.1928],1928,1928,1,письмо,автограф
1316,4,0295,[7.04.1934],1934,1934,1,письмо,автограф
1317,4,0296,[15.11.1930],1930,1930,1,письмо,автограф
1318,4,0297,[6.08.1927],1927,1927,1,письмо,автограф
1319,4,0298,[21.03.1934] - [25.08.1934],1934,1934,1,письмо,автограф
1320,4,0299,30.03.1930,1930,1930,0,письмо,автограф
1321,4,0300,8.06.1935,1935,1935,0,письмо,автограф
1322,4,0301,30.03.1928,1928,1928,0,письмо,автограф
1323,4,0302,[23.12.1926],1926,1926,1,письмо,автограф
1324,4,0303,5.05.1928,1928,1928,0,письмо,автограф
1325,4,0304,23.04.1935 - 4.05.1935,1935,1935,0,письма,автограф
1326,4,0305,21.09.1927,1927,1927,0,письмо,автограф
1327,4,0306,19.09.1927 - 12.07.1928,1927,1928,0,письмо,автограф
1328,4,0308,7.06.1935 - 21.07.1935,1935,1935,0,письма,автограф
1329,4,0309,7.06.1935,1935,1935,0,письмо,автограф
1330,4,0310,6.02.1926,1926,1926,0,письмо,автограф
1331,4,0311,9.09.1930 - 8.11.1930,1930,1930,0,письма,автограф
1332,4,0312,7.07.1935,1935,1935,0,письмо,автограф
1333,4,0313,23.05.1932,1932,1932,0,письмо,автограф
1334,4,0314,26.07.1934,1934,1934,0,письмо,автограф
1335,4,0315,6.09.1934,1934,1934,0,письмо,автограф
1336,4,0316,30.04.1931,1931,1931,0,письмо,автограф
1337,4,0317,б/д,,,0,письмо,автограф
1338,4,0318,6.02.1919,1919,1919,0,письмо,автограф
1339,4,0319,7.09.1934 - 28.09.1934,1934,1934,0,письма,автограф
1340,4,0320,4.02.1935,1935,1935,0,письмо,автограф
1341,4,0321,9.10.1934,1934,1934,0,письмо,автограф
1342,4,0322,28.08.1934,1934,1934,0,письмо,автограф
1343,4,0323,[не ранее 7.09.1930],1930,1930,1,письма,автограф
1344,4,0324,23.02.1924,1924,1924,0,письмо,автограф
1345,4,0325,26.04.1918,1918,1918,0,письмо,автограф
1346,4,0326,12.05.1934 - 14.09.1934,1934,1934,0,письмо,автограф
1347,4,0327,4.01.1931,1931,1931,0,письмо,автограф
1348,4,0328,5.07.1921,1921,1921,0,письмо,автограф
1349,4,0329,11.06.1933 - 23.06.1933,1933,1933,0,письма,автограф
1350,4,0330,31.05.1917,1917,1917,0,письмо,автограф
1351,4,0331,4.06.1928 - 20.07.1928,1928,1928,0,письма,автограф
1352,4,0332,6.04.1935,1935,1935,0,письмо,автограф
1353,4,0333,10.06.1928,1928,1928,0,письмо,автограф
1354,4,0334,14.05.1935,1935,1935,0,письмо,автограф
1355,4,0335,15.09.1920 - 3.04.1921,1920,1921,0,письма,"автограф, машинопись"
1356,4,0337,4.01.1931,1931,1931,0,письмо,автограф
1357,4,0338,24.01.1935,1935,1935,0,письмо,автограф
1358,4,0339,[3.09.1927],1927,1927,1,письмо,автограф
1359,4,0340,14.06.1927 - 15.04.1930,1927,1930,0,письмо,"автограф, машинопись"
1360,4,0341,3.06.1935,1935,1935,0,письмо,автограф
1361,4,0342,[19.05.]1931 - 6.06.1931,1931,1931,1,письма,автограф
1362,4,0343,28.06.1935,1935,1935,0,письмо,автограф
1363,4,0344,11.04.1934,1934,1934,0,письмо,автограф
1364,4,0345,22.12.1934 - 2.07.1935,1934,1935,0,письма,"автограф, машинопись"
1365,4,0347,21.06.1934 - 11.08.1934,1934,1934,0,письма,автограф
1366,4,0348,7.10.1923 - 10.01.1924,1923,1924,0,письма,автограф
1367,4,0349,24.04.1935,1935,1935,0,письмо,автограф
1368,4,0350,14.07.1934 - 29.07.1934,1934,1934,0,письма,автограф
1369,4,0351,12.12.1934,1934,1934,0,письмо,автограф
1370,4,0352,1.04.1928 - 8.05.1928,1928,1928,0,письма,автограф
1371,4,0353,26.3.1928 - 3.04.1928,1928,1928,0,письма,автограф
1372,4,0354,6.04.1932,1932,1932,0,письмо,автограф
1373,4,0355,1928 - 1929,1928,1929,0,письма,"автограф, машинопись"
1374,4,0356,22.04.1924 - 7.01.1925,1924,1925,0,письма,автограф
1375,4,0358,16.07.1929 - 3.03.1930,1929,1930,0,письма,"автограф, машинопись"
1376,4,0359,28.01.1926 - 12.01.1927,1926,1927,0,письма,автограф
1377,4,0360,[22.12.1931],1931,1931,1,письмо,автограф
1378,4,0361,30.12.[1930] - [1935],1930,1935,1,письмо,автограф
1379,4,0362,24.04.1927,1927,1927,0,письмо,автограф
1380,4,0363,28.01.1928,1928,1928,0,письмо,машинопись
1381,4,0364,20.10.1930 - 24.09.1933,1930,1933,0,письма,автограф
1382,4,0365,19.01.1931,1931,1931,0,письмо,автограф
1383,4,0366,4.08.1928 - 23.02.1934,1928,1934,0,письма,автограф
1384,4,0367,5.09.1927 - 16.05.1931,1927,1931,0,письма,автограф
1385,4,0368,6.09.1930,1930,1930,0,письмо,автограф
1386,4,0369,8.02.1917,1917,1917,0,письмо,автограф
1387,4,0370,[3.09.1934],1934,1934,1,письмо,автограф
1388,4,0371,23.03.1934 - 13.07.1935,1934,1935,0,письма,автограф
1389,4,0372,[29.08.1934],1934,1934,1,письмо,автограф
1390,4,0373,29.08.1928,1928,1928,0,письмо,автограф
1391,4,0374,[19.10.1934] - [11.08.1935],1934,1935,1,письма,автограф
1392,4,0375,27.07.1925 - 25.12.1925,1925,1925,0,письма,автограф
1393,4,0376,[30.08.1934] - [30.09.1934],1934,1934,1,письма,автограф
1394,4,0377,21.10.1934,1934,1934,0,письмо,автограф
1395,4,0378,27.01.1935 - 1.03.1935,1935,1935,0,письма,автограф
1396,4,0379,26.02.1933,1933,1933,0,письмо,автограф
1397,4,0380,[5.02.1935],1935,1935,1,письмо,автограф
1398,4,0381,23.03.1923 - 4.06.1935,1923,1935,0,письма,автограф
1399,4,0382,10.10.1927,1927,1927,0,письмо,автограф
1400,4,0383,20.02.1924,1924,1924,0,письмо,автограф
1401,4,0384,6.08.1935,1935,1935,0,письмо,автограф
1402,4,0385,24.07.1917,1917,1917,0,письмо,автограф
1403,4,0386,4.05.1934 - 29.07.1935,1934,1935,0,письма,автограф
1404,4,0387,12.09.1934,1934,1934,0,письмо,автограф
1405,4,0388,17.11.1933 - 27.10.1934,1933,1934,0,письма,автограф
1406,4,0389,30.12.[1933],1933,1933,1,письмо,автограф
1407,4,0390,14.02.1934,1934,1934,0,письмо,автограф
1408,4,0391,20.01.1934 - 19.02.1934,1934,1934,0,письмо,автограф
1409,4,0392,10.06.1931,1931,1931,0,письмо,автограф
1410,4,0394,24.10.1917,1917,1917,0,письмо,автограф
1411,4,0395,4.03.1927,1927,1927,0,письмо,автограф
1412,4,0396,4.03.1935,1935,1935,0,письмо,автограф
1413,4,0397,[не позднее 18.11]1930 - 27.11.1,1930,1930,1,письма,автограф
1414,4,0398,16.051924 - 12.08.1927,1927,1927,0,письма,автограф
1415,4,0399,22.03.1935,1935,1935,0,письмо,автограф
1416,4,0400,22.02.1931,1931,1931,0,письмо,автограф
1417,4,0401,16.07.1935,1935,1935,0,письмо,автограф
1418,4,0402,17.11.1919,1919,1919,0,письмо,автограф
1419,4,0403,28.05.1935,1935,1935,0,письмо,автограф
1420,4,0404,20.11.1930,1930,1930,0,письмо,машинопись
1421,4,0405,28.11.1924 - 1.11.1926,1924,1926,0,письмо,"автограф, машинопись"
1422,4,0406,17.06.1928 - 27.07.1928,1928,1928,0,письма,автограф
1423,4,0408,13.03.1933,1933,1933,0,письмо,автограф
1424,4,0409,12.09.1927,1927,1927,0,письмо,автограф
1425,4,0410,[6.06.]1931 - [25.06.]1931,1931,1931,1,письмо,автограф
1426,4,0411,25.02.1935 - 10.04.1935,1935,1935,0,письма,автограф
1427,4,0412,25.06.1917 - 17.07.1917,1917,1917,0,письмо,автограф
1428,4,0413,30.12.1934,1934,1934,0,письмо,автограф
1429,4,0414,1.05.1934,1934,1934,0,письмо,автограф
1430,4,0415,2.10.1934,1934,1934,0,письмо,автограф
1431,4,0416,21.05.1932,1932,1932,0,письмо,автограф
1432,4,0417,19.05.1931,1931,1931,0,письмо,автограф
1433,4,0418,9.02.1921,1921,1921,0,письмо,автограф
1434,4,0419,2.05.1934 - 10.05.1934,1934,1934,0,письмо,автограф
1435,4,0421,1928 - 1931,1928,1931,0,письма,"автограф, машинопись"
1436,4,0422,[1.08.1935],1935,1935,1,письмо,автограф
1437,4,0423,6.03.1934,1934,1934,0,письмо,автограф
1438,4,0424,23.01.1931,1931,1931,0,письмо,автограф
1439,4,0425,22.05.1935,1935,1935,0,письмо,автограф
1440,4,0426,[4.04.1925] - [28.08.1928],1925,1928,1,письма,автограф
1441,4,0427,6.03.1933 - 9.05.1934,1933,1934,0,письма,автограф
1442,4,0428,15.03.1928,1928,1928,0,письмо,автограф
1443,4,0429,22.07.1920 - 1.05.1921,1920,1921,0,письма,автограф
1444,4,0430,10.08.1934,1934,1934,0,письмо,автограф
1445,4,0431,[21.12.1934],1934,1934,1,письмо,автограф
1446,4,0432,[16.04.1934],1934,1934,1,письмо,автограф
1447,4,0433,5.05.1928,1928,1928,0,письмо,автограф
1448,4,0434,6.06.1927,1927,1927,0,письмо,автограф
1449,4,0435,1.08.1934 - 30.05.1935,1934,1935,0,письма,автограф
1450,4,0436,24.06.1927 - 14.07.1928,1927,1928,0,письма,автограф
1451,4,0437,10.11.1934,1934,1934,0,письмо,автограф
1452,4,0438,[23.07.1935],1935,1935,1,письмо,автограф
1453,4,0439,19.11.1930,1930,1930,0,письмо,автограф
1454,4,0440,5.08.1933,1933,1933,0,письмо,автограф
1455,4,0441,22.08.1935,1935,1935,0,письмо,автограф
1456,4,0442,31.12.1930,1930,1930,0,письмо,автограф
1457,4,0443,1.05.1935 - 19.05.1935,1935,1935,0,письма,автограф
1458,4,0444,29.01.1928,1928,1928,0,письмо,автограф
1459,4,0445,1.05.1921,1921,1921,0,письмо,автограф
1460,4,0446,8.05.1926,1926,1926,0,письмо,автограф
1461,4,0447,22.02.1921 - 16.08.1927,1921,1927,0,письма,машинопись
1462,4,0448,22.06.1934 - 27.07.1934,1934,1934,0,письма,автограф
1463,4,0449,1.03.1928 - 14.03.1928,1928,1928,0,письма,автограф
1464,4,0450,26.07.1935,1935,1935,0,письмо,автограф
1465,4,0451,22.01.1931,1931,1931,0,письмо,автограф
1466,4,0452,13.10.1932,1932,1932,0,письмо,автограф
1467,4,0453,4.08.1931,1931,1931,0,письмо,автограф
1468,4,0454,7.02.1934,1934,1934,0,письмо,автограф
1469,4,0455,27.09.1933 - 25.08.1934,1933,1934,0,письма,автограф
1470,4,0456,26.02.1933,1933,1933,0,письмо,автограф
1471,4,0457,18.09.1929 - 7.11.1930,1929,1930,0,письма,"автограф, машинопись"
1472,4,0458,31.01.1934 - 7.03.1934,1934,1934,0,письма,автограф
1473,4,0459,3.03.1925 - 11.01.1926,1925,1926,0,письма,автограф
1474,4,0460,28.08.1935,1935,1935,0,письмо,автограф
1475,4,0461,28.04.1935,1935,1935,0,письмо,автограф
1476,4,0462,20.09.1931,1931,1931,0,письмо,автограф
1477,4,0463,26.02.1919 - 23.04.1919,1919,1919,0,письма,автограф
1478,4,0464,30.03.1928,1928,1928,0,письмо,автограф
1479,4,0465,21.05.1928,1928,1928,0,письмо,автограф
1480,4,0466,8.12.1934,1934,1934,0,письмо,автограф
1481,4,0467,[23.10.]1930 - [5.11.]1930,1930,1930,1,письмо,автограф
1482,4,0468,24.04.1928,1928,1928,0,письмо,автограф
1483,4,0469,2.09.1917,1917,1917,0,письмо,автограф
1484,4,0470,1.01.1930,1930,1930,0,письмо,автограф
1485,4,0471,17.01.1927,1927,1927,0,письмо,автограф
1486,4,0472,21.09.1930,1930,1930,0,письмо,автограф
1487,4,0473,[1.10.]1935 - 14.01.1935,1935,1935,1,письма,автограф
1488,4,0474,6.04.1928,1928,1928,0,письмо,автограф
1489,4,0475,23.04.1935 - 11.08.1935,1935,1935,0,письма,автограф
1490,4,0477,28.04.1932,1932,1932,0,письмо,автограф
1491,4,0478,б/д,,,0,письмо,автограф
1492,4,0479,4.01.1931 - 14.01.1931,1931,1931,0,письма,автограф
1493,4,0480,11.12.1927 - 16.04.1935,1927,1935,0,письма,"автограф, машинопись"
1494,4,0481,25.02.1926,1926,1926,0,письмо,автограф
1495,4,0482,2.01.1917 - 6.01.1935,1917,1935,0,письмо,"автограф, газетные вырезки, машинопись"
1496,4,0483,17.08.1928 - [30.08.]1928,1928,1928,1,письма,автограф
1497,4,0484,13.08.1917 - 8.08.1918,1917,1918,0,письма,автограф
1498,4,0485,19.07.1934,1934,1934,0,письмо,автограф
1499,4,0486,20.06.1928,1928,1928,0,письмо,автограф
1500,4,0487,15.09.1934,1934,1934,0,письмо,автограф
1501,4,0488,10.06.1925 - 4.03.1934,1925,1934,0,письма,"автограф, машинопись"
1502,4,0489,15.06.1928 - 15.07.1935,1928,1935,0,письма,автограф
1503,4,0490,18.03.1927,1927,1927,0,письмо,автограф
1504,4,0491,30.03.1935 - 7.04.1935,1935,1935,0,письмо,автограф
1505,4,0491a,22.07.1931,1931,1931,0,письмо,автограф
1506,4,0492,9.10.1933,1933,1933,0,письмо,автограф
1507,4,0493,23.06.1934,1934,1934,0,письмо,автограф
1508,4,0494,30.11.1930 - [31.10.1934],1930,1934,1,письма,автограф
1509,4,0495,18.08.1931,1931,1931,0,письмо,автограф
1510,4,0496,22.01.1931 - 15.05.1931,1931,1931,0,письма,автограф
1511,4,0497,10.07.1926 - 25.10.1930,1926,1930,0,письма,автограф
1512,4,0498,21.06.1934 - 18.07.1935,1934,1935,0,письма,автограф
1513,4,0499,12.01.1931,1931,1931,0,письмо,автограф
1514,4,0500,21.10.1933,1933,1933,0,письмо,автограф
1515,4,0501,5.12.1934,1934,1934,0,письмо,автограф
1516,4,0502,14.12.1931,1931,1931,0,письмо,автограф
1517,4,0503,14.11.1934,1934,1934,0,письмо,автограф
1518,4,0504,13.08.1934 - 23.08.1934,1934,1934,0,письма,автограф
1519,4,0505,21.06.1924 - 10.10.1924,1924,1924,0,письма,автограф
1520,4,0506,8.03.1933 - 20.03.1934,1933,1934,0,письма,автограф
1521,4,0507,18.03.1931,1931,1931,0,письмо,автограф
1522,4,0508,18.11.1934,1934,1934,0,письмо,автограф
1523,4,0509,21.12.1924 - 29.07.1925,1924,1925,0,письма,автограф
1524,4,0510,1.08.1925 - 22.12.1925,1925,1925,0,"письма, телеграммы",автограф
1525,4,0511,12.01.1926 - 23.04.1926,1926,1926,0,письма,автограф
1526,4,0512,3.05.1926 - 27.09.1926,1926,1926,0,письма,автограф
1527,4,0513,4.10.1926 - 26.12.1926,1926,1926,0,письма,автограф
1528,4,0514,2.01.1927 - 28.04.1927,1927,1927,0,письма,автограф
1529,4,0515,8.05.1927 - 29.09.1927,1927,1927,0,письма,автограф
1530,4,0516,4.10.1927 - 21.12.1927,1927,1927,0,письма,автограф
1531,4,0517,3.01.1928 - 28.02.1928,1928,1928,0,письма,автограф
1532,4,0518,3.03.1928 - 28.08.1928,1928,1928,0,письма,автограф
1533,4,0519,21.04.1930 - 27.12.1933,1930,1933,0,письма,"автограф, машинопись"
1534,4,0520,14.01.1934 - 27.12.1934,1934,1934,0,письма,"автограф, машинопись"
1535,4,0521,1.01.1935 - 3.09.1935,1935,1935,0,письма,автограф
1536,4,0522,26.07.1934,1934,1934,0,письмо,автограф
1537,4,0523,10.10.1932,1932,1932,0,письмо,автограф
1538,4,0524,30.05.1914 - 23.06.1914,1914,1914,0,письма,автограф
1539,4,0525,20.10.1934,1934,1934,0,письмо,автограф
1540,4,0526,28.08.1928,1928,1928,0,письмо,автограф
1541,4,0527,3.02.1933,1933,1933,0,письмо,автограф
1542,4,0528,2.07.1921 - 12.05.1925,1921,1925,0,письма,машинопись
1543,4,0529,30.03.1933 - [14.07.1935],1933,1935,1,письма,автограф
1544,4,0530,26.09.1934,1934,1934,0,письмо,машинопись
1545,4,0531,31.12.1912,1912,1912,0,письмо,автограф
1546,4,0532,25.02.1934,1934,1934,0,письмо,автограф
1547,4,0533,5.05.1935 - 12.09.1935,1935,1935,0,письма,автограф
1548,4,0534,8.01.1934 - 5.02.1935,1934,1935,0,письма,автограф
1549,4,0536,5.07.1931 - 29.07.1931,1931,1931,0,письмо,автограф
1550,4,0537,[20.06.]1934,1934,1934,1,письмо,автограф
1551,4,0538,23.06.1934,1934,1934,0,письмо,автограф
1552,4,0539,25.02.1928,1928,1928,0,письмо,автограф
1553,4,0540,7.03.1928 - 30.05.1928,1928,1928,0,письма,машинопись
1554,4,0541,20.05.1931,1931,1931,0,письмо,автограф
1555,4,0542,14.03.1935,1935,1935,0,письмо,автограф
1556,4,0543,16.02.1924,1924,1924,0,письмо,автограф
1557,4,0544,18.04.1935,1935,1935,0,письмо,машинопись
1558,4,0545,26.08.1934,1934,1934,0,письмо,автограф
1559,4,0546,1.01.1934 - 8.09.1934,1934,1934,0,письма,автограф
1560,4,0547,[8.11. или 10.11.]1925,1925,1925,1,письмо,автограф
1561,4,0548,22.09.1924 - 3.09.1935,1924,1935,0,письма,автограф
1562,4,0549,5.05.1924 - 5.04.1935,1924,1935,0,письма,"автограф, машинопись"
1563,4,0550,27.07.1928 - 26.08.1928,1928,1928,0,письма,автограф
1564,4,0551,11.12.1917,1917,1917,0,письмо,автограф
1565,4,0552,12.05.1931,1931,1931,0,письмо,автограф
1566,4,0553,28.07.1934 - 13.07.1935,1934,1935,0,письма,автограф
1567,4,0554,3.09.1935,1935,1935,0,письмо,автограф
1568,4,0554a,22.02.1932 - 12.05.1934,1932,1934,0,письма,автограф
1569,4,0555,4.11.1934 - 26.06.1935,1934,1935,0,письма,автограф
1570,4,0556,30.04.1928 - 29.09.1930,1928,1930,0,письма,автограф
1571,4,0557,30.03.1933,1933,1933,0,письмо,автограф
1572,4,0558,2.08.1935,1935,1935,0,письмо,автограф
1573,4,0559,7.12.1925 - 15.12.1926,1925,1926,0,письма,"автограф, машинопись"
1574,4,0560,25.05.1928 - 22.02.1929,1928,1929,0,письма,автограф
1575,4,0561,18.08.1927,1927,1927,0,письмо,автограф
1576,4,0562,4.05.1926 - 1.06.1928,1926,1928,0,письма,автограф
1577,4,0563,9.08.1928,1928,1928,0,письмо,автограф
1578,4,0564,11.11.1934,1934,1934,0,письмо,автограф
1579,4,0565,26.12.1934,1934,1934,0,письмо,автограф
1580,4,0566,23.05.1934,1934,1934,0,письмо,автограф
1581,4,0567,23.03.1935,1935,1935,0,письмо,автограф
1582,4,0568,8.12.1932 - 27.09.1934,1932,1934,0,письма,автограф
1583,4,0569,25.08.1931,1931,1931,0,письмо,автограф
1584,4,0570,3.02.1935 - 31.08.1935,1935,1935,0,письма,автограф
1585,4,0571,4.09.1917,1917,1917,0,письмо,автограф
1586,4,0572,10.07.1934 - 7.08.1935,1934,1935,0,письма,автограф
1587,4,0573,28.04.1928,1928,1928,0,письмо,автограф
1588,4,0574,18.08.1927 - 29.08.1927,1927,1927,0,письма,автограф
1589,4,0575,23.09.1935,1935,1935,0,письмо,автограф
1590,4,0576,8.12.1927 - 27.06.1935,1927,1935,0,письма,"автограф, машинопись"
1591,4,0577,11.01.1931,1931,1931,0,письмо,автограф
1592,4,0578,21.06.1934,1934,1934,0,письмо,автограф
1593,4,0579,29.04.1935 - 11.05.1935,1935,1935,0,письмо,"автограф, машинопись"
1594,4,0580,19.01.1935 - 2.02.1935,1935,1935,0,письма,автограф
1595,4,0581,28.03.1921,1921,1921,0,письмо,автограф
1596,4,0582,[26.07.]1934,1934,1934,1,письмо,автограф
1597,4,0583,31.07.1923 - 3.03.1928,1923,1928,0,письма,автограф
1598,4,0584,10.02.1930,1930,1930,0,письмо,автограф
1599,4,0585,2.02.1931,1931,1931,0,письмо,автограф
1600,4,0585a,10.08.1928,1928,1928,0,письмо,автограф
1601,4,0586,1.08.1935,1935,1935,0,письмо,автограф
1602,4,0587,7.01.1935,1935,1935,0,письмо,автограф
1603,4,0588,9.06.1925 - 5.08.1925,1925,1925,0,письма,автограф
1604,4,0589,12.05.1926 - 15.06.1926,1926,1926,0,письма,автограф
1605,4,0590,26.01.1933 - 27.04.1935,1933,1935,0,письма,автограф
1606,4,0591,6.05.1935,1935,1935,0,письмо,автограф
1607,4,0592,10.09.1922,1922,1922,0,письмо,автограф
1608,4,0593,25.06.1934,1934,1934,0,письмо,автограф
1609,4,0594,26.03.1921 - 11.01.[1931],1921,1931,1,письма,автограф
1610,4,0595,3.03.1935 - 19.03.1935,1935,1935,0,письма,автограф
1611,4,0596,20.11.1933 - [3.02.1934],1933,1934,1,письма,автограф
1612,4,0597,20.07.1931,1931,1931,0,письмо,автограф
1613,4,0598,20.01.1934 - 5.04.1935,1934,1935,0,письма,автограф
1614,4,0599,20.08.1934,1934,1934,0,письмо,автограф
1615,4,0600,29.04.1935,1935,1935,0,письмо,автограф
1616,4,0601,9.02.1931,1931,1931,0,письмо,автограф
1617,4,0602,28.03.1935,1935,1935,0,письмо,автограф
1618,4,0603,3.05.1932 - 11.07.1934,1932,1934,0,письма,автограф
1619,4,0604,27.08.1934 - 11.09.1934,1934,1934,0,письма,автограф
1620,4,0605,4.01.1934,1934,1934,0,письмо,автограф
1621,4,0606,20.09.1932,1932,1932,0,письмо,автограф
1622,4,0607,26.02.1930 - 21.07.1935,1930,1935,0,письма,автограф
1623,4,0608,18.05.1926,1926,1926,0,письмо,автограф
1624,4,0609,26.04.1935,1935,1935,0,письмо,автограф
1625,4,0610,15.02.1935 - 28.02.1935,1935,1935,0,письмо,автограф
1626,4,0611,23.01.1928,1928,1928,0,письмо,автограф
1627,4,0612,6.01.1931,1931,1931,0,письмо,автограф
1628,4,0613,28.12.1930,1930,1930,0,письмо,автограф
1629,4,0614,10.04.1917 - 29.04.1917,1917,1917,0,письма,автограф
1630,4,0615,20.06.1928 - 27.06.1928,1928,1928,0,письма,автограф
1631,4,0616,29.09.1920,1920,1920,0,письмо,автограф
1632,4,0617,9.07.1934,1934,1934,0,письмо,автограф
1633,4,0618,25.01.1934,1934,1934,0,письмо,автограф
1634,4,0619,5.01.1931 - 17.02.1931,1931,1931,0,письма,автограф
1635,4,0620,3.04.1927,1927,1927,0,письмо,автограф
1636,4,0621,20.03.1932,1932,1932,0,письмо,автограф
1637,4,0622,5.01.1931,1931,1931,0,письмо,автограф
1638,4,0623,4.08.1928,1928,1928,0,письмо,автограф
1639,4,0624,10.02.1933 - 24.04.1934,1933,1934,0,письма,автограф
1640,4,0625,10.07.1932,1932,1932,0,письмо,автограф
1641,4,0626,8.12.1925,1925,1925,0,письмо,автограф
1642,4,0627,2.08.1921,1921,1921,0,письмо,автограф
1643,4,0628,26.07.1927,1927,1927,0,письмо,автограф
1644,4,0629,18.04.1933,1933,1933,0,письмо,автограф
1645,4,0630,19.05.1935,1935,1935,0,письмо,автограф
1646,4,0631,28.06.1935,1935,1935,0,письмо,автограф
1647,4,0632,18.07.1934 - 30.11.1934,1934,1934,0,письмо,автограф
1648,4,0633,5.09.1934 - 17.09.1934,1934,1934,0,письма,автограф
1649,4,0635,18.10.1931 - 15.03.1935,1931,1935,0,письма,автограф
1650,4,0636,20.03.1928 - 23.09.1931,1928,1931,0,письма,автограф
1651,4,0637,14.11.1927,1927,1927,0,письмо,автограф
1652,4,0638,30.03.1928 - 27.01.1935,1928,1935,0,письма,автограф
1653,4,0639,24.05.1927 - 22.11.1930,1927,1930,0,письма,автограф
1654,4,0640,2.07.1932 - 15.09.1932,1932,1932,0,письмо,автограф
1655,4,0641,5.10.1916 - 1.01.1931,1916,1931,0,письма,автограф
1657,4,0642,27.03.1928,1928,1928,0,письмо,автограф
1658,4,0643,6.04.1928 - 29.04.1928,1928,1928,0,письмо,"автограф, машинопись"
1659,4,0644,1934,1934,1934,0,письмо,автограф
1660,4,0645,8.08.1931,1931,1931,0,письмо,автограф
1661,4,0646,27.09.1931,1931,1931,0,письмо,автограф
1662,4,0647,3.11.1934 - 11.03.1935,1934,1935,0,письма,"автограф, машинопись"
1663,4,0648,8.01.1931,1931,1931,0,письмо,автограф
1664,4,0649,17.05.1932,1932,1932,0,письмо,автограф
1665,4,0650,24.08.1921,1921,1921,0,письмо,автограф
1666,4,0651,27.12.1928 - 22.12.1934,1928,1934,0,письмо,автограф
1667,4,0652,27.02.1931 - 26.06.1935,1931,1935,0,письма,"автограф, машинопись"
1668,4,0653,11.12.1933,1933,1933,0,письмо,автограф
1669,4,0654,6.03.1928 - 29.03.1928,1928,1928,0,письма,автограф
1670,4,0655,19.03.1935,1935,1935,0,письмо,автограф
1671,4,0656,30.04.1934,1934,1934,0,письмо,автограф
1672,4,0657,12.08.1931,1931,1931,0,письмо,автограф
1673,4,0658,3.08.1928,1928,1928,0,письмо,автограф
1674,4,0659,29.12.1934,1934,1934,0,письмо,автограф
1675,4,0660,12.12.1921,1921,1921,0,письмо,автограф
1676,4,0661,25.03.1928,1928,1928,0,письма,автограф
1677,4,0662,16.04.1917 - 5.05.1917,1917,1917,0,письма,автограф
1678,4,0663,13.11.1930 - 3.02.1932,1930,1932,0,письма,автограф
1679,4,0664,26.07.1928 - 3.08.1928,1928,1928,0,письма,автограф
1680,4,0665,30.08.1934,1934,1934,0,письмо,автограф
1681,4,0666,3.03.1926,1926,1926,0,письмо,автограф
1682,4,0667,5.01.1931,1931,1931,0,письмо,автограф
1683,4,0668,10.10.1922 - 30.10.1922,1922,1922,0,письма,автограф
1684,4,0669,б/д,,,0,письмо,автограф
1685,4,0670,25.02.1923 - 17.10.1932,1923,1932,0,письма,"автограф, машинопись"
1686,4,0671,11.01.1933 - 2.09.1935,1933,1935,0,письма,автограф
1687,4,0672,7.05.1935,1935,1935,0,письмо,автограф
1688,4,0673,б/д,,,0,письмо,автограф
1689,4,0674,29.11.1927,1927,1927,0,письмо,автограф
1690,4,0675,28.11.1930,1930,1930,0,письмо,автограф
1691,4,0676,13.08.1928 - 31.08.1928,1928,1928,0,письма,автограф
1692,4,0677,4.02.1926 - 9.02.1926,1926,1926,0,письма,автограф
1693,4,0678,19.04.1934 - 25.08.1934,1934,1934,0,письма,автограф
1694,4,0679,23.10.1929 - 2.11.1929,1929,1929,0,письма,автограф
1695,4,0680,9.08.1928,1928,1928,0,письмо,автограф
1696,4,0681,28.05.1928,1928,1928,0,письмо,автограф
1697,4,0682,30.08.1931,1931,1931,0,письма,автограф
1698,4,0683,12.02.1933 - 18.03.1934,1933,1934,0,письма,автограф
1699,4,0684,24.05.1934,1934,1934,0,письмо,автограф
1700,4,0685,13.12.1933,1933,1933,0,письмо,"автограф, машинопись"
1701,4,0686,28.04.1935,1935,1935,0,письмо,автограф
1702,4,0687,16.11.1927 - 2.07.1928,1927,1928,0,письма,автограф
1703,4,0688,23.10.1934,1934,1934,0,письмо,автограф
1704,4,0689,17.06.1919 - 12.07.1934,1919,1934,0,письма,"автограф, машинопись"
1705,4,0690,30.01.1928,1928,1928,0,письмо,автограф
1706,4,0691,8.12.1932,1932,1932,0,письмо,автограф
1707,4,0692,1.12.1922 - 23.08.1923,1922,1923,0,письма,автограф
1708,4,0693,30.11.1934 - 27.12.1934,1934,1934,0,письма,автограф
1709,4,0694,30.08.1930,1930,1930,0,письмо,автограф
1710,4,0695,12.05.1931,1931,1931,0,письмо,машинопись
1711,4,0696,[16.02.1931] - 25.06.1935,1931,1935,1,письма,автограф
1712,4,0697,27.03.1932,1932,1932,0,письмо,автограф
1713,4,0698,22.12.1921 - 4.12.1929,1921,1929,0,письма,"автограф, машинопись"
1714,4,0699,4.12.1931,1931,1931,0,письмо,автограф
1715,4,0700,20.05.1928,1928,1928,0,письмо,автограф
1716,4,0701,12.11.1932,1932,1932,0,письмо,автограф
1717,4,0702,27.08.1934,1934,1934,0,письмо,автограф
1718,4,0703,16.12.1896,1896,1896,0,письма,автограф
1719,4,0704,28.01.1930,1930,1930,0,письмо,автограф
1720,4,0705,10.08.1933,1933,1933,0,письмо,автограф
1721,4,0706,9.04.1919 - 24.06.1919,1919,1919,0,письма,автограф
1722,4,0707,27.08.1931 - 7.04.1932,1931,1932,0,письма,автограф
1723,4,0708,11.06.1930 - 11.09.1934,1930,1934,0,письма,"автограф, машинопись"
1724,4,0709,16.02.1929 - 25.07.1929,1929,1929,0,письма,автограф
1725,4,0710,2.05.1934 - 28.06.1934,1934,1934,0,письма,автограф
1726,4,0711,4.12.1917,1917,1917,0,письмо,машинопись
1727,4,0712,2.04.1934 - 24.08.1935,1934,1935,0,письма,автограф
1728,4,0713,12.02.1933,1933,1933,0,письмо,автограф
1729,4,0714,1.02.1926,1926,1926,0,письмо,автограф
1730,4,0715,7.04.1932 - 3.06.1932,1932,1932,0,письма,автограф
1731,4,0716,27.01.1932 - 3.10.1933,1932,1933,0,письма,автограф
1732,4,0717,15.05.1931,1931,1931,0,письмо,автограф
1733,4,0718,3.03.1934 - 26.05.1934,1934,1934,0,письма,автограф
1734,4,0719,16.02.1926 - 16.07.1927,1926,1927,0,письма,автограф
1735,4,0720,9.07.1931 - 28.08.1934,1931,1934,0,письма,"автограф, машинопись"
1736,4,0721,18.03.1934,1934,1934,0,письмо,"автограф, машинопись"
1737,4,0722,10.09.1933 - 19.09.1933,1933,1933,0,письма,автограф
1738,4,0723,12.08.1934,1934,1934,0,письмо,автограф
1739,4,0724,8.10.1927 - 1.09.1930,1927,1930,0,письма,автограф
1740,4,0725,4.12.1926,1926,1926,0,письмо,машинопись
1741,4,0726,7.04.1935,1935,1935,0,письмо,автограф
1742,4,0727,4.06.1924,1924,1924,0,письмо,автограф
1743,4,0728,21.04.1928 - 27.05.1928,1928,1928,0,письма,автограф
1744,4,0729,15.02.1932,1932,1932,0,письмо,автограф
1745,4,0730,11.07.1928,1928,1928,0,письмо,автограф
1746,4,0731,19.03.1931,1931,1931,0,письмо,автограф
1747,4,0732,22.01.1931,1931,1931,0,письмо,автограф
1748,4,0733,30.09.1916,1916,1916,0,письмо,машинопись
1749,4,0734,8.10.1934,1934,1934,0,письмо,автограф
1750,4,0735,15.10.1934,1934,1934,0,письмо,автограф
1751,4,0736,27.09.1934 - 28.06.1935,1934,1935,0,письма,"автограф, машинопись"
1752,4,0737,15.10.1927,1927,1927,0,письмо,машинопись
1753,4,0738,3.02.1934,1934,1934,0,письмо,автограф
1754,4,0742,29.11.1931 - 16.08.1935,1931,1935,0,письма,"автограф, машинопись"
1755,4,0743,1904 - 1935,1904,1935,0,конверты,Языки: русский
1756,4,0744,23.06.1934,1934,1934,0,письмо,автограф
1757,4,0745,28.06.1934 - 1.07.1934,1934,1934,0,письма,"автограф, машинопись"
1758,4,0746,21.06.1934,1934,1934,0,письмо,автограф
1759,4,0747,25.06.1934,1934,1934,0,письмо,автограф
1760,4,0748,23.06.1934,1934,1934,0,письмо,автограф
1761,4,0749,27.06.1934,1934,1934,0,письмо,автограф
1762,4,0750,26.06.1934,1934,1934,0,письмо,автограф
1763,4,0751,21.06.1934,1934,1934,0,письмо,автограф
1764,4,0752,24.06.1934,1934,1934,0,письмо,автограф
1765,4,0753,25.06.1934,1934,1934,0,письмо,автограф
1766,4,0754,21.06.1934,1934,1934,0,письмо,автограф
1767,4,0755,23.06.1934,1934,1934,0,письмо,автограф
1768,4,0756,27.06.1934,1934,1934,0,письмо,автограф
1769,4,0757,23.07.1934,1934,1934,0,письмо,автограф
1770,4,0758,23.06.1934,1934,1934,0,письмо,автограф
1771,4,0759,25.06.1934,1934,1934,0,письмо,автограф
1772,4,0760,28.06.1934,1934,1934,0,письмо,автограф
1773,4,0761,16.06.1934,1934,1934,0,письмо,автограф
1774,4,0762,27.06.1934,1934,1934,0,письмо,автограф
1775,4,0763,21.06.1934,1934,1934,0,письмо,машинопись
1776,4,0764,9.06.1934,1934,1934,0,письмо,машинопись
1777,4,0765,25.06.1934,1934,1934,0,письмо,автограф
1778,4,0766,26.06.1934,1934,1934,0,письмо,автограф
1779,4,0767,22.06.1934,1934,1934,0,письмо,автограф
1780,4,0768,23.06.1934,1934,1934,0,письмо,автограф
1781,4,0769,23.06.1934,1934,1934,0,письмо,автограф
1782,4,0770,30.06.1934,1934,1934,0,письмо,автограф
1783,4,0772,23.06.1934,1934,1934,0,письмо,машинопись
1784,4,0773,24.06.1934,1934,1934,0,письмо,автограф
1785,4,0774,27.06.1934,1934,1934,0,письмо,автограф
1786,4,0775,22.06.1934,1934,1934,0,письмо,автограф
1787,4,0776,4.07.1934,1934,1934,0,письмо,автограф
1788,4,0777,23.06.1934,1934,1934,0,письмо,автограф
1789,4,0778,22.06.1934,1934,1934,0,письмо,автограф
1790,4,0779,23.06.1934,1934,1934,0,письмо,автограф
1791,4,0780,24.06.1934,1934,1934,0,письмо,автограф
1792,4,0781,2.06.1934,1934,1934,0,письмо,автограф
1793,4,0782,27.06.1934,1934,1934,0,письмо,автограф
1794,4,0783,23.06.1934,1934,1934,0,письмо,автограф
1795,4,0784,28.06.1934,1934,1934,0,письмо,автограф
1796,4,0785,25.06.1934,1934,1934,0,письмо,автограф
1797,4,0786,22.06.1934,1934,1934,0,письмо,автограф
1798,4,0787,27.07.1934,1934,1934,0,письмо,автограф
1799,4,0788,7.07.1934,1934,1934,0,письмо,автограф
1800,4,0789,26.06.1934,1934,1934,0,письмо,автограф
1801,4,0790,23.06.1934,1934,1934,0,письмо,автограф
1802,4,0791,22.06.1934,1934,1934,0,письмо,автограф
1803,4,0792,24.06.1934,1934,1934,0,письмо,автограф
1804,4,0793,21.06.1934,1934,1934,0,письмо,машинопись
1805,4,0794,22.06.1934,1934,1934,0,письмо,автограф
1806,4,0795,25.06.1934,1934,1934,0,письмо,автограф
1807,4,0796,8.07.1934,1934,1934,0,письмо,автограф
1808,4,0797,21.06.1934,1934,1934,0,письмо,автограф
1809,4,0798,24.06.1934,1934,1934,0,письмо,автограф
1810,4,0799,1.07.1934,1934,1934,0,письмо,автограф
1811,4,0800,22.06.1934,1934,1934,0,письмо,автограф
1812,4,0801,24.06.1934,1934,1934,0,письмо,автограф
1813,4,0802,24.06.1934,1934,1934,0,письмо,автограф
1814,4,0803,22.06.1934,1934,1934,0,письмо,автограф
1815,4,0804,21.06.1934,1934,1934,0,письмо,автограф
1816,4,0805,3.07.1934,1934,1934,0,письмо,автограф
1817,4,0805a,23.06.1934,1934,1934,0,письмо,автограф
1818,4,0806,21.06.1934,1934,1934,0,письмо,машинопись
1819,4,0807,22.06.1934,1934,1934,0,письмо,автограф
1820,4,0808,22.06.1934 - 13.07.1934,1934,1934,0,письма,автограф
1821,4,0809,23.06.1934,1934,1934,0,письмо,автограф
1822,4,0810,21.06.1934,1934,1934,0,письмо,автограф
1823,4,0811,25.06.1934,1934,1934,0,письмо,автограф
1824,4,0812,23.06.1934,1934,1934,0,письмо,автограф
1825,4,0813,20.07.1934,1934,1934,0,письмо,автограф
1826,4,0814,22.06.1934,1934,1934,0,письмо,автограф
1827,4,0815,24.06.1934,1934,1934,0,письмо,автограф
1828,4,0816,28.06.1934,1934,1934,0,письмо,автограф
1829,4,0817,24.06.1934,1934,1934,0,письмо,автограф
1830,4,0818,23.06.1934,1934,1934,0,письмо,автограф
1831,4,0819,21.06.1934,1934,1934,0,письмо,автограф
1832,4,0820,22.06.1934,1934,1934,0,письмо,автограф
1833,4,0821,22.06.1934,1934,1934,0,письмо,автограф
1834,4,0822,24.06.1934,1934,1934,0,письмо,автограф
1835,4,0823,28.06.1934,1934,1934,0,письмо,автограф
1836,4,0824,21.06.1934,1934,1934,0,письмо,автограф
1837,4,0825,25.06.1934,1934,1934,0,письмо,автограф
1838,4,0826,23.06.1934,1934,1934,0,письмо,автограф
1839,4,0827,29.06.1934,1934,1934,0,письмо,автограф
1840,4,0828,5.07.1934,1934,1934,0,письмо,автограф
1841,4,0829,26.06.1934,1934,1934,0,письмо,автограф
1842,4,0830,24.06.1934,1934,1934,0,письмо,автограф
1843,4,0831,21.06.1934,1934,1934,0,письмо,автограф
1844,4,0832,23.06.1934,1934,1934,0,письмо,автограф
1845,4,0833,25.06.1934,1934,1934,0,письмо,автограф
1846,4,0834,25.06.1934,1934,1934,0,письмо,автограф
1847,4,0835,24.06.1934,1934,1934,0,письмо,автограф
1848,4,0836,23.06.1934,1934,1934,0,письмо,автограф
1849,4,0837,30.06.1934,1934,1934,0,письмо,автограф
1850,4,0838,21.06.1934,1934,1934,0,письмо,автограф
1851,4,0839,24.06.1934,1934,1934,0,письмо,автограф
1852,4,0840,22.06.1934,1934,1934,0,письмо,автограф
1853,4,0840a,12.07.1934 - 28.07.1934,1934,1934,0,письма,автограф
1854,4,0841,21.06.1934,1934,1934,0,письмо,автограф
1855,4,0842,22.06.1934,1934,1934,0,письмо,автограф
1856,4,0843,23.06.1934,1934,1934,0,письмо,автограф
1857,4,0844,21.06.1934,1934,1934,0,письмо,автограф
1858,4,0845,23.06.1934,1934,1934,0,письмо,автограф
1859,4,0846,27.06.1934,1934,1934,0,письмо,автограф
1860,4,0847,21.06.1934,1934,1934,0,письмо,автограф
1861,4,0848,25.06.1934,1934,1934,0,письмо,автограф
1862,4,0849,27.06.1934,1934,1934,0,письмо,автограф
1863,4,0850,24.06.1934,1934,1934,0,письмо,автограф
1864,4,0851,21.06.1934,1934,1934,0,письмо,автограф
1865,4,0852,26.06.1934,1934,1934,0,письмо,автограф
1866,4,0853,1.07.1934,1934,1934,0,письмо,автограф
1867,4,0853a,25.06.1934 - 18.06.1934,1934,1934,0,письма,автограф
1868,4,0854,6.07.1934,1934,1934,0,письмо,автограф
1869,4,0855,21.06.1934,1934,1934,0,письмо,автограф
1870,4,0856,23.06.1934,1934,1934,0,письмо,автограф
1871,4,0857,22.06.1934,1934,1934,0,письмо,автограф
1872,4,0858,27.06.1934,1934,1934,0,письмо,автограф
1873,4,0859,26.06.1934,1934,1934,0,письмо,автограф
1874,4,0859a,21.06.1934 - 14.07.1934,1934,1934,0,письма,автограф
1875,4,0860,24.06.1934,1934,1934,0,письмо,автограф
1876,4,0861,27.06.1934,1934,1934,0,письмо,автограф
1877,4,0862,21.06.1934,1934,1934,0,письмо,автограф
1878,4,0863,22.06.1934,1934,1934,0,письмо,автограф
1879,4,0864,22.06.1934,1934,1934,0,письмо,автограф
1880,4,0865,22.06.1934,1934,1934,0,письмо,автограф
1881,4,0866,21.06.1934,1934,1934,0,письмо,автограф
1882,4,0867,25.06.1934,1934,1934,0,письмо,автограф
1883,4,0868,26.06.1934,1934,1934,0,письмо,автограф
1884,4,0869,22.06.1934,1934,1934,0,письмо,автограф
1885,4,0870,22.06.1934,1934,1934,0,письмо,автограф
1886,4,0871,26.06.1934,1934,1934,0,письмо,автограф
1887,4,0872,24.06.1934,1934,1934,0,письмо,автограф
1888,4,0873,14.07.1934,1934,1934,0,письмо,автограф
1889,4,0873a,24.07.1934 - 10.08.1934,1934,1934,0,письма,автограф
1890,4,0874,26.06.1934,1934,1934,0,письмо,автограф
1891,4,0875,25.06.1934,1934,1934,0,письмо,автограф
1892,4,0876,июнь 1934,1934,1934,0,письмо,автограф
1893,4,0877,1.07.1934,1934,1934,0,письмо,автограф
1894,4,0878,1.07.1934,1934,1934,0,письмо,автограф
1895,4,0879,26.06.1934,1934,1934,0,письмо,автограф
1896,4,0880,23.06.1934,1934,1934,0,письмо,автограф
1897,4,0881,26.06.1934,1934,1934,0,письмо,автограф
1898,4,0882,23.06.1934,1934,1934,0,письмо,автограф
1899,4,0883,22.06.1934,1934,1934,0,письмо,автограф
1900,4,0884,24.06.1934,1934,1934,0,письмо,автограф
1901,4,0885,24.06.1934,1934,1934,0,письмо,автограф
1902,4,0886,22.06.1934 - 28.06.1934,1934,1934,0,письмо,автограф
1903,4,0887,23.06.1934,1934,1934,0,письмо,автограф
1904,4,0888,26.06.1934,1934,1934,0,письмо,автограф
1905,4,0889,23.06.1934,1934,1934,0,письмо,автограф
1906,4,0890,27.06.1934,1934,1934,0,письмо,автограф
1907,4,0891,30.06.1934 - 20.07.1934,1934,1934,0,письма,автограф
1908,4,0892,23.06.1934,1934,1934,0,письмо,автограф
1909,4,0893,25.06.1934,1934,1934,0,письмо,автограф
1910,4,0894,1934,1934,1934,0,письмо,автограф
1911,4,0895,23.06.1934,1934,1934,0,письмо,автограф
1912,4,0896,26.06.1934,1934,1934,0,письмо,автограф
1913,4,0897,23.06.1934,1934,1934,0,письмо,автограф
1914,4,0898,22.06.1934,1934,1934,0,письмо,автограф
1915,4,0899,23.06.1934,1934,1934,0,письмо,автограф
1916,4,0900,21.06.1934,1934,1934,0,письмо,автограф
1917,4,0901,24.06.1934,1934,1934,0,письмо,автограф
1918,4,0902,24.06.1934,1934,1934,0,письмо,автограф
1919,4,0903,25.06.1934,1934,1934,0,письмо,автограф
1920,4,0904,22.06.1934,1934,1934,0,письмо,автограф
1921,4,0905,26.06.1934,1934,1934,0,письмо,автограф
1922,4,0906,21.06.1934,1934,1934,0,письмо,автограф
1923,4,0907,22.06.1934,1934,1934,0,письмо,автограф
1924,4,0908,22.06.1934,1934,1934,0,письмо,автограф
1925,4,0909,24.06.1934,1934,1934,0,письмо,автограф
1926,4,0910,22.06.1934,1934,1934,0,письмо,автограф
1927,4,0911,22.06.1934,1934,1934,0,письмо,автограф
1928,4,0912,27.06.1934,1934,1934,0,письмо,автограф
1929,4,0913,21.06.1934,1934,1934,0,письмо,автограф
1930,4,0914,25.06.1934,1934,1934,0,письмо,автограф
1931,4,0915,28.06.1934,1934,1934,0,письмо,автограф
1932,4,0916,13.07.1934,1934,1934,0,письмо,автограф
1933,4,0917,23.06.1934,1934,1934,0,письмо,автограф
1934,4,0918,21.06.1934,1934,1934,0,письмо,автограф
1935,4,0919,25.06.1934,1934,1934,0,письмо,автограф
1936,4,0920,26.06.1934,1934,1934,0,письмо,автограф
1937,4,0921,21.06.1934,1934,1934,0,письмо,автограф
1938,4,0922,25.06.1934,1934,1934,0,письмо,автограф
1939,4,0923,22.06.1934,1934,1934,0,письмо,автограф
1940,4,0924,23.06.1934,1934,1934,0,письмо,автограф
1941,4,0925,22.06.1934,1934,1934,0,письмо,автограф
1942,4,0926,22.06.1934,1934,1934,0,письмо,автограф
1943,4,0927,22.06.1934 - 26.07.1934,1934,1934,0,письмо,автограф
1944,4,0928,4.07.1934,1934,1934,0,письмо,автограф
1945,4,0929,25.06.1934,1934,1934,0,письмо,автограф
1946,4,0930,26.06.1934,1934,1934,0,письмо,автограф
1947,4,0931,26.06.1934,1934,1934,0,письмо,автограф
1948,4,0932,22.06.1934,1934,1934,0,письмо,автограф
1949,4,0933,25.06.1934,1934,1934,0,письмо,автограф
1950,4,0934,25.06.1934,1934,1934,0,письмо,автограф
1951,4,0935,27.06.1934,1934,1934,0,письмо,автограф
1952,4,0936,23.06.1934,1934,1934,0,письмо,автограф
1953,4,0937,4.07.1934,1934,1934,0,письмо,автограф
1954,4,0938,28.06.1934,1934,1934,0,письмо,автограф
1955,4,0939,1934,1934,1934,0,письмо,автограф
1956,4,0940,23.06.1934,1934,1934,0,письмо,автограф
1957,4,0941,25.06.1934 - 27.06.1934,1934,1934,0,письма,автограф
1958,4,0942,22.06.1934,1934,1934,0,письмо,автограф
1959,4,0943,25.06.1934,1934,1934,0,письмо,автограф
1960,4,0944,22.06.1934,1934,1934,0,письмо,автограф
1961,4,0945,23.06.1934,1934,1934,0,письмо,автограф
1962,4,0946,24.06.1934,1934,1934,0,письмо,автограф
1963,4,0947,25.06.1934,1934,1934,0,письмо,автограф
1964,4,0948,25.06.1934,1934,1934,0,письмо,автограф
1965,4,0949,27.06.1934,1934,1934,0,письмо,автограф
1966,4,0950,22.06.1934,1934,1934,0,письмо,автограф
1967,4,0951,16.07.1934,1934,1934,0,письмо,автограф
1968,4,0952,21.06.1934,1934,1934,0,письмо,автограф
1969,4,0953,22.06.1934,1934,1934,0,письмо,автограф
1970,4,0954,23.06.1934,1934,1934,0,письмо,автограф
1971,4,0955,23.06.1934,1934,1934,0,письмо,автограф
1972,4,0956,23.06.1934,1934,1934,0,письмо,автограф
1973,4,0956a,22.06.1934,1934,1934,0,письмо,автограф
1974,4,0957,25.06.1934,1934,1934,0,письмо,автограф
1975,4,0958,15.09.1935,1935,1935,0,письмо,автограф
1976,4,0958a,20.12.1961,1961,1961,0,письмо,автограф
1977,4,0958б,8.02.1967,1967,1967,0,письмо,автограф
1978,4,0959,16.09.1935,1935,1935,0,письмо,автограф
1979,4,0959a,1.05.1931,1931,1931,0,письмо,автограф
1980,4,0960,15 февраля,,,0,письмо,автограф
1981,4,0961,6.12.1939,1939,1939,0,письмо,автограф
1982,4,0961a,30.11.1964,1964,1964,0,письмо,автограф
1983,4,0962,14.12.1939 - 19.02.1941,1939,1941,0,письма,машинопись
1984,4,0963,8.07.1935,1935,1935,0,письмо,автограф
1985,4,0964,б/д,,,0,письмо,автограф
1986,4,0965,5.05.1928,1928,1928,0,письмо,автограф
1987,4,0965a,13.12.1964 - 28.11.1968,1964,1968,0,письмо,машинопись
1988,4,0965б,13.11.1955 - 20.04.1963,1955,1963,0,письмо,"автограф, машинопись"
1989,4,0965в,10.12.1920,1920,1920,0,письмо,автограф
1990,4,0965г,2.05.1940 - 26.08.1942,1940,1942,0,письма,автограф
1991,4,0966,2.06.1940 - 26.08.1942,1940,1942,0,письма,автограф
1992,4,0966а,26.06.[1933] - 4.12.[1933],1933,1933,1,письма,автограф
1993,4,0967,,,,0,письмо,автограф
1994,4,0968,2.09.1932,1932,1932,0,письмо,автограф
1995,4,0969,24.01.1938,1938,1938,0,письмо,автограф
1996,4,0969а,18.11.1958 - 11.12.1958,1958,1958,0,письма,автограф
1997,4,0970,12.08.1940,1940,1940,0,письмо,автограф
1998,4,0970а,19.02.1969,1969,1969,0,письмо,машинопись
1999,4,0971,23.09.1931 - 3.05.1933,1931,1933,0,письма,автограф
2000,4,0972,б/д,,,0,письмо,машинопись
2001,4,0973,19.02.1933 - 29.09.1933,1933,1933,0,письма,автограф
2002,4,0974,15.10.1932 - 29.01.1934,1932,1934,0,письма,"автограф, машинопись"
2003,4,0975,8.03.1933,1933,1933,0,письмо,автограф
2004,4,0975а,б/д,,,0,письмо,машинопись
2005,4,0975б,22.04.1966,1966,1966,0,письмо,машинопись
2006,4,0975в,11.02.1966 - 5.11.1971,1966,1971,0,письма,"автограф, машинопись"
2007,4,0975г,3.09.1966,1966,1966,0,письмо,машинопись
2008,4,0976,[15.10.1932] - 18.11.1933,1932,1933,1,"письма, телеграммы",автограф
2009,4,0976а,16.01.1971,1971,1971,0,письмо,машинопись
2010,4,0976б,22.04.1966,1966,1966,0,письмо,машинопись
2011,4,0976в,31.12.1960,1960,1960,0,письмо,автограф
2012,4,0977,3.12.1926,1926,1926,0,письмо,автограф
2013,4,0978,22.02.1936 - 7.04.1956,1936,1956,0,письма,автограф
2015,4,0979а,25.03.1952,1952,1952,0,письмо,автограф
2016,4,0979б,7.05.1962,1962,1962,0,письмо,автограф
2017,4,0979в,2.09.1937 - 26.03.1939,1937,1939,0,письма,автограф
2018,4,0980,22.10.1932,1932,1932,0,письмо,автограф
2019,4,0980а,1940,1940,1940,0,письмо,автограф
2020,4,0981,28.03.1932,1932,1932,0,письмо,автограф
2021,4,0982,1.06.1934,1934,1934,0,письмо,автограф
2022,4,0983,5.11.1939,1939,1939,0,письмо,автограф
2023,4,0984,1890 - 1971,1890,1971,0,письма,"автограф, машинопись"
2024,4,0985,22.08.1934,1934,1934,0,письмо,автограф
