path,hand,pitch_peak,pitch_agree,ink_cv,gap_cv,height_cv,bands
data/opis_1/delo_0267/000.jpg,1,0.46,1.0,1.129,1.233,1.451,6
data/opis_1/delo_0267/001.jpg,1,0.755,1.0,2.079,2.157,1.049,8
data/opis_1/delo_0267/002.jpg,0,0.441,0.71,0.283,1.478,0.298,36
data/opis_1/delo_0267/003.jpg,0,0.46,0.673,0.248,1.216,0.034,35
data/opis_1/delo_0267/004.jpg,1,0.373,0.568,0.36,1.019,0.163,38
data/opis_1/delo_0267/005.jpg,0,0.395,0.976,0.266,0.967,0.073,36
data/opis_1/delo_0267/006.jpg,1,0.471,0.568,0.264,1.183,0.33,36
data/opis_1/delo_0267/007.jpg,0,0.37,0.803,0.262,0.903,0.046,35
data/opis_1/delo_0267/008.jpg,0,0.443,0.745,0.279,0.966,0.259,34
data/opis_1/delo_0267/009.jpg,1,0.685,0.846,1.738,1.287,1.443,21
data/opis_1/delo_0267/010.jpg,1,0.374,0.479,0.398,1.061,0.254,34
data/opis_1/delo_0267/011.jpg,1,0.645,1.0,1.205,1.302,1.638,18
data/opis_1/delo_0267/012.jpg,0,0.409,0.667,0.296,1.41,0.081,35
data/opis_1/delo_0267/013.jpg,0,0.403,0.744,0.338,1.383,0.058,35
data/opis_1/delo_0267/014.jpg,0,0.409,0.704,0.246,1.318,0.08,36
data/opis_1/delo_0267/015.jpg,0,0.437,0.716,0.266,1.066,0.168,36
data/opis_1/delo_0267/016.jpg,0,0.37,0.736,0.277,1.003,0.094,10
data/opis_1/delo_0267/017.jpg,1,0.647,0.021,1.159,2.37,0.581,28
data/opis_1/delo_0267/018.jpg,0,0.541,1.0,0.884,1.295,0.918,27
data/opis_1/delo_0267/019.jpg,1,0.723,1.0,1.172,1.254,0.779,28
data/opis_1/delo_0267/020.jpg,0,0.569,1.0,0.95,1.239,1.411,33
data/opis_1/delo_0267/021.jpg,1,0.518,0.849,0.911,1.245,0.92,22
data/opis_1/delo_0267/022.jpg,1,0.563,0.358,0.949,1.457,1.143,24
data/opis_1/delo_0267/023.jpg,1,0.645,0.326,1.245,1.519,1.549,27
data/opis_1/delo_0267/024.jpg,1,0.734,1.0,1.297,1.738,0.985,21
data/opis_1/delo_0105/000.jpg,1,0.716,0.849,1.879,1.302,1.715,22
data/opis_1/delo_0105/001.jpg,1,0.577,1.0,1.497,1.273,2.798,23
data/opis_1/delo_0105/002.jpg,1,0.456,0.274,1.297,1.328,2.872,29
data/opis_1/delo_0105/003.jpg,1,0.421,0.347,1.151,1.441,1.37,39
data/opis_1/delo_0105/004.jpg,1,0.797,0.818,1.923,2.264,1.339,20
data/opis_1/delo_0105/005.jpg,1,0.74,1.0,1.811,1.387,1.531,16
data/opis_1/delo_0105/006.jpg,1,0.769,1.0,1.377,1.502,1.339,7
data/opis_1/delo_0105/007.jpg,0,0.84,1.0,1.806,2.286,1.522,10
data/opis_1/delo_0105/008.jpg,1,0.78,1.0,1.357,1.436,1.863,16
data/opis_1/delo_0105/009.jpg,1,0.695,1.0,1.206,1.281,1.859,22
data/opis_1/delo_0105/010.jpg,1,0.827,1.0,1.44,1.28,1.813,14
data/opis_1/delo_0105/011.jpg,1,0.553,0.705,1.241,1.27,1.551,27
data/opis_1/delo_0105/012.jpg,1,0.743,1.0,2.337,1.616,2.369,10
data/opis_1/delo_0105/013.jpg,1,0.848,1.0,1.617,2.375,1.235,13
data/opis_1/delo_0105/014.jpg,1,0.815,1.0,1.587,1.367,0.635,18
data/opis_1/delo_0105/015.jpg,1,0.776,0.912,2.524,1.366,1.493,30
data/opis_1/delo_0105/016.jpg,0,0.818,1.0,1.919,2.271,1.383,16
data/opis_1/delo_0105/017.jpg,1,0.84,1.0,2.309,1.331,1.021,21
data/opis_1/delo_0105/018.jpg,1,0.76,0.731,1.864,1.431,0.905,15
data/opis_1/delo_0105/019.jpg,1,0.571,0.247,1.348,1.181,0.817,21
data/opis_1/delo_0105/020.jpg,1,0.766,1.0,2.228,1.775,1.618,22
data/opis_1/delo_0105/021.jpg,0,0.58,0.119,2.281,1.065,0.806,23
data/opis_1/delo_0105/022.jpg,1,0.716,1.0,1.859,2.121,1.92,15
data/opis_1/delo_0105/023.jpg,1,0.659,1.0,1.446,1.558,1.754,12
data/opis_1/delo_0105/024.jpg,1,0.787,1.0,2.43,1.82,1.445,22
data/opis_1/delo_0105/025.jpg,1,0.618,1.0,1.31,1.397,1.664,27
data/opis_1/delo_0105/026.jpg,1,0.536,1.0,1.079,1.207,2.63,21
data/opis_1/delo_0105/027.jpg,1,0.672,1.0,1.284,1.366,1.91,12
data/opis_1/delo_0105/028.jpg,0,0.779,0.819,2.674,1.512,1.182,33
data/opis_1/delo_0105/029.jpg,1,0.818,1.0,1.863,1.387,1.746,17
data/opis_1/delo_0105/030.jpg,1,0.817,1.0,2.674,1.51,1.469,13
data/opis_1/delo_0105/031.jpg,0,0.647,0.664,1.383,1.759,2.076,15
data/opis_1/delo_0105/032.jpg,1,0.782,0.798,2.181,1.551,1.319,11
data/opis_1/delo_0105/033.jpg,1,0.832,0.189,2.456,2.103,2.102,15
data/opis_1/delo_0105/034.jpg,1,0.6,1.0,1.317,1.93,2.314,20
data/opis_1/delo_0105/036.jpg,0,0.789,1.0,1.557,2.236,1.577,19
data/opis_1/delo_0105/037.jpg,1,0.794,1.0,1.807,1.29,1.508,16
data/opis_1/delo_0105/038.jpg,1,0.835,1.0,2.134,1.483,1.339,16
data/opis_1/delo_0105/039.jpg,1,0.776,0.889,1.785,1.403,1.989,18
data/opis_1/delo_0105/040.jpg,1,0.738,0.889,1.502,1.816,1.897,18
data/opis_1/delo_0105/041.jpg,1,0.633,0.876,1.507,1.413,2.044,14
data/opis_1/delo_0105/042.jpg,1,0.705,1.0,1.253,2.019,1.812,16
data/opis_1/delo_0105/043.jpg,1,0.794,1.0,2.04,2.055,1.245,25
data/opis_1/delo_0105/044.jpg,1,0.66,1.0,1.583,1.502,1.966,14
data/opis_1/delo_0105/045.jpg,1,0.727,0.822,1.579,1.46,1.598,15
data/opis_1/delo_0105/046.jpg,1,0.724,1.0,1.429,1.242,1.903,14
data/opis_1/delo_0105/047.jpg,1,0.853,0.896,1.925,1.131,1.127,21
data/opis_1/delo_0105/048.jpg,1,0.738,1.0,1.256,1.327,1.34,20
data/opis_1/delo_0105/049.jpg,1,0.778,1.0,1.83,1.35,1.354,23
data/opis_1/delo_0105/050.jpg,0,0.76,1.0,1.708,1.394,2.198,14
data/opis_1/delo_0105/051.jpg,1,0.918,0.937,2.548,1.383,0.68,14
data/opis_1/delo_0105/052.jpg,1,0.703,0.9,1.365,2.146,0.982,23
data/opis_1/delo_0105/053.jpg,1,0.854,1.0,2.321,2.05,1.312,22
data/opis_1/delo_0105/054.jpg,1,0.573,1.0,1.231,1.538,1.802,18
data/opis_1/delo_0105/055.jpg,1,0.794,1.0,1.981,1.33,1.256,23
data/opis_1/delo_0105/056.jpg,1,0.75,1.0,1.379,1.531,1.354,18
data/opis_1/delo_0105/057.jpg,1,0.819,1.0,2.211,1.263,1.1,26
data/opis_1/delo_0105/058.jpg,1,0.784,0.453,1.698,1.62,0.809,17
data/opis_1/delo_0105/059.jpg,1,0.471,0.953,1.375,1.102,0.717,27
data/opis_1/delo_0105/060.jpg,0,0.501,0.049,0.343,1.032,0.248,28
data/opis_1/delo_0105/061.jpg,0,0.488,-0.014,0.321,1.089,0.146,29
data/opis_1/delo_0105/062.jpg,0,0.642,-0.008,0.622,1.586,0.326,25
data/opis_1/delo_0105/063.jpg,0,0.633,0.195,0.546,1.715,0.355,16
data/opis_1/delo_0105/064.jpg,0,0.415,0.409,0.321,1.029,0.185,28
data/opis_1/delo_0105/065.jpg,0,0.489,0.108,0.394,1.041,0.258,28
data/opis_1/delo_0105/066.jpg,1,0.343,0.417,0.604,1.031,0.346,23
data/opis_1/delo_0105/067.jpg,1,0.485,0.248,0.477,1.346,0.411,28
data/opis_1/delo_0105/068.jpg,0,0.497,0.167,0.386,1.083,0.316,29
data/opis_1/delo_0105/069.jpg,0,0.404,0.43,0.446,1.169,0.396,32
data/opis_1/delo_0105/070.jpg,0,0.506,0.014,0.425,1.491,0.521,31
data/opis_1/delo_0105/071.jpg,0,0.435,0.594,0.358,1.05,0.091,27
data/opis_1/delo_0105/072.jpg,0,0.458,0.34,0.328,1.045,0.242,30
data/opis_1/delo_0105/073.jpg,0,0.436,0.202,0.356,0.99,0.279,31
data/opis_1/delo_0105/074.jpg,0,0.593,-0.134,0.537,1.591,0.456,27
data/opis_1/delo_0105/075.jpg,0,0.431,0.268,0.391,1.005,0.231,28
data/opis_1/delo_0105/076.jpg,0,0.481,0.318,0.393,1.061,0.76,26
data/opis_1/delo_0105/077.jpg,0,0.429,0.539,0.378,1.068,0.119,30
data/opis_1/delo_0105/078.jpg,0,0.456,0.413,0.322,1.431,0.065,21
data/opis_1/delo_0105/079.jpg,1,0.353,0.392,0.518,1.109,0.326,24
data/opis_1/delo_0105/080.jpg,0,0.423,0.359,0.314,1.043,0.218,27
data/opis_1/delo_0105/081.jpg,0,0.445,0.16,0.333,1.045,0.204,30
data/opis_1/delo_0105/082.jpg,0,0.555,-0.015,0.572,1.503,0.332,25
data/opis_1/delo_0105/083.jpg,0,0.595,0.201,0.508,1.705,0.362,17
data/opis_1/delo_0105/084.jpg,0,0.342,0.502,0.636,1.172,0.37,23
data/opis_1/delo_0105/085.jpg,0,0.404,0.511,0.43,1.225,0.191,27
data/opis_1/delo_0105/086.jpg,0,0.442,0.242,0.376,1.061,0.147,28
data/opis_1/delo_0105/087.jpg,0,0.544,0.297,0.614,1.746,0.579,29
data/opis_1/delo_0105/088.jpg,0,0.507,0.248,0.575,1.154,0.397,30
data/opis_1/delo_0105/089.jpg,0,0.392,0.427,0.435,1.106,0.281,30
data/opis_1/delo_0105/090.jpg,0,0.441,0.054,0.578,1.44,0.814,29
data/opis_1/delo_0105/091.jpg,0,0.399,0.632,0.377,0.993,0.076,27
data/opis_1/delo_0105/092.jpg,0,0.457,0.539,0.374,1.262,0.273,30
data/opis_1/delo_0105/093.jpg,0,0.443,0.277,0.301,1.018,0.382,33
data/opis_1/delo_0105/094.jpg,1,0.528,-0.108,0.388,1.087,0.416,27
data/opis_1/delo_0105/095.jpg,0,0.413,0.391,0.376,1.05,0.218,28
data/opis_1/delo_0105/096.jpg,0,0.455,0.293,0.362,1.07,0.168,27
data/opis_1/delo_0105/097.jpg,0,0.408,0.59,0.372,1.103,0.129,30
data/opis_1/delo_0105/098.jpg,0,0.465,0.272,0.397,1.249,0.116,21
data/opis_1/delo_0105/099.jpg,0,0.418,0.394,0.564,1.159,0.331,24
data/opis_1/delo_0105/100.jpg,0,0.666,0.501,0.304,1.305,0.171,9
data/opis_1/delo_0105/101.jpg,1,0.738,0.217,1.834,1.871,0.575,25
data/opis_1/delo_0105/102.jpg,0,0.428,0.319,0.336,1.059,0.304,28
data/opis_1/delo_0105/103.jpg,0,0.337,0.55,0.353,1.04,0.048,28
data/opis_1/delo_0105/104.jpg,0,0.488,0.203,0.451,1.182,0.077,26
data/opis_1/delo_0105/105.jpg,0,0.363,0.456,0.325,1.112,0.15,26
data/opis_1/delo_0105/106.jpg,0,0.499,0.271,0.454,1.134,0.426,30
data/opis_1/delo_0105/107.jpg,0,0.429,0.26,0.399,1.111,0.354,30
data/opis_1/delo_0105/108.jpg,0,0.356,0.406,0.343,1.078,0.252,28
data/opis_1/delo_0105/109.jpg,0,0.497,-0.072,0.37,1.208,0.318,28
data/opis_1/delo_0105/110.jpg,0,0.368,0.339,0.286,1.065,0.195,30
data/opis_1/delo_0105/111.jpg,0,0.362,0.52,0.349,1.237,0.342,32
data/opis_1/delo_0105/112.jpg,0,0.38,0.189,0.298,1.075,0.251,28
data/opis_1/delo_0105/113.jpg,0,0.426,-0.098,0.35,1.13,0.249,26
data/opis_1/delo_0105/114.jpg,0,0.343,0.208,0.345,1.087,0.317,29
data/opis_1/delo_0105/115.jpg,0,0.338,0.482,0.33,1.069,0.138,27
data/opis_1/delo_0105/116.jpg,0,0.335,0.622,0.336,1.06,0.037,27
data/opis_1/delo_0105/117.jpg,0,0.399,0.558,0.394,1.093,0.321,24
data/opis_1/delo_0105/118.jpg,0,0.543,0.352,0.632,1.251,0.114,22
data/opis_1/delo_0105/119.jpg,0,0.464,0.412,0.668,1.062,0.293,25
data/opis_1/delo_0105/120.jpg,0,0.586,0.083,0.663,1.213,0.438,30
data/opis_1/delo_0105/121.jpg,1,0.473,0.251,0.621,1.159,0.314,16
data/opis_1/delo_0045/000.jpg,1,0.796,1.0,2.044,2.012,1.109,14
data/opis_1/delo_0045/001.jpg,1,0.564,0.522,1.294,1.689,1.258,26
data/opis_1/delo_0045/002.jpg,1,0.698,1.0,1.417,1.208,1.453,10
data/opis_1/delo_0045/003.jpg,1,0.743,1.0,1.869,1.762,1.665,14
data/opis_1/delo_0045/004.jpg,1,0.855,1.0,2.089,1.051,1.151,6
data/opis_1/delo_0045/005.jpg,1,0.768,1.0,1.795,1.823,1.397,11
data/opis_1/delo_0045/006.jpg,1,0.821,1.0,1.797,1.482,1.055,6
data/opis_1/delo_0045/007.jpg,0,0.798,1.0,1.769,1.089,1.191,6
data/opis_1/delo_0045/008.jpg,1,0.722,1.0,1.587,1.803,1.527,8
data/opis_1/delo_0045/009.jpg,0,0.828,0.752,1.521,1.539,1.126,6
data/opis_1/delo_0045/010.jpg,1,0.847,1.0,1.795,1.548,1.001,6
data/opis_1/delo_0045/011.jpg,1,0.667,1.0,1.413,1.428,1.646,13
data/opis_1/delo_0045/012.jpg,1,0.761,1.0,1.457,1.472,1.255,7
data/opis_1/delo_0045/013.jpg,1,0.737,1.0,1.424,1.122,1.169,6
data/opis_1/delo_0045/014.jpg,1,0.712,1.0,1.61,1.357,1.432,9
data/opis_1/delo_0045/015.jpg,1,0.768,1.0,1.646,1.218,1.392,9
data/opis_1/delo_0045/016.jpg,1,0.895,1.0,1.596,2.144,1.134,5
data/opis_1/delo_0045/017.jpg,1,0.77,1.0,1.621,1.153,1.388,8
data/opis_1/delo_0045/018.jpg,1,0.768,1.0,1.831,1.459,1.353,7
data/opis_1/delo_0045/019.jpg,1,0.822,1.0,1.634,1.79,0.877,4
data/opis_1/delo_0045/020.jpg,1,0.849,1.0,1.423,1.938,0.885,4
data/opis_1/delo_0045/021.jpg,1,0.816,1.0,1.88,1.207,0.977,6
data/opis_1/delo_0045/022.jpg,1,0.649,1.0,0.94,1.609,1.825,13
data/opis_1/delo_0045/023.jpg,1,0.789,1.0,1.479,1.765,1.268,8
data/opis_1/delo_0045/024.jpg,1,0.819,1.0,1.26,1.949,1.146,6
data/opis_1/delo_0045/026.jpg,1,0.786,1.0,1.227,1.216,1.219,9
data/opis_1/delo_0045/027.jpg,1,0.716,1.0,0.951,1.258,1.261,9
data/opis_1/delo_0045/028.jpg,1,0.584,1.0,1.154,1.159,1.36,12
data/opis_1/delo_0045/029.jpg,1,0.772,0.694,1.132,1.47,1.495,7
data/opis_1/delo_0045/030.jpg,1,0.68,1.0,1.783,1.382,1.456,7
data/opis_1/delo_0045/031.jpg,1,0.699,0.694,1.638,1.821,1.324,7
data/opis_1/delo_0045/032.jpg,1,0.682,1.0,1.675,1.604,1.339,7
data/opis_1/delo_0045/033.jpg,1,0.73,1.0,1.645,1.395,1.473,8
data/opis_1/delo_0045/034.jpg,1,0.753,0.681,1.57,2.399,1.71,6
data/opis_1/delo_0045/035.jpg,1,0.749,0.694,1.661,1.488,1.378,7
data/opis_1/delo_0045/036.jpg,1,0.716,0.599,1.711,1.678,1.841,14
data/opis_1/delo_0045/037.jpg,1,0.676,1.0,1.834,1.302,1.795,14
data/opis_1/delo_0045/038.jpg,1,0.821,1.0,1.827,1.215,1.211,6
data/opis_1/delo_0045/039.jpg,1,0.713,1.0,2.01,1.117,1.491,8
data/opis_1/delo_0045/040.jpg,1,0.804,0.706,1.523,1.523,1.453,8
data/opis_1/delo_0045/041.jpg,1,0.671,1.0,2.291,1.347,1.422,7
data/opis_1/delo_0045/042.jpg,1,0.734,1.0,1.573,1.633,1.51,11
data/opis_1/delo_0045/043.jpg,1,0.752,1.0,1.934,1.489,1.74,11
data/opis_1/delo_0045/044.jpg,1,0.851,1.0,1.842,1.481,1.038,5
data/opis_1/delo_0045/045.jpg,1,0.792,1.0,1.851,1.886,1.114,5
data/opis_1/delo_0045/046.jpg,1,0.827,1.0,1.426,1.593,1.317,7
data/opis_1/delo_0045/047.jpg,1,0.516,0.672,1.38,1.165,0.517,21
data/opis_1/delo_0045/048.jpg,1,0.749,1.0,1.386,1.862,0.607,31
data/opis_1/delo_0045/049.jpg,0,0.667,0.443,1.335,1.631,1.306,15
data/opis_1/delo_0045/050.jpg,1,0.712,1.0,1.341,1.332,1.402,8
data/opis_1/delo_0045/051.jpg,0,0.739,0.14,1.113,2.437,1.84,6
data/opis_1/delo_0045/052.jpg,1,0.675,1.0,1.592,1.381,1.648,12
data/opis_1/delo_0045/053.jpg,0,0.721,0.694,1.302,1.283,1.13,7
data/opis_1/delo_0045/054.jpg,1,0.69,0.705,1.378,1.533,1.52,11
data/opis_1/delo_0045/055.jpg,1,0.694,0.26,1.526,1.32,1.722,15
data/opis_1/delo_0045/056.jpg,0,0.703,1.0,1.274,1.404,1.229,16
data/opis_1/delo_0045/057.jpg,0,0.586,1.0,1.138,1.241,1.647,9
data/opis_1/delo_0045/058.jpg,1,0.491,1.0,1.201,1.492,1.882,15
data/opis_1/delo_0045/059.jpg,1,0.685,1.0,0.971,1.836,1.463,24
data/opis_1/delo_0045/060.jpg,1,0.78,1.0,1.758,1.446,1.319,8
data/opis_1/delo_0045/061.jpg,1,0.83,1.0,1.793,2.025,1.239,8
data/opis_1/delo_0045/062.jpg,1,0.488,0.333,0.825,1.249,1.492,26
data/opis_1/delo_0045/064.jpg,1,0.658,1.0,1.167,1.524,1.146,26
data/opis_1/delo_0045/066.jpg,1,0.719,1.0,1.239,1.437,1.526,10
data/opis_1/delo_0045/069.jpg,0,0.7,0.752,1.598,1.112,1.84,16
data/opis_1/delo_0045/071.jpg,0,0.702,1.0,1.229,1.609,1.368,6
data/opis_1/delo_0045/072.jpg,1,0.565,0.788,1.414,1.35,2.416,19
data/opis_1/delo_0045/073.jpg,0,0.634,0.74,1.471,1.21,0.677,21
data/opis_1/delo_0045/074.jpg,1,0.561,0.137,1.879,1.226,2.041,15
data/opis_1/delo_0045/075.jpg,1,0.693,1.0,1.513,0.992,2.005,8
data/opis_1/delo_0045/077.jpg,1,0.678,1.0,1.57,1.296,1.76,11
data/opis_1/delo_0045/079.jpg,0,0.743,1.0,1.841,1.484,0.822,23
data/opis_1/delo_0045/081.jpg,1,0.756,1.0,1.22,1.472,1.117,8
data/opis_1/delo_0045/082.jpg,0,0.827,1.0,2.885,1.428,1.295,11
data/opis_1/delo_0045/083.jpg,1,0.551,0.039,0.976,1.314,0.891,21
data/opis_1/delo_0045/084.jpg,1,0.63,0.592,1.003,1.431,1.004,28
data/opis_1/delo_0045/085.jpg,1,0.725,1.0,1.188,1.799,1.004,6
data/opis_1/delo_0045/087.jpg,1,0.753,0.61,2.803,1.262,1.549,9
data/opis_1/delo_0045/089.jpg,0,0.727,0.824,2.645,1.143,1.662,16
data/opis_1/delo_0045/090.jpg,1,0.517,0.7,2.224,1.354,1.054,7
data/opis_1/delo_0045/091.jpg,1,0.782,1.0,2.022,1.356,1.263,6
data/opis_1/delo_0045/092.jpg,1,0.804,1.0,2.168,1.086,1.077,4
data/opis_1/delo_0045/093.jpg,0,0.694,1.0,1.934,1.246,1.551,7
data/opis_1/delo_0045/094.jpg,1,0.811,1.0,2.239,1.489,1.168,5
data/opis_1/delo_0045/095.jpg,1,0.76,1.0,2.078,1.552,1.169,5
data/opis_1/delo_0045/096.jpg,1,0.827,1.0,1.903,1.182,1.221,6
data/opis_1/delo_0045/097.jpg,1,0.832,1.0,1.897,1.32,1.081,6
data/opis_1/delo_0045/098.jpg,1,0.895,1.0,2.43,1.747,0.846,4
data/opis_1/delo_0045/101.jpg,1,0.72,1.0,1.837,1.287,1.32,6
data/opis_1/delo_0045/102.jpg,1,0.841,1.0,2.051,1.487,1.333,7
data/opis_1/delo_0045/103.jpg,1,0.848,1.0,2.073,1.188,0.915,4
data/opis_1/delo_0045/104.jpg,1,0.909,1.0,2.048,1.197,1.044,5
data/opis_1/delo_0045/105.jpg,1,0.717,1.0,0.909,1.23,1.13,4
data/opis_1/delo_0045/106.jpg,0,0.822,1.0,2.13,1.387,1.261,5
data/opis_1/delo_0045/107.jpg,1,0.747,1.0,1.88,1.291,1.868,7
data/opis_1/delo_0045/108.jpg,0,0.804,1.0,1.263,1.33,0.912,26
data/opis_1/delo_0045/109.jpg,1,0.739,1.0,1.682,1.129,1.558,13
data/opis_1/delo_0045/110.jpg,1,0.757,1.0,1.676,1.28,1.296,5
data/opis_1/delo_0045/111.jpg,1,0.89,1.0,2.501,1.288,1.334,5
data/opis_1/delo_0045/112.jpg,0,0.578,1.0,1.424,1.443,1.919,13
data/opis_1/delo_0045/113.jpg,1,0.636,1.0,1.227,1.427,1.47,10
data/opis_1/delo_0045/114.jpg,1,0.653,1.0,1.287,1.394,1.554,10
data/opis_1/delo_0045/115.jpg,1,0.9,1.0,1.284,1.344,0.846,4
data/opis_1/delo_0045/116.jpg,1,0.785,1.0,1.311,1.607,1.596,10
data/opis_1/delo_0045/117.jpg,0,0.771,0.817,2.003,1.789,2.146,14
data/opis_1/delo_0045/118.jpg,1,0.764,1.0,2.017,1.497,1.532,8
data/opis_1/delo_0045/119.jpg,0,0.842,1.0,1.774,1.191,1.27,7
data/opis_1/delo_0045/120.jpg,1,0.733,1.0,1.33,1.097,1.213,10
data/opis_1/delo_0045/121.jpg,1,0.778,1.0,1.587,1.395,1.036,6
data/opis_1/delo_0045/122.jpg,1,0.728,1.0,1.925,1.497,1.543,9
data/opis_1/delo_0045/123.jpg,1,0.837,1.0,1.668,1.883,1.24,8
data/opis_1/delo_0045/124.jpg,0,0.687,1.0,1.186,1.452,1.455,12
data/opis_1/delo_0045/125.jpg,0,0.698,1.0,1.298,1.56,1.278,12
data/opis_1/delo_0082/000.jpg,0,0.639,0.522,1.392,1.637,0.843,19
data/opis_1/delo_0082/001.jpg,0,0.559,0.519,0.358,1.388,0.402,33
data/opis_1/delo_0082/002.jpg,0,0.434,0.263,0.29,1.009,0.311,28
data/opis_1/delo_0082/003.jpg,0,0.534,0.369,0.363,1.064,0.327,27
data/opis_1/delo_0082/004.jpg,0,0.559,0.156,0.292,1.068,0.241,22
data/opis_1/delo_0082/005.jpg,0,0.567,0.092,0.379,1.464,0.378,25
data/opis_1/delo_0082/006.jpg,0,0.601,0.095,0.385,2.312,0.325,30
data/opis_1/delo_0082/007.jpg,0,0.486,0.307,0.258,1.023,0.329,26
data/opis_1/delo_0082/008.jpg,0,0.485,0.192,0.281,1.232,0.31,30
data/opis_1/delo_0082/009.jpg,0,0.468,0.477,0.29,1.046,0.09,29
data/opis_1/delo_0082/010.jpg,0,0.462,0.512,0.375,2.035,0.207,21
data/opis_1/delo_0082/011.jpg,0,0.475,0.206,0.43,1.178,0.501,14
data/opis_1/delo_0082/012.jpg,1,0.491,0.307,0.895,1.323,0.478,24
data/opis_1/delo_0082/013.jpg,0,0.511,0.302,0.596,1.106,0.368,27
data/opis_1/delo_0082/014.jpg,0,0.56,0.265,0.456,1.567,0.761,30
data/opis_1/delo_0082/015.jpg,0,0.583,0.134,0.445,1.679,0.393,26
data/opis_1/delo_0082/016.jpg,0,0.651,0.106,0.423,1.25,0.556,25
data/opis_1/delo_0082/017.jpg,0,0.709,0.218,0.931,2.233,0.682,28
data/opis_1/delo_0082/018.jpg,1,0.544,0.206,0.433,1.035,0.696,27
data/opis_1/delo_0082/019.jpg,0,0.585,0.37,0.766,1.148,0.903,26
data/opis_1/delo_0082/020.jpg,0,0.466,0.212,0.432,1.094,0.787,29
data/opis_1/delo_0082/021.jpg,0,0.543,0.247,0.572,1.155,0.246,21
data/opis_1/delo_0082/022.jpg,1,0.448,0.387,0.894,1.498,0.455,20
data/opis_1/delo_0082/023.jpg,0,0.521,0.928,0.617,2.222,0.061,39
data/opis_1/delo_0082/024.jpg,0,0.476,0.839,0.522,1.341,0.238,39
data/opis_1/delo_0082/025.jpg,0,0.47,0.859,0.52,1.362,0.201,38
data/opis_1/delo_0082/026.jpg,0,0.448,0.818,0.522,1.283,0.147,35
data/opis_1/delo_0082/027.jpg,1,0.673,1.0,1.235,1.929,1.099,16
data/opis_1/delo_0082/028.jpg,1,0.474,1.0,1.521,1.212,1.53,19
data/opis_1/delo_0071/000.jpg,1,0.771,0.692,2.043,1.472,0.555,20
data/opis_1/delo_0071/001.jpg,0,0.365,0.599,0.344,1.393,0.258,15
data/opis_1/delo_0071/002.jpg,1,0.35,0.184,0.544,1.519,0.504,41
data/opis_1/delo_0071/003.jpg,1,0.339,0.283,0.474,1.383,0.428,51
data/opis_1/delo_0071/004.jpg,0,0.4,0.078,0.364,1.529,0.682,30
data/opis_1/delo_0071/005.jpg,0,0.429,0.367,0.34,1.468,0.797,31
data/opis_1/delo_0071/006.jpg,0,0.627,0.252,1.058,1.893,0.792,41
data/opis_1/delo_0071/007.jpg,0,0.657,1.0,0.963,1.83,0.841,23
data/opis_1/delo_0071/008.jpg,1,0.668,1.0,1.217,1.29,0.403,21
data/opis_1/delo_0071/009.jpg,0,0.632,1.0,0.868,1.651,0.195,21
data/opis_1/delo_0071/010.jpg,0,0.388,0.279,0.344,1.201,0.287,41
data/opis_1/delo_0071/011.jpg,0,0.478,0.091,0.383,1.739,0.54,43
data/opis_1/delo_0071/012.jpg,0,0.36,0.195,0.469,1.262,0.611,37
data/opis_1/delo_0071/013.jpg,1,0.367,0.343,0.369,1.421,0.756,33
data/opis_1/delo_0071/014.jpg,1,0.585,1.0,0.954,1.849,0.389,32
data/opis_1/delo_0071/015.jpg,0,0.43,-0.19,0.278,1.093,0.034,30
data/opis_1/delo_0071/016.jpg,0,0.444,0.403,0.336,1.648,0.641,38
data/opis_1/delo_0071/017.jpg,0,0.415,0.431,0.364,1.579,0.355,39
data/opis_1/delo_0071/018.jpg,0,0.405,0.535,0.304,2.442,0.472,38
data/opis_1/delo_0071/019.jpg,0,0.476,0.151,0.386,1.437,0.668,48
data/opis_1/delo_0071/020.jpg,0,0.467,0.364,0.357,1.016,0.311,38
data/opis_1/delo_0071/021.jpg,0,0.423,0.462,0.351,1.806,0.332,41
data/opis_1/delo_0071/022.jpg,0,0.373,0.37,0.36,1.696,0.432,39
data/opis_1/delo_0071/023.jpg,0,0.432,0.386,0.303,0.9,0.245,36
data/opis_1/delo_0071/024.jpg,0,0.475,-0.004,0.389,1.428,1.024,39
data/opis_1/delo_0071/025.jpg,1,0.457,0.26,0.534,1.8,0.857,38
data/opis_1/delo_0071/026.jpg,1,0.464,0.343,0.352,2.014,0.376,36
data/opis_1/delo_0071/027.jpg,1,0.457,0.465,0.344,2.412,0.236,36
data/opis_1/delo_0071/028.jpg,0,0.434,0.422,0.285,0.923,0.303,36
data/opis_1/delo_0071/029.jpg,0,0.463,0.555,0.27,0.917,0.08,34
data/opis_1/delo_0071/030.jpg,0,0.43,0.406,0.36,1.424,0.343,47
data/opis_1/delo_0071/031.jpg,1,0.428,0.397,0.389,1.879,0.248,38
data/opis_1/delo_0071/032.jpg,1,0.465,0.533,0.292,2.29,0.136,40
data/opis_1/delo_0071/033.jpg,1,0.416,0.548,0.331,1.609,0.356,36
data/opis_1/delo_0071/034.jpg,0,0.463,0.186,0.351,1.152,0.635,38
data/opis_1/delo_0071/035.jpg,0,0.419,0.4,0.311,1.157,0.303,38
data/opis_1/delo_0071/036.jpg,1,0.496,0.335,0.401,2.183,0.995,31
data/opis_1/delo_0071/037.jpg,1,0.454,0.13,0.413,1.523,0.78,32
data/opis_1/delo_0071/038.jpg,0,0.423,0.288,0.346,1.022,0.661,33
data/opis_1/delo_0071/039.jpg,0,0.363,0.067,0.376,2.176,0.662,40
data/opis_1/delo_0071/040.jpg,0,0.444,0.266,0.333,1.093,1.512,38
data/opis_1/delo_0071/041.jpg,0,0.402,0.266,0.376,1.926,0.62,36
data/opis_1/delo_0071/042.jpg,0,0.459,0.143,0.434,1.033,1.393,25
data/opis_1/delo_0071/043.jpg,0,0.407,-0.011,0.344,1.557,0.263,37
data/opis_1/delo_0071/044.jpg,0,0.519,-0.03,0.479,1.625,0.939,34
data/opis_1/delo_0071/045.jpg,0,0.469,0.096,0.545,0.982,0.853,27
data/opis_1/delo_0071/046.jpg,0,0.359,0.4,0.346,0.91,0.283,37
data/opis_1/delo_0071/047.jpg,0,0.551,-0.008,0.474,1.176,0.685,32
data/opis_1/delo_0071/048.jpg,0,0.533,0.204,0.471,0.929,0.686,43
data/opis_1/delo_0071/049.jpg,0,0.412,0.221,0.372,1.009,0.628,26
data/opis_1/delo_0071/050.jpg,0,0.42,0.38,0.283,0.994,0.272,33
data/opis_1/delo_0071/051.jpg,0,0.395,0.505,0.268,0.994,0.095,33
data/opis_1/delo_0071/052.jpg,0,0.478,0.188,0.283,1.593,0.361,41
data/opis_1/delo_0071/053.jpg,0,0.396,0.347,0.295,1.004,0.197,35
data/opis_1/delo_0071/054.jpg,0,0.356,0.423,0.291,0.925,0.085,36
data/opis_1/delo_0071/055.jpg,0,0.412,0.281,0.252,0.873,0.189,37
data/opis_1/delo_0071/056.jpg,0,0.393,0.497,0.274,0.878,0.183,36
data/opis_1/delo_0071/057.jpg,0,0.426,0.378,0.292,0.863,0.341,41
data/opis_1/delo_0071/058.jpg,0,0.359,0.3,0.267,0.864,0.19,37
data/opis_1/delo_0071/059.jpg,0,0.369,-0.159,0.305,0.87,0.174,16
data/opis_1/delo_0071/060.jpg,1,0.837,0.566,0.671,1.612,1.015,18
data/opis_1/delo_0071/061.jpg,0,0.791,1.0,1.926,1.782,1.079,8
data/opis_1/delo_0071/062.jpg,1,0.554,0.614,0.77,1.648,0.358,29
data/opis_1/delo_0071/063.jpg,0,0.467,0.695,0.61,1.317,0.023,30
data/opis_1/delo_0071/064.jpg,0,0.577,0.482,0.813,1.346,0.156,31
data/opis_1/delo_0071/065.jpg,0,0.522,0.5,0.725,1.295,0.146,30
data/opis_1/delo_0071/066.jpg,1,0.564,0.523,0.791,1.352,0.232,33
data/opis_1/delo_0071/067.jpg,0,0.509,0.718,0.671,1.427,0.076,29
data/opis_1/delo_0071/068.jpg,0,0.601,0.578,0.588,1.942,0.491,24
data/opis_1/delo_0071/069.jpg,0,0.513,0.658,0.774,1.508,0.022,26
data/opis_1/delo_0071/070.jpg,0,0.561,0.55,0.801,1.502,0.171,23
data/opis_1/delo_0071/071.jpg,0,0.515,0.613,0.713,2.122,0.251,32
data/opis_1/delo_0071/072.jpg,0,0.538,0.561,0.771,1.323,0.118,27
data/opis_1/delo_0071/073.jpg,0,0.541,0.46,0.702,1.38,0.411,32
data/opis_1/delo_0071/074.jpg,0,0.526,0.436,0.776,1.381,0.106,25
data/opis_1/delo_0071/075.jpg,0,0.515,0.61,0.825,1.309,0.16,30
data/opis_1/delo_0071/076.jpg,0,0.486,0.484,0.735,1.439,0.239,30
data/opis_1/delo_0071/077.jpg,0,0.511,0.446,0.727,1.292,0.25,30
data/opis_1/delo_0071/078.jpg,0,0.526,0.518,0.813,1.945,0.221,28
data/opis_1/delo_0071/079.jpg,0,0.521,0.53,0.666,1.273,0.235,28
data/opis_1/delo_0071/080.jpg,0,0.528,0.491,0.822,1.327,0.246,25
data/opis_1/delo_0071/081.jpg,0,0.532,0.429,0.832,1.35,0.248,27
data/opis_1/delo_0071/082.jpg,0,0.862,1.0,0.939,0.635,2.299,15
data/opis_1/delo_0071/083.jpg,1,0.803,1.0,1.186,2.071,0.859,5
data/opis_1/delo_0071/084.jpg,0,0.406,0.412,0.524,1.784,0.269,38
data/opis_1/delo_0071/085.jpg,0,0.498,-0.034,0.477,1.585,0.51,39
data/opis_1/delo_0071/086.jpg,0,0.524,0.113,0.496,1.886,0.861,40
data/opis_1/delo_0071/087.jpg,0,0.492,0.219,0.583,1.843,0.549,38
data/opis_1/delo_0071/088.jpg,0,0.435,0.264,0.438,1.866,0.404,46
data/opis_1/delo_0071/089.jpg,0,0.549,0.222,0.396,1.998,0.413,43
data/opis_1/delo_0071/090.jpg,0,0.485,0.262,0.391,1.785,0.348,37
data/opis_1/delo_0071/091.jpg,0,0.477,0.206,0.586,1.816,0.357,38
data/opis_1/delo_0071/092.jpg,0,0.455,0.44,0.578,1.058,0.412,7
data/opis_1/delo_0071/093.jpg,0,0.445,0.6,0.467,1.799,0.242,38
data/opis_1/delo_0071/094.jpg,0,0.508,0.218,0.48,1.43,0.306,36
data/opis_1/delo_0071/095.jpg,0,0.603,0.22,0.746,1.772,0.543,36
data/opis_1/delo_0071/096.jpg,0,0.446,0.285,0.51,2.008,0.463,38
data/opis_1/delo_0071/097.jpg,0,0.431,0.265,0.499,1.861,0.384,42
data/opis_1/delo_0071/098.jpg,0,0.524,0.363,0.42,2.024,0.386,42
data/opis_1/delo_0071/099.jpg,0,0.496,0.153,0.431,1.785,0.465,41
data/opis_1/delo_0071/100.jpg,0,0.444,0.348,0.575,1.652,0.317,39
data/opis_1/delo_0071/101.jpg,0,0.553,0.222,1.021,1.868,0.358,9
data/opis_1/delo_0071/102.jpg,0,0.398,0.511,0.396,1.828,0.32,41
data/opis_1/delo_0071/103.jpg,0,0.523,0.186,0.746,1.651,0.377,34
data/opis_1/delo_0071/104.jpg,0,0.585,0.218,0.447,1.857,0.487,36
data/opis_1/delo_0071/105.jpg,0,0.563,0.198,0.707,1.986,0.454,34
data/opis_1/delo_0071/106.jpg,0,0.422,0.229,0.442,1.864,0.347,42
data/opis_1/delo_0071/107.jpg,0,0.565,-0.019,0.545,1.91,0.29,39
data/opis_1/delo_0071/108.jpg,0,0.473,0.262,0.455,1.658,0.326,33
data/opis_1/delo_0071/109.jpg,0,0.446,0.308,0.642,1.869,0.378,40
data/opis_1/delo_0071/111.jpg,0,0.522,0.375,0.827,1.908,0.485,8
data/opis_1/delo_0071/112.jpg,0,0.465,0.026,0.338,1.045,0.819,36
data/opis_1/delo_0071/113.jpg,0,0.466,0.495,0.31,1.803,0.266,37
data/opis_1/delo_0071/114.jpg,0,0.482,0.211,0.389,1.902,0.396,36
data/opis_1/delo_0071/115.jpg,0,0.596,0.105,0.404,1.913,0.479,35
data/opis_1/delo_0071/116.jpg,0,0.473,0.187,0.37,2.002,0.485,40
data/opis_1/delo_0071/117.jpg,0,0.48,0.359,0.352,1.889,0.375,40
data/opis_1/delo_0071/118.jpg,0,0.524,0.372,0.367,1.927,0.36,44
data/opis_1/delo_0071/119.jpg,0,0.469,0.254,0.417,1.802,0.366,35
data/opis_1/delo_0071/120.jpg,0,0.444,0.255,0.464,1.705,0.485,41
data/opis_1/delo_0071/121.jpg,0,0.437,0.365,0.45,1.057,0.367,7
data/opis_1/delo_0071/122.jpg,0,0.719,0.507,1.122,2.127,0.605,24
data/opis_1/delo_0071/123.jpg,1,0.6,1.0,1.093,1.249,0.272,19
data/opis_1/delo_0071/124.jpg,0,0.414,0.236,0.382,0.987,0.306,38
data/opis_1/delo_0071/125.jpg,0,0.58,-0.053,0.855,1.65,0.609,37
data/opis_1/delo_0071/126.jpg,0,0.611,0.176,0.531,1.823,0.605,36
data/opis_1/delo_0071/127.jpg,0,0.578,0.082,0.704,1.604,0.57,36
data/opis_1/delo_0071/128.jpg,0,0.436,0.174,0.502,1.806,0.399,40
data/opis_1/delo_0071/129.jpg,0,0.589,0.03,0.5,1.828,0.337,41
data/opis_1/delo_0071/130.jpg,0,0.483,0.079,0.407,1.656,0.335,34
data/opis_1/delo_0071/131.jpg,0,0.499,0.11,0.44,1.607,0.262,34
data/opis_1/delo_0071/132.jpg,0,0.44,0.261,0.531,1.623,0.419,46
data/opis_1/delo_0071/133.jpg,0,0.437,0.109,0.991,0.976,0.666,7
data/opis_1/delo_0071/134.jpg,0,0.708,1.0,1.057,2.136,1.149,20
data/opis_1/delo_0071/135.jpg,0,0.473,-0.028,0.373,1.162,0.46,35
data/opis_1/delo_0030/000.jpg,0,0.543,1.0,1.494,1.24,1.744,20
data/opis_1/delo_0030/001.jpg,1,0.689,0.93,1.321,1.329,1.279,11
data/opis_1/delo_0030/002.jpg,1,0.756,1.0,1.56,1.365,0.901,29
data/opis_1/delo_0030/003.jpg,1,0.701,0.955,1.312,1.59,0.935,30
data/opis_1/delo_0030/004.jpg,1,0.713,0.897,1.463,1.563,1.225,26
data/opis_1/delo_0030/005.jpg,1,0.749,0.863,1.421,1.497,1.06,24
data/opis_1/delo_0030/006.jpg,1,0.749,1.0,1.668,1.311,1.55,23
data/opis_1/delo_0030/007.jpg,0,0.638,1.0,1.318,1.538,0.928,30
data/opis_1/delo_0030/008.jpg,1,0.609,0.801,1.478,1.355,1.27,36
data/opis_1/delo_0030/009.jpg,1,0.632,1.0,1.186,1.506,1.326,23
data/opis_1/delo_0030/010.jpg,1,0.738,1.0,1.818,1.606,1.104,6
data/opis_1/delo_0055/000.jpg,0,0.694,0.459,0.75,1.492,0.626,21
data/opis_1/delo_0055/002.jpg,1,0.49,1.0,1.047,1.634,0.805,39
data/opis_1/delo_0055/003.jpg,1,0.717,1.0,1.5,1.461,0.804,26
data/opis_1/delo_0055/004.jpg,1,0.75,1.0,1.357,1.991,2.144,17
data/opis_1/delo_0055/005.jpg,1,0.698,1.0,1.232,1.718,1.352,22
data/opis_1/delo_0055/006.jpg,1,0.669,0.935,0.951,1.317,0.267,13
data/opis_1/delo_0115/000.jpg,0,0.705,0.723,1.813,2.006,1.163,19
data/opis_1/delo_0115/001.jpg,1,0.536,0.277,1.83,1.028,2.356,21
data/opis_1/delo_0115/002.jpg,1,0.596,0.083,2.122,1.123,1.997,18
data/opis_1/delo_0115/003.jpg,1,0.799,-0.127,2.491,1.058,1.45,16
data/opis_1/delo_0115/004.jpg,1,0.546,-0.092,1.892,1.272,1.828,16
data/opis_1/delo_0115/005.jpg,1,0.631,0.124,2.076,1.001,1.708,21
data/opis_1/delo_0115/006.jpg,1,0.5,0.199,1.531,1.113,1.889,40
data/opis_1/delo_0115/007.jpg,1,0.638,-0.065,2.516,1.192,1.765,24
data/opis_1/delo_0115/008.jpg,1,0.616,0.116,1.859,1.235,1.52,18
data/opis_1/delo_0115/009.jpg,1,0.226,0.436,1.215,0.787,2.305,29
data/opis_1/delo_0115/010.jpg,1,0.859,0.949,2.791,1.595,1.949,22
data/opis_1/delo_0115/011.jpg,0,0.421,0.58,0.31,1.064,0.265,29
data/opis_1/delo_0115/012.jpg,0,0.41,0.439,0.268,1.071,0.275,33
data/opis_1/delo_0115/013.jpg,0,0.411,0.648,0.309,1.443,0.288,31
data/opis_1/delo_0115/015.jpg,1,0.434,0.502,0.352,1.126,0.176,29
data/opis_1/delo_0115/016.jpg,0,0.538,0.15,0.426,1.032,0.474,30
data/opis_1/delo_0115/017.jpg,0,0.417,0.355,0.384,1.338,0.355,33
data/opis_1/delo_0115/019.jpg,1,0.882,0.83,4.261,1.592,1.338,6
data/opis_1/delo_0115/020.jpg,0,0.479,0.496,0.272,1.016,0.253,29
data/opis_1/delo_0115/021.jpg,0,0.56,0.409,0.442,1.086,0.532,31
data/opis_1/delo_0115/022.jpg,0,0.41,0.12,0.329,1.222,0.303,31
data/opis_1/delo_0395/000.jpg,1,0.646,0.759,1.598,1.389,1.492,16
data/opis_1/delo_0395/001.jpg,1,0.735,1.0,1.606,1.508,1.435,21
data/opis_1/delo_0395/002.jpg,1,0.777,1.0,1.714,1.146,0.948,13
data/opis_1/delo_0395/003.jpg,1,0.684,1.0,1.481,1.202,1.845,13
data/opis_1/delo_0395/004.jpg,0,0.672,1.0,0.945,1.079,1.917,16
data/opis_1/delo_0395/005.jpg,0,0.643,1.0,0.975,1.019,2.025,29
data/opis_1/delo_0395/006.jpg,1,0.662,1.0,0.95,1.19,2.447,18
data/opis_1/delo_0395/007.jpg,1,0.731,1.0,1.096,1.271,2.112,16
data/opis_1/delo_0395/008.jpg,1,0.61,1.0,0.77,1.147,2.44,18
data/opis_1/delo_0395/009.jpg,1,0.768,1.0,0.89,1.317,1.286,17
data/opis_1/delo_0395/010.jpg,1,0.749,1.0,1.275,1.392,1.908,10
data/opis_1/delo_0395/011.jpg,1,0.783,1.0,1.153,1.377,1.899,22
data/opis_1/delo_0395/012.jpg,1,0.737,1.0,0.985,1.263,1.596,27
data/opis_1/delo_0395/013.jpg,1,0.706,1.0,1.27,1.168,1.427,22
data/opis_1/delo_0395/014.jpg,1,0.663,1.0,1.057,1.126,2.265,17
data/opis_1/delo_0395/015.jpg,1,0.711,1.0,1.404,1.211,1.979,20
data/opis_1/delo_0395/016.jpg,1,0.805,1.0,1.377,1.207,1.797,8
data/opis_1/delo_0395/017.jpg,1,0.763,1.0,1.352,1.166,1.888,18
data/opis_1/delo_0395/018.jpg,1,0.703,1.0,1.356,1.445,2.191,10
data/opis_1/delo_0395/019.jpg,1,0.812,1.0,1.317,1.101,1.709,14
data/opis_1/delo_0395/020.jpg,1,0.805,1.0,1.416,1.078,2.247,13
data/opis_1/delo_0395/021.jpg,1,0.564,1.0,1.179,1.103,2.092,23
data/opis_1/delo_0395/022.jpg,1,0.797,1.0,1.507,1.112,2.103,9
data/opis_1/delo_0395/023.jpg,1,0.853,1.0,1.512,1.177,1.27,7
data/opis_1/delo_0395/024.jpg,1,0.608,1.0,1.11,1.236,2.396,22
data/opis_1/delo_0395/025.jpg,1,0.707,1.0,1.011,1.052,1.289,10
data/opis_1/delo_0395/026.jpg,1,0.71,1.0,1.143,1.207,2.404,17
data/opis_1/delo_0395/027.jpg,1,0.698,1.0,1.258,1.105,1.211,27
data/opis_1/delo_0395/028.jpg,1,0.613,1.0,0.881,1.036,2.15,22
data/opis_1/delo_0395/029.jpg,1,0.724,1.0,1.07,1.138,1.2,26
data/opis_1/delo_0395/030.jpg,1,0.665,1.0,1.078,0.976,1.765,8
data/opis_1/delo_0395/031.jpg,1,0.689,1.0,1.133,1.173,1.387,22
data/opis_1/delo_0395/032.jpg,1,0.635,1.0,1.198,1.106,2.246,15
data/opis_1/delo_0395/033.jpg,1,0.721,1.0,1.002,1.249,1.647,25
data/opis_1/delo_0395/034.jpg,1,0.655,1.0,1.389,1.4,1.681,21
data/opis_1/delo_0395/035.jpg,1,0.703,1.0,1.503,1.208,1.13,34
data/opis_1/delo_0395/036.jpg,1,0.665,1.0,1.09,1.315,1.907,27
data/opis_1/delo_0395/037.jpg,1,0.684,1.0,0.987,1.749,1.235,28
data/opis_1/delo_0395/038.jpg,1,0.709,1.0,1.329,1.295,2.878,24
data/opis_1/delo_0395/039.jpg,1,0.728,1.0,1.374,1.593,1.534,25
data/opis_1/delo_0395/040.jpg,1,0.757,1.0,1.571,1.432,2.134,16
data/opis_1/delo_0395/041.jpg,1,0.732,1.0,1.375,1.553,1.732,20
data/opis_1/delo_0395/042.jpg,1,0.611,1.0,1.104,1.168,2.315,26
data/opis_1/delo_0395/043.jpg,1,0.71,1.0,1.145,1.187,1.59,26
data/opis_1/delo_0395/044.jpg,1,0.564,0.86,1.154,1.363,2.337,26
data/opis_1/delo_0395/045.jpg,1,0.642,1.0,1.054,1.269,1.611,24
data/opis_1/delo_0395/046.jpg,1,0.543,1.0,1.011,1.274,2.609,21
data/opis_1/delo_0395/047.jpg,1,0.704,1.0,1.179,1.149,1.791,25
data/opis_1/delo_0395/048.jpg,1,0.541,1.0,1.089,1.271,2.329,28
data/opis_1/delo_0395/049.jpg,1,0.591,1.0,1.28,0.998,1.573,15
data/opis_1/delo_0395/050.jpg,1,0.671,1.0,1.105,1.095,1.978,23
data/opis_1/delo_0395/051.jpg,1,0.819,1.0,1.529,1.056,1.233,13
data/opis_1/delo_0395/052.jpg,1,0.684,1.0,1.238,1.322,2.378,17
data/opis_1/delo_0395/053.jpg,1,0.717,1.0,1.235,1.239,1.584,28
data/opis_1/delo_0395/054.jpg,1,0.685,1.0,1.093,1.243,2.175,28
data/opis_1/delo_0395/055.jpg,1,0.773,1.0,1.343,1.196,1.592,29
data/opis_1/delo_0395/056.jpg,1,0.681,1.0,1.095,1.253,2.205,27
data/opis_1/delo_0395/057.jpg,1,0.78,1.0,1.108,1.405,1.243,20
data/opis_1/delo_0395/058.jpg,1,0.302,0.305,0.959,1.088,2.254,23
data/opis_1/delo_0395/059.jpg,1,0.728,1.0,1.707,1.491,1.702,20
data/opis_1/delo_0395/060.jpg,1,0.744,0.717,2.532,1.201,1.86,6
data/opis_1/delo_0395/061.jpg,0,0.517,0.204,0.263,0.908,0.394,33
data/opis_1/delo_0395/062.jpg,0,0.433,0.098,0.233,0.87,0.062,29
data/opis_1/delo_0395/063.jpg,0,0.461,0.073,0.233,0.887,0.04,30
data/opis_1/delo_0395/064.jpg,0,0.439,0.109,0.255,0.836,0.209,31
data/opis_1/delo_0395/065.jpg,0,0.43,0.204,0.222,0.857,0.045,30
data/opis_1/delo_0395/066.jpg,0,0.458,0.084,0.198,0.881,0.208,26
data/opis_1/delo_0395/067.jpg,0,0.427,0.507,0.244,0.87,0.059,31
data/opis_1/delo_0395/068.jpg,0,0.425,0.17,0.255,0.871,0.116,31
data/opis_1/delo_0395/069.jpg,0,0.434,0.121,0.273,0.878,0.224,29
data/opis_1/delo_0395/070.jpg,0,0.409,0.174,0.226,0.852,0.145,31
data/opis_1/delo_0395/071.jpg,0,0.412,0.283,0.261,0.851,0.233,31
data/opis_1/delo_0395/072.jpg,0,0.426,0.148,0.202,0.869,0.163,30
data/opis_1/delo_0395/073.jpg,0,0.416,0.081,0.238,0.88,0.135,30
data/opis_1/delo_0395/074.jpg,0,0.453,0.259,0.237,0.902,0.257,31
data/opis_1/delo_0395/075.jpg,0,0.439,0.131,0.234,0.88,0.067,29
data/opis_1/delo_0395/076.jpg,0,0.4,0.125,0.225,0.858,0.074,30
data/opis_1/delo_0395/077.jpg,0,0.406,0.087,0.239,0.887,0.042,30
data/opis_1/delo_0395/078.jpg,0,0.406,0.333,0.275,0.882,0.101,30
data/opis_1/delo_0395/079.jpg,0,0.422,0.212,0.258,0.862,0.138,29
data/opis_1/delo_0395/080.jpg,0,0.443,0.095,0.257,0.881,0.312,30
data/opis_1/delo_0395/081.jpg,0,0.442,0.412,0.233,0.856,0.253,32
data/opis_1/delo_0395/082.jpg,0,0.428,0.347,0.255,0.882,0.035,25
data/opis_1/delo_0395/083.jpg,0,0.396,0.306,0.265,0.879,0.074,27
data/opis_1/delo_0395/084.jpg,0,0.344,0.598,0.315,0.905,0.185,28
data/opis_1/delo_0395/085.jpg,0,0.377,0.386,0.259,0.88,0.07,30
data/opis_1/delo_0395/086.jpg,0,0.414,0.486,0.303,0.883,0.08,24
data/opis_1/delo_0395/087.jpg,0,0.397,0.307,0.283,0.859,0.221,31
data/opis_1/delo_0395/088.jpg,0,0.328,0.388,0.318,0.917,0.055,30
data/opis_1/delo_0395/089.jpg,0,0.43,0.117,0.26,0.861,0.069,30
data/opis_1/delo_0395/090.jpg,0,0.437,0.13,0.23,0.888,0.128,30
data/opis_1/delo_0395/091.jpg,0,0.446,0.086,0.22,0.868,0.191,30
data/opis_1/delo_0395/092.jpg,0,0.435,0.109,0.232,0.864,0.077,29
data/opis_1/delo_0395/093.jpg,0,0.457,0.141,0.23,0.834,0.15,31
data/opis_1/delo_0395/094.jpg,0,0.432,0.08,0.217,0.879,0.076,29
data/opis_1/delo_0395/095.jpg,0,0.448,0.075,0.194,0.847,0.095,28
data/opis_1/delo_0395/096.jpg,0,0.416,0.215,0.233,0.876,0.047,29
data/opis_1/delo_0395/097.jpg,0,0.421,0.16,0.238,0.862,0.036,19
data/opis_1/delo_0226/000.jpg,1,0.847,0.802,2.166,1.901,1.342,7
data/opis_1/delo_0226/001.jpg,0,0.41,0.426,0.498,1.11,0.335,31
data/opis_1/delo_0226/002.jpg,0,0.358,0.227,0.525,1.068,0.048,28
data/opis_1/delo_0226/003.jpg,0,0.518,-0.025,0.58,1.326,0.363,23
data/opis_1/delo_0226/004.jpg,0,0.382,0.162,0.501,1.131,0.229,22
data/opis_1/delo_0226/005.jpg,0,0.372,0.38,0.496,1.127,0.175,26
data/opis_1/delo_0226/006.jpg,0,0.401,0.322,0.495,1.141,0.316,21
data/opis_1/delo_0226/007.jpg,0,0.353,0.239,0.528,1.275,0.06,21
data/opis_1/delo_0226/008.jpg,0,0.373,0.31,0.472,1.15,0.054,19
data/opis_1/delo_0226/009.jpg,0,0.397,0.704,0.491,1.162,0.28,35
data/opis_1/delo_0226/010.jpg,0,0.368,0.475,0.499,1.099,0.209,31
data/opis_1/delo_0226/011.jpg,0,0.38,0.276,0.483,1.113,0.139,30
data/opis_1/delo_0226/012.jpg,0,0.414,0.48,0.478,1.176,0.391,35
data/opis_1/delo_0226/013.jpg,0,0.373,0.587,0.504,1.434,0.368,31
data/opis_1/delo_0226/014.jpg,0,0.367,0.368,0.476,1.157,0.141,28
data/opis_1/delo_0226/015.jpg,0,0.59,0.622,0.539,1.697,0.761,25
data/opis_1/delo_0226/016.jpg,0,0.408,0.439,0.501,1.149,0.344,32
data/opis_1/delo_0226/017.jpg,1,0.562,0.593,0.594,2.005,0.591,25
data/opis_1/delo_0226/018.jpg,0,0.463,0.422,0.519,1.139,0.391,34
data/opis_1/delo_0226/019.jpg,0,0.429,0.406,0.523,1.127,0.416,26
data/opis_1/delo_0226/020.jpg,0,0.368,0.679,0.482,1.13,0.151,30
data/opis_1/delo_0226/021.jpg,0,0.485,0.704,0.469,1.115,0.275,24
data/opis_1/delo_0226/022.jpg,0,0.434,0.301,0.507,1.161,0.373,33
data/opis_1/delo_0226/023.jpg,0,0.533,0.448,0.564,1.394,0.603,26
data/opis_1/delo_0226/024.jpg,0,0.397,0.421,0.488,1.133,0.204,29
data/opis_1/delo_0226/025.jpg,0,0.379,0.269,0.458,1.091,0.294,25
data/opis_1/delo_0226/026.jpg,0,0.338,0.257,0.457,1.087,0.153,30
data/opis_1/delo_0226/027.jpg,0,0.377,0.307,0.443,1.109,0.276,28
data/opis_1/delo_0226/028.jpg,0,0.403,0.336,0.438,1.236,0.146,26
data/opis_1/delo_0226/029.jpg,0,0.357,0.259,0.463,1.113,0.194,22
data/opis_1/delo_0290/000.jpg,1,0.738,0.543,1.49,1.681,1.665,18
data/opis_1/delo_0290/001.jpg,0,0.387,0.05,0.285,1.118,0.158,25
data/opis_1/delo_0290/002.jpg,0,0.386,0.032,0.393,1.086,0.195,26
data/opis_1/delo_0041/000.jpg,0,0.687,0.725,1.814,1.832,1.221,19
data/opis_1/delo_0041/002.jpg,1,0.694,1.0,1.269,1.532,0.896,27
data/opis_1/delo_0041/003.jpg,1,0.705,1.0,1.309,1.48,1.571,20
data/opis_1/delo_0041/004.jpg,1,0.716,1.0,1.645,1.134,1.591,14
data/opis_1/delo_0041/005.jpg,1,0.743,1.0,1.173,1.132,1.886,21
data/opis_1/delo_0041/006.jpg,1,0.765,1.0,1.797,1.047,1.589,12
data/opis_1/delo_0041/007.jpg,1,0.668,1.0,1.091,1.314,2.363,26
data/opis_1/delo_0041/008.jpg,1,0.76,1.0,1.856,1.261,1.67,16
data/opis_1/delo_0041/009.jpg,1,0.689,1.0,1.091,1.156,2.268,28
data/opis_1/delo_0041/010.jpg,1,0.78,1.0,1.257,1.198,1.024,25
data/opis_1/delo_0041/011.jpg,1,0.721,0.797,1.283,1.431,1.872,21
data/opis_1/delo_0041/012.jpg,1,0.746,1.0,1.217,1.363,1.639,23
data/opis_1/delo_0041/013.jpg,1,0.729,0.704,1.405,1.295,2.18,14
data/opis_1/delo_0041/014.jpg,0,0.79,1.0,1.48,1.308,1.149,17
data/opis_1/delo_0041/015.jpg,1,0.79,1.0,1.266,1.375,1.864,15
data/opis_1/delo_0041/016.jpg,1,0.777,1.0,1.354,1.386,1.066,20
data/opis_1/delo_0041/017.jpg,1,0.733,1.0,1.107,1.518,1.304,26
data/opis_1/delo_0041/018.jpg,1,0.684,1.0,1.069,1.321,1.762,24
data/opis_1/delo_0041/019.jpg,1,0.768,1.0,1.656,1.341,1.23,15
data/opis_1/delo_0041/020.jpg,1,0.747,1.0,1.395,1.228,2.297,16
data/opis_1/delo_0041/021.jpg,1,0.766,1.0,1.219,1.254,1.274,12
data/opis_1/delo_0041/022.jpg,1,0.65,1.0,1.23,1.422,1.928,19
data/opis_1/delo_0041/023.jpg,1,0.894,1.0,1.917,1.221,1.159,6
data/opis_1/delo_0041/024.jpg,1,0.578,1.0,1.372,1.233,2.437,12
data/opis_1/delo_0041/025.jpg,1,0.661,1.0,1.355,1.149,1.916,15
data/opis_1/delo_0041/026.jpg,0,0.821,1.0,1.357,1.533,1.794,11
data/opis_1/delo_0041/027.jpg,0,0.736,1.0,1.589,1.112,2.111,19
data/opis_1/delo_0041/028.jpg,1,0.811,1.0,1.526,1.772,1.992,9
data/opis_1/delo_0041/029.jpg,0,0.775,1.0,1.591,1.217,1.596,13
data/opis_1/delo_0041/030.jpg,1,0.798,1.0,1.505,1.379,1.731,10
data/opis_1/delo_0041/031.jpg,0,0.808,1.0,1.569,1.224,1.456,17
data/opis_1/delo_0150/000.jpg,0,0.671,0.422,1.005,1.357,0.629,19
data/opis_1/delo_0150/001.jpg,1,0.677,1.0,1.666,1.628,1.317,6
data/opis_1/delo_0150/002.jpg,1,0.898,1.0,2.385,1.453,1.114,5
data/opis_1/delo_0150/003.jpg,1,0.718,1.0,1.102,1.305,1.478,13
data/opis_1/delo_0150/004.jpg,1,0.711,1.0,1.148,1.255,0.968,30
data/opis_1/delo_0150/005.jpg,0,0.681,1.0,0.957,1.231,0.831,29
data/opis_1/delo_0150/006.jpg,0,0.763,1.0,1.118,1.244,0.405,30
data/opis_1/delo_0150/007.jpg,1,0.72,1.0,1.181,1.098,1.271,15
data/opis_1/delo_0150/008.jpg,0,0.695,1.0,1.005,1.395,0.671,30
data/opis_1/delo_0150/009.jpg,0,0.619,1.0,0.947,1.383,1.024,33
data/opis_1/delo_0150/010.jpg,1,0.694,1.0,1.188,1.37,1.218,18
data/opis_1/delo_0150/011.jpg,1,0.726,1.0,1.079,1.235,1.151,21
data/opis_1/delo_0150/012.jpg,1,0.715,1.0,1.022,1.363,1.181,20
data/opis_1/delo_0150/013.jpg,1,0.61,1.0,0.877,1.32,1.116,23
data/opis_1/delo_0150/014.jpg,1,0.532,1.0,0.765,1.194,1.497,23
data/opis_1/delo_0150/015.jpg,1,0.684,1.0,1.082,1.481,1.29,13
data/opis_1/delo_0150/016.jpg,1,0.76,1.0,1.081,1.187,1.248,12
data/opis_1/delo_0150/018.jpg,1,0.838,1.0,2.178,1.39,1.485,15
data/opis_1/delo_0150/019.jpg,1,0.802,1.0,2.566,1.26,2.175,18
data/opis_1/delo_0051/000.jpg,1,0.776,1.0,1.119,1.987,1.226,9
data/opis_1/delo_0051/001.jpg,1,0.634,1.0,1.097,1.217,0.898,27
data/opis_1/delo_0051/002.jpg,0,0.676,1.0,0.954,1.629,0.566,23
data/opis_1/delo_0051/003.jpg,0,0.689,1.0,1.457,1.435,1.989,17
data/opis_1/delo_0051/004.jpg,1,0.778,1.0,1.663,1.19,1.922,10
data/opis_1/delo_0051/005.jpg,1,0.843,1.0,1.141,1.165,1.288,8
data/opis_1/delo_0051/006.jpg,1,0.817,1.0,1.505,1.132,2.26,14
data/opis_1/delo_0051/007.jpg,1,0.83,1.0,1.366,1.147,1.261,13
data/opis_1/delo_0051/008.jpg,1,0.68,1.0,1.119,1.264,2.174,12
data/opis_1/delo_0051/009.jpg,1,0.838,1.0,1.441,1.095,1.376,10
data/opis_1/delo_0051/010.jpg,0,0.662,0.486,1.336,1.235,2.046,9
data/opis_1/delo_0051/011.jpg,1,0.601,1.0,1.001,1.079,2.02,16
data/opis_1/delo_0051/012.jpg,1,0.743,1.0,1.208,1.375,2.422,19
data/opis_1/delo_0051/013.jpg,1,0.711,1.0,1.502,1.456,1.985,8
data/opis_1/delo_0051/014.jpg,1,0.784,1.0,1.19,1.124,1.864,9
data/opis_1/delo_0051/015.jpg,1,0.639,1.0,1.148,1.25,1.156,26
data/opis_1/delo_0051/016.jpg,0,0.693,1.0,1.217,1.246,1.437,25
data/opis_1/delo_0051/017.jpg,0,0.766,1.0,1.181,1.324,1.044,29
data/opis_1/delo_0051/018.jpg,0,0.667,1.0,1.086,1.156,2.229,22
data/opis_1/delo_0051/019.jpg,0,0.685,1.0,1.157,1.112,1.455,21
data/opis_1/delo_0051/020.jpg,1,0.8,1.0,1.175,1.183,2.122,21
data/opis_1/delo_0051/021.jpg,1,0.691,1.0,1.296,1.174,1.74,19
data/opis_1/delo_0051/022.jpg,0,0.56,0.626,1.457,1.209,2.533,32
data/opis_1/delo_0051/023.jpg,1,0.525,0.454,0.895,1.524,1.943,14
data/opis_1/delo_0051/024.jpg,1,0.746,1.0,1.052,1.566,2.143,16
data/opis_1/delo_0051/025.jpg,1,0.659,1.0,1.166,1.363,1.779,14
data/opis_1/delo_0051/026.jpg,1,0.742,1.0,1.088,1.34,2.357,20
data/opis_1/delo_0051/027.jpg,1,0.703,1.0,1.206,1.233,1.881,17
data/opis_1/delo_0051/028.jpg,1,0.767,0.704,1.125,1.209,2.136,14
data/opis_1/delo_0051/029.jpg,0,0.758,1.0,1.491,1.211,1.644,16
data/opis_1/delo_0051/030.jpg,0,0.81,1.0,1.356,1.104,2.208,12
data/opis_1/delo_0051/031.jpg,0,0.667,1.0,1.229,1.154,1.802,22
data/opis_1/delo_0051/032.jpg,0,0.752,1.0,1.186,1.213,1.822,18
data/opis_1/delo_0051/033.jpg,1,0.826,1.0,1.292,1.239,1.56,13
data/opis_1/delo_0051/034.jpg,1,0.768,1.0,1.232,1.282,1.946,16
data/opis_1/delo_0051/035.jpg,0,0.648,1.0,1.014,1.42,1.622,20
data/opis_1/delo_0051/036.jpg,1,0.696,1.0,0.951,1.242,1.854,16
data/opis_1/delo_0051/037.jpg,1,0.685,1.0,1.179,1.328,1.437,18
data/opis_1/delo_0051/038.jpg,1,0.73,0.883,1.048,1.227,1.951,16
data/opis_1/delo_0051/039.jpg,1,0.766,1.0,1.285,1.167,1.459,18
data/opis_1/delo_0051/040.jpg,1,0.764,1.0,1.102,1.178,2.365,19
data/opis_1/delo_0051/041.jpg,1,0.667,1.0,1.225,1.24,1.736,23
data/opis_1/delo_0051/042.jpg,1,0.693,0.846,1.414,1.335,1.949,21
data/opis_1/delo_0051/043.jpg,1,0.666,1.0,2.105,1.288,1.694,7
data/opis_1/delo_0051/044.jpg,0,0.605,1.0,1.405,1.289,2.343,16
data/opis_1/delo_0051/045.jpg,1,0.676,1.0,2.144,1.348,1.532,6
data/opis_1/delo_0051/046.jpg,1,0.787,1.0,1.449,1.547,2.294,11
data/opis_1/delo_0051/048.jpg,1,0.569,1.0,0.998,1.621,2.145,17
data/opis_1/delo_0051/049.jpg,1,0.681,1.0,0.964,1.204,1.64,22
data/opis_1/delo_0051/050.jpg,1,0.474,1.0,0.884,1.155,2.634,13
data/opis_1/delo_0051/051.jpg,1,0.666,1.0,1.002,1.322,1.238,31
data/opis_1/delo_0051/052.jpg,0,0.688,1.0,1.184,1.189,1.639,25
data/opis_1/delo_0051/053.jpg,0,0.724,1.0,1.119,1.298,1.016,29
data/opis_1/delo_0051/054.jpg,1,0.626,1.0,1.045,1.234,1.996,23
data/opis_1/delo_0051/055.jpg,1,0.733,1.0,1.126,1.588,1.092,26
data/opis_1/delo_0051/056.jpg,1,0.628,1.0,1.051,1.328,1.44,32
data/opis_1/delo_0051/057.jpg,1,0.679,1.0,1.146,1.56,1.201,25
data/opis_1/delo_0051/058.jpg,1,0.758,1.0,1.354,1.276,0.509,36
data/opis_1/delo_0051/059.jpg,1,0.695,1.0,1.253,1.393,0.482,11
data/opis_1/delo_0051/060.jpg,0,0.439,0.63,0.453,1.153,0.311,35
data/opis_1/delo_0051/061.jpg,0,0.728,1.0,1.162,1.399,0.245,33
data/opis_1/delo_0051/062.jpg,1,0.713,1.0,0.991,1.449,0.884,30
data/opis_1/delo_0051/063.jpg,1,0.621,1.0,1.09,1.457,1.106,39
data/opis_1/delo_0051/064.jpg,1,0.725,1.0,1.126,1.109,1.607,34
data/opis_1/delo_0051/065.jpg,0,0.719,1.0,1.139,1.388,0.628,28
data/opis_1/delo_0051/066.jpg,1,0.759,1.0,1.317,1.259,0.872,28
data/opis_1/delo_0051/067.jpg,0,0.779,1.0,1.31,1.34,0.552,28
data/opis_1/delo_0051/068.jpg,1,0.779,1.0,1.28,1.149,0.948,26
data/opis_1/delo_0051/069.jpg,1,0.739,1.0,1.035,1.354,1.889,12
data/opis_1/delo_0051/070.jpg,1,0.87,1.0,1.797,1.63,1.743,11
data/opis_1/delo_0051/071.jpg,1,0.853,1.0,1.975,1.176,1.388,10
data/opis_1/delo_0051/072.jpg,0,0.638,1.0,1.233,1.26,1.945,11
data/opis_1/delo_0051/073.jpg,1,0.41,0.741,1.336,1.216,0.623,32
data/opis_1/delo_0051/074.jpg,0,0.661,0.492,2.113,1.182,0.856,23
data/opis_1/delo_0051/075.jpg,1,0.408,0.078,1.531,1.116,1.032,29
data/opis_1/delo_0051/077.jpg,1,0.456,0.413,1.563,1.143,0.878,33
data/opis_1/delo_0051/078.jpg,1,0.714,0.527,2.724,1.576,2.229,10
data/opis_1/delo_0051/079.jpg,1,0.499,0.652,1.544,1.155,0.915,27
data/opis_1/delo_0051/080.jpg,1,0.695,0.345,2.047,1.198,1.531,18
data/opis_1/delo_0051/081.jpg,1,0.429,0.822,1.565,1.409,1.217,15
data/opis_1/delo_0051/082.jpg,1,0.633,0.862,2.381,1.405,1.727,15
data/opis_1/delo_0051/083.jpg,1,0.466,0.363,1.366,1.335,0.814,30
data/opis_1/delo_0051/084.jpg,0,0.731,0.924,2.356,1.561,1.892,9
data/opis_1/delo_0051/085.jpg,1,0.288,0.445,1.048,1.108,0.831,20
data/opis_1/delo_0051/086.jpg,0,0.329,0.036,1.059,1.157,0.789,27
data/opis_1/delo_0051/087.jpg,1,0.534,0.685,1.68,1.516,1.253,8
data/opis_1/delo_0051/088.jpg,1,0.387,0.381,1.427,1.414,1.161,25
data/opis_1/delo_0051/089.jpg,1,0.537,0.551,1.416,1.347,0.961,20
data/opis_1/delo_0051/090.jpg,1,0.619,1.0,1.666,1.275,0.598,26
data/opis_1/delo_0051/091.jpg,1,0.618,1.0,1.087,1.607,0.822,15
data/opis_1/delo_0051/092.jpg,0,0.515,0.793,1.33,1.289,0.716,49
data/opis_1/delo_0051/093.jpg,1,0.528,-0.131,1.409,1.318,1.101,39
data/opis_1/delo_0051/094.jpg,0,0.522,0.638,1.13,1.174,0.999,38
data/opis_1/delo_0051/095.jpg,0,0.478,0.429,1.046,1.12,0.671,38
data/opis_1/delo_0051/096.jpg,1,0.378,0.1,1.23,1.269,1.559,40
data/opis_1/delo_0051/097.jpg,1,0.565,1.0,1.409,1.288,2.213,24
data/opis_1/delo_0051/098.jpg,1,0.527,0.733,1.119,1.063,0.78,27
data/opis_1/delo_0051/099.jpg,1,0.656,-0.183,1.739,1.287,2.924,22
data/opis_1/delo_0051/100.jpg,1,0.685,1.0,1.57,1.445,1.836,17
data/opis_1/delo_0051/101.jpg,1,0.834,0.814,2.374,2.477,1.305,14
data/opis_1/delo_0051/102.jpg,1,0.569,1.0,1.058,1.245,1.214,10
data/opis_1/delo_0051/103.jpg,1,0.656,1.0,1.326,1.367,1.677,13
data/opis_1/delo_0051/104.jpg,1,0.836,1.0,1.274,1.021,1.594,10
data/opis_1/delo_0051/105.jpg,1,0.808,1.0,1.759,1.502,1.638,11
data/opis_1/delo_0051/106.jpg,1,0.63,1.0,0.96,1.252,1.517,25
data/opis_1/delo_0051/107.jpg,0,0.767,1.0,1.293,1.175,1.695,19
data/opis_1/delo_0051/108.jpg,1,0.822,0.851,2.227,1.457,1.719,9
data/opis_1/delo_0051/109.jpg,1,0.782,1.0,2.232,1.464,2.167,8
data/opis_1/delo_0051/110.jpg,1,0.689,1.0,1.8,1.457,1.662,12
data/opis_1/delo_0051/111.jpg,1,0.701,1.0,1.344,1.114,2.422,12
data/opis_1/delo_0051/112.jpg,1,0.563,1.0,1.547,1.507,2.393,17
data/opis_1/delo_0051/113.jpg,1,0.768,1.0,1.965,1.267,2.222,15
data/opis_1/delo_0051/114.jpg,1,0.557,1.0,1.023,1.654,1.181,26
data/opis_1/delo_0051/115.jpg,0,0.646,0.84,1.496,1.319,1.04,44
data/opis_1/delo_0051/116.jpg,1,0.613,0.712,1.844,1.094,3.038,17
data/opis_1/delo_0051/117.jpg,1,0.813,1.0,1.79,1.411,1.767,12
data/opis_1/delo_0051/118.jpg,1,0.75,1.0,1.879,1.589,2.466,15
data/opis_1/delo_0051/119.jpg,1,0.58,1.0,1.438,1.285,2.011,10
data/opis_1/delo_0051/120.jpg,1,0.818,1.0,2.184,1.413,2.195,10
data/opis_1/delo_0051/121.jpg,1,0.635,1.0,1.647,1.258,2.2,13
data/opis_1/delo_0051/122.jpg,1,0.603,0.667,1.307,1.163,1.947,10
data/opis_1/delo_0051/123.jpg,1,0.598,0.563,1.574,1.384,2.337,20
data/opis_1/delo_0051/124.jpg,1,0.785,1.0,2.145,1.092,1.585,7
data/opis_1/delo_0051/125.jpg,1,0.678,0.846,1.438,1.229,1.476,21
data/opis_1/delo_0051/126.jpg,1,0.595,0.229,1.796,1.498,2.267,15
data/opis_1/delo_0051/127.jpg,1,0.431,0.127,0.939,1.24,1.151,29
data/opis_1/delo_0051/128.jpg,1,0.569,0.296,1.38,1.367,1.591,24
data/opis_1/delo_0051/129.jpg,1,0.583,0.719,1.577,1.207,0.664,16
data/opis_1/delo_0051/130.jpg,1,0.61,0.447,1.164,1.222,0.574,22
data/opis_1/delo_0051/131.jpg,1,0.479,0.37,1.329,1.073,0.7,27
data/opis_1/delo_0051/133.jpg,1,0.403,0.374,1.341,1.113,0.848,27
data/opis_1/delo_0051/134.jpg,0,0.7,0.898,2.54,1.463,0.909,4
data/opis_1/delo_0051/135.jpg,1,0.552,0.404,1.261,1.438,0.675,25
data/opis_1/delo_0051/137.jpg,1,0.549,0.361,1.702,1.295,0.829,26
data/opis_1/delo_0051/139.jpg,1,0.379,0.718,1.269,1.044,1.089,20
data/opis_1/delo_0051/140.jpg,1,0.467,0.744,1.105,2.063,0.442,20
data/opis_1/delo_0051/141.jpg,1,0.344,0.258,1.278,1.163,1.141,20
data/opis_1/delo_0051/142.jpg,1,0.311,0.412,0.957,1.0,0.702,28
data/opis_1/delo_0051/143.jpg,0,0.551,0.874,1.815,1.147,1.307,20
data/opis_1/delo_0051/144.jpg,1,0.266,0.197,1.132,0.986,1.172,12
data/opis_1/delo_0051/145.jpg,1,0.274,0.348,1.086,1.033,1.061,29
data/opis_1/delo_0051/146.jpg,0,0.506,0.079,1.233,1.554,1.92,35
data/opis_1/delo_0051/147.jpg,1,0.58,0.783,1.369,1.112,3.025,18
data/opis_1/delo_0051/148.jpg,1,0.905,1.0,2.56,1.683,1.006,5
data/opis_1/delo_0051/149.jpg,1,0.784,1.0,2.221,1.059,1.557,9
data/opis_1/delo_0051/150.jpg,1,0.603,0.605,1.528,1.263,1.919,12
data/opis_1/delo_0051/151.jpg,1,0.603,1.0,1.409,1.221,1.842,14
data/opis_1/delo_0051/152.jpg,1,0.652,1.0,1.625,1.006,1.705,13
data/opis_1/delo_0051/153.jpg,1,0.677,1.0,1.194,1.48,1.912,14
data/opis_1/delo_0051/154.jpg,1,0.741,0.501,1.65,1.217,1.755,14
data/opis_1/delo_0051/155.jpg,1,0.658,1.0,1.593,1.577,2.005,13
data/opis_1/delo_0051/156.jpg,1,0.651,1.0,1.275,1.706,1.77,17
data/opis_1/delo_0051/157.jpg,1,0.568,0.507,1.122,1.112,2.218,24
data/opis_1/delo_0051/158.jpg,1,0.669,1.0,1.893,1.19,1.686,11
data/opis_1/delo_0051/159.jpg,1,0.691,0.702,1.483,1.392,1.988,17
data/opis_1/delo_0051/160.jpg,1,0.779,1.0,1.92,1.638,1.337,13
data/opis_1/delo_0051/161.jpg,1,0.792,1.0,1.448,1.397,1.559,7
data/opis_1/delo_0051/162.jpg,1,0.638,1.0,1.237,1.351,1.827,19
data/opis_1/delo_0051/163.jpg,1,0.757,0.837,1.577,1.518,1.956,7
data/opis_1/delo_0051/164.jpg,1,0.635,1.0,1.354,1.339,1.751,15
data/opis_1/delo_0051/165.jpg,1,0.494,0.801,0.917,1.065,2.424,22
data/opis_1/delo_0051/166.jpg,1,0.591,1.0,1.441,1.398,1.573,20
data/opis_1/delo_0051/167.jpg,1,0.624,0.784,1.271,1.464,1.978,12
data/opis_1/delo_0051/168.jpg,1,0.495,1.0,0.89,1.229,1.766,20
data/opis_1/delo_0051/169.jpg,1,0.596,0.835,1.405,1.417,2.202,18
data/opis_1/delo_0051/170.jpg,1,0.733,1.0,1.511,1.456,1.413,16
data/opis_1/delo_0051/171.jpg,1,0.738,0.778,1.974,1.863,2.444,17
data/opis_1/delo_0051/172.jpg,1,0.887,1.0,2.814,1.687,0.969,4
data/opis_1/delo_0051/173.jpg,1,0.692,1.0,1.104,1.454,0.678,29
data/opis_1/delo_0051/174.jpg,1,0.77,1.0,1.264,1.328,0.738,33
data/opis_1/delo_0034/000.jpg,1,0.801,1.0,1.293,1.639,1.252,15
data/opis_1/delo_0034/001.jpg,1,0.785,1.0,1.345,1.872,0.945,27
data/opis_1/delo_0034/002.jpg,1,0.833,1.0,1.216,1.487,0.816,23
data/opis_1/delo_0034/003.jpg,1,0.786,1.0,1.292,1.318,0.646,29
data/opis_1/delo_0034/004.jpg,1,0.812,1.0,1.149,1.173,0.961,22
data/opis_1/delo_0034/005.jpg,1,0.795,1.0,1.187,1.111,0.863,25
data/opis_1/delo_0034/006.jpg,0,0.782,1.0,1.087,1.385,0.88,27
data/opis_1/delo_0034/007.jpg,0,0.788,1.0,1.267,1.481,0.467,25
data/opis_1/delo_0034/008.jpg,1,0.783,1.0,1.172,1.227,1.041,24
data/opis_1/delo_0034/009.jpg,0,0.807,1.0,1.122,1.414,0.573,26
data/opis_1/delo_0034/010.jpg,1,0.792,0.637,1.259,1.445,0.961,25
data/opis_1/delo_0034/011.jpg,1,0.823,1.0,1.251,1.412,0.907,21
data/opis_1/delo_0034/012.jpg,0,0.814,1.0,1.185,1.37,1.124,21
data/opis_1/delo_0034/013.jpg,1,0.812,1.0,1.088,1.612,0.829,25
data/opis_1/delo_0034/014.jpg,0,0.789,1.0,1.154,1.387,0.812,26
data/opis_1/delo_0034/015.jpg,0,0.789,1.0,1.183,1.38,0.365,30
data/opis_1/delo_0034/016.jpg,1,0.664,1.0,1.097,1.757,0.91,43
data/opis_1/delo_0034/017.jpg,1,0.633,1.0,1.004,1.855,1.152,15
data/opis_1/delo_0034/018.jpg,1,0.623,1.0,0.998,1.587,1.34,24
data/opis_1/delo_0034/019.jpg,0,0.771,1.0,1.156,1.59,1.169,39
data/opis_1/delo_0034/020.jpg,1,0.673,1.0,1.065,1.287,1.889,21
data/opis_1/delo_0034/021.jpg,0,0.723,1.0,1.092,1.61,0.993,30
data/opis_1/delo_0034/022.jpg,0,0.79,1.0,1.296,1.371,1.493,20
data/opis_1/delo_0034/023.jpg,0,0.773,1.0,1.135,1.396,1.198,24
data/opis_1/delo_0034/024.jpg,1,0.793,0.855,1.31,1.488,1.272,24
data/opis_1/delo_0034/025.jpg,1,0.744,1.0,1.199,1.172,1.525,26
data/opis_1/delo_0034/026.jpg,1,0.781,1.0,1.107,1.158,1.301,23
data/opis_1/delo_0034/027.jpg,0,0.725,1.0,0.968,1.264,2.213,26
data/opis_1/delo_0034/028.jpg,1,0.766,1.0,1.181,1.171,1.224,24
data/opis_1/delo_0034/029.jpg,1,0.754,0.871,1.02,1.283,1.311,31
data/opis_1/delo_0034/030.jpg,0,0.751,1.0,1.263,1.097,1.677,23
data/opis_1/delo_0034/031.jpg,0,0.765,1.0,0.965,1.263,1.352,22
data/opis_1/delo_0034/032.jpg,1,0.753,1.0,1.095,1.37,1.09,27
data/opis_1/delo_0034/033.jpg,1,0.797,1.0,1.169,1.563,0.52,26
data/opis_1/delo_0034/034.jpg,0,0.765,1.0,1.208,1.516,0.966,22
data/opis_1/delo_0034/035.jpg,1,0.767,1.0,1.43,1.507,1.192,25
data/opis_1/delo_0034/036.jpg,1,0.785,1.0,1.396,1.784,1.078,31
data/opis_1/delo_0034/037.jpg,1,0.763,1.0,1.264,1.535,0.832,27
data/opis_1/delo_0034/038.jpg,1,0.755,1.0,1.18,1.227,1.571,23
data/opis_1/delo_0034/039.jpg,0,0.796,1.0,1.115,1.432,1.091,27
data/opis_1/delo_0034/040.jpg,1,0.782,1.0,1.315,1.443,1.465,22
data/opis_1/delo_0034/041.jpg,1,0.792,1.0,1.081,1.187,0.467,24
data/opis_1/delo_0034/042.jpg,0,0.796,1.0,1.086,1.242,0.522,28
data/opis_1/delo_0034/043.jpg,1,0.809,1.0,1.281,1.395,0.975,28
data/opis_1/delo_0034/044.jpg,0,0.8,1.0,1.421,1.125,1.368,16
data/opis_1/delo_0034/045.jpg,1,0.819,1.0,1.287,1.296,0.54,25
data/opis_1/delo_0034/046.jpg,1,0.842,1.0,1.361,1.27,1.983,14
data/opis_1/delo_0034/047.jpg,0,0.786,1.0,1.118,1.539,1.22,19
data/opis_1/delo_0034/048.jpg,1,0.787,1.0,1.138,1.301,1.019,20
data/opis_1/delo_0034/049.jpg,1,0.725,0.163,1.049,1.048,1.221,33
data/opis_1/delo_0034/050.jpg,0,0.706,1.0,0.928,1.07,1.932,19
data/opis_1/delo_0034/051.jpg,1,0.801,1.0,1.406,1.571,1.358,22
data/opis_1/delo_0034/052.jpg,0,0.805,1.0,1.133,1.543,1.359,19
data/opis_1/delo_0034/053.jpg,0,0.789,1.0,1.286,1.558,1.214,22
data/opis_1/delo_0034/054.jpg,1,0.826,1.0,1.222,1.307,1.52,19
data/opis_1/delo_0034/055.jpg,1,0.78,1.0,1.319,1.518,0.82,29
data/opis_1/delo_0034/056.jpg,0,0.808,1.0,1.171,1.202,0.986,21
data/opis_1/delo_0034/057.jpg,0,0.817,1.0,1.065,1.381,0.433,26
data/opis_1/delo_0034/058.jpg,0,0.813,1.0,1.439,1.324,0.511,26
data/opis_1/delo_0034/059.jpg,0,0.785,1.0,1.066,1.165,0.354,21
data/opis_1/delo_0034/060.jpg,1,0.803,1.0,1.133,1.487,0.589,30
data/opis_1/delo_0034/061.jpg,0,0.801,1.0,1.086,1.289,0.297,22
data/opis_1/delo_0034/062.jpg,1,0.819,1.0,1.022,1.216,0.627,24
data/opis_1/delo_0034/063.jpg,0,0.82,1.0,1.273,1.494,0.422,22
data/opis_1/delo_0034/064.jpg,1,0.815,1.0,1.111,1.257,0.357,20
data/opis_1/delo_0034/065.jpg,0,0.84,1.0,1.502,1.497,0.289,23
data/opis_1/delo_0034/066.jpg,1,0.8,1.0,1.101,1.392,0.885,22
data/opis_1/delo_0034/067.jpg,1,0.787,1.0,1.088,1.311,0.385,23
data/opis_1/delo_0034/068.jpg,0,0.754,1.0,1.067,1.32,0.317,23
data/opis_1/delo_0034/069.jpg,0,0.801,1.0,1.301,1.252,0.437,24
data/opis_1/delo_0034/070.jpg,1,0.783,1.0,1.266,1.818,0.906,21
data/opis_1/delo_0034/071.jpg,1,0.804,0.812,1.284,1.784,0.527,25
data/opis_1/delo_0034/072.jpg,1,0.538,0.519,1.186,1.996,1.29,21
data/opis_1/delo_0034/073.jpg,0,0.785,1.0,1.274,1.822,1.347,18
data/opis_1/delo_0034/074.jpg,1,0.8,1.0,1.27,1.601,0.96,20
data/opis_1/delo_0034/075.jpg,0,0.795,1.0,1.209,1.485,0.561,24
data/opis_1/delo_0034/076.jpg,0,0.832,1.0,1.295,1.355,0.356,23
data/opis_1/delo_0034/077.jpg,1,0.783,1.0,1.139,1.33,0.975,21
data/opis_1/delo_0034/078.jpg,1,0.817,1.0,1.296,1.42,0.918,23
data/opis_1/delo_0034/079.jpg,0,0.837,1.0,1.312,1.397,0.653,23
data/opis_1/delo_0034/080.jpg,1,0.838,1.0,1.207,1.455,0.397,21
data/opis_1/delo_0034/081.jpg,1,0.821,1.0,1.284,1.67,1.234,20
data/opis_1/delo_0034/082.jpg,1,0.817,1.0,1.254,1.335,1.008,21
data/opis_1/delo_0034/083.jpg,1,0.779,1.0,1.157,1.447,1.448,14
data/opis_1/delo_0034/084.jpg,1,0.777,0.798,1.19,1.449,1.261,11
data/opis_1/delo_0034/085.jpg,1,0.73,1.0,1.114,1.633,1.331,9
data/opis_1/delo_0034/086.jpg,0,0.773,1.0,1.224,1.439,0.43,27
data/opis_1/delo_0034/087.jpg,0,0.769,1.0,1.299,1.869,0.977,24
data/opis_1/delo_0034/088.jpg,1,0.817,1.0,1.389,1.416,0.343,27
data/opis_1/delo_0034/089.jpg,1,0.753,1.0,1.303,1.281,1.79,22
data/opis_1/delo_0034/090.jpg,1,0.789,1.0,1.129,1.202,1.007,24
data/opis_1/delo_0034/091.jpg,1,0.802,1.0,1.138,1.576,0.721,25
data/opis_1/delo_0034/092.jpg,1,0.784,1.0,1.145,1.228,0.728,25
data/opis_1/delo_0034/093.jpg,1,0.766,1.0,1.404,1.374,1.302,25
data/opis_1/delo_0034/094.jpg,1,0.774,1.0,1.165,1.672,0.969,23
data/opis_1/delo_0034/095.jpg,0,0.794,1.0,1.284,1.237,1.021,26
data/opis_1/delo_0034/096.jpg,1,0.832,1.0,1.27,1.381,0.473,27
data/opis_1/delo_0034/097.jpg,0,0.798,1.0,1.115,1.368,0.806,23
data/opis_1/delo_0034/098.jpg,0,0.814,1.0,1.235,1.351,0.401,24
data/opis_1/delo_0034/099.jpg,1,0.838,1.0,1.354,1.352,1.075,28
data/opis_1/delo_0034/100.jpg,0,0.821,1.0,1.197,1.475,0.346,23
data/opis_1/delo_0034/101.jpg,1,0.805,1.0,1.198,1.513,1.291,21
data/opis_1/delo_0034/102.jpg,1,0.819,1.0,1.228,1.557,1.054,20
data/opis_1/delo_0034/103.jpg,1,0.825,1.0,1.322,1.424,0.552,22
data/opis_1/delo_0034/104.jpg,1,0.818,1.0,1.215,1.624,0.385,27
data/opis_1/delo_0034/105.jpg,1,0.804,1.0,1.059,1.42,1.269,21
data/opis_1/delo_0034/106.jpg,0,0.819,1.0,1.242,1.396,0.538,20
data/opis_1/delo_0034/107.jpg,1,0.833,0.718,1.241,1.474,0.818,24
data/opis_1/delo_0034/108.jpg,0,0.781,1.0,1.157,1.541,0.317,24
data/opis_1/delo_0034/109.jpg,1,0.823,1.0,1.298,1.302,1.092,19
data/opis_1/delo_0034/110.jpg,0,0.793,1.0,1.262,1.549,0.558,22
data/opis_1/delo_0034/111.jpg,0,0.785,1.0,1.11,1.59,0.547,22
data/opis_1/delo_0034/112.jpg,0,0.837,1.0,1.189,1.305,0.331,22
data/opis_1/delo_0034/113.jpg,1,0.828,0.9,1.37,1.56,0.963,23
data/opis_1/delo_0034/114.jpg,0,0.82,1.0,1.206,1.776,0.427,19
data/opis_1/delo_0034/115.jpg,1,0.815,1.0,1.355,1.727,0.803,21
data/opis_1/delo_0034/116.jpg,1,0.845,1.0,1.259,1.403,0.315,23
data/opis_1/delo_0034/117.jpg,1,0.777,1.0,1.142,1.441,0.565,26
data/opis_1/delo_0034/118.jpg,1,0.816,1.0,1.263,1.342,0.801,28
data/opis_1/delo_0034/119.jpg,1,0.791,0.139,1.101,1.519,1.044,24
data/opis_1/delo_0034/120.jpg,1,0.803,1.0,1.132,1.05,0.978,19
data/opis_1/delo_0034/121.jpg,0,0.795,1.0,1.248,1.655,0.942,20
data/opis_1/delo_0034/122.jpg,1,0.81,1.0,1.207,1.658,0.773,26
data/opis_1/delo_0034/123.jpg,0,0.799,1.0,1.176,1.474,0.523,25
data/opis_1/delo_0034/124.jpg,0,0.815,1.0,1.13,1.728,0.352,27
data/opis_1/delo_0034/125.jpg,1,0.821,1.0,1.316,1.533,0.919,24
data/opis_1/delo_0034/126.jpg,1,0.811,1.0,1.325,1.827,0.501,26
data/opis_1/delo_0034/127.jpg,1,0.827,1.0,1.037,1.313,0.221,25
data/opis_1/delo_0034/128.jpg,1,0.817,0.663,1.163,1.278,0.414,30
data/opis_1/delo_0034/129.jpg,0,0.817,1.0,1.172,1.673,0.238,22
data/opis_1/delo_0034/130.jpg,1,0.786,1.0,1.031,1.284,0.188,23
data/opis_1/delo_0034/131.jpg,1,0.845,0.727,1.182,1.631,0.476,26
data/opis_1/delo_0034/132.jpg,0,0.804,1.0,1.138,1.631,0.343,28
data/opis_1/delo_0034/133.jpg,1,0.778,1.0,1.127,1.476,0.972,24
data/opis_1/delo_0034/134.jpg,1,0.803,1.0,1.115,1.432,0.811,27
data/opis_1/delo_0034/135.jpg,1,0.817,1.0,1.186,1.316,0.523,30
data/opis_1/delo_0034/136.jpg,1,0.816,0.796,1.213,1.327,0.562,34
data/opis_1/delo_0034/137.jpg,1,0.838,1.0,1.223,1.209,0.918,20
data/opis_1/delo_0034/138.jpg,1,0.841,1.0,1.428,1.673,0.485,27
data/opis_1/delo_0034/139.jpg,1,0.806,1.0,1.299,1.922,0.813,19
data/opis_1/delo_0034/140.jpg,1,0.796,0.797,1.251,1.402,0.23,21
data/opis_1/delo_0034/141.jpg,1,0.794,1.0,1.237,1.37,0.699,26
data/opis_1/delo_0034/142.jpg,0,0.821,1.0,1.271,1.597,0.479,25
data/opis_1/delo_0034/143.jpg,1,0.833,1.0,1.211,1.608,0.235,21
data/opis_1/delo_0034/144.jpg,1,0.828,0.839,1.092,1.282,0.351,19
data/opis_1/delo_0034/145.jpg,0,0.816,1.0,1.088,1.434,0.618,22
data/opis_1/delo_0034/146.jpg,0,0.78,1.0,1.039,1.378,0.542,25
data/opis_1/delo_0034/147.jpg,1,0.756,1.0,1.162,1.186,0.963,23
data/opis_1/delo_0034/148.jpg,0,0.812,1.0,1.21,1.507,0.428,24
data/opis_1/delo_0034/149.jpg,0,0.822,0.535,1.255,1.563,1.104,28
data/opis_1/delo_0034/150.jpg,1,0.812,1.0,1.137,1.51,0.617,24
data/opis_1/delo_0034/151.jpg,0,0.828,1.0,1.251,1.457,0.716,22
data/opis_1/delo_0034/152.jpg,0,0.832,1.0,1.219,1.648,0.328,23
data/opis_1/delo_0034/153.jpg,0,0.806,1.0,1.195,1.392,0.818,22
data/opis_1/delo_0034/154.jpg,1,0.774,1.0,1.203,1.462,0.417,27
data/opis_1/delo_0034/155.jpg,0,0.823,1.0,1.085,1.535,0.288,22
data/opis_1/delo_0034/156.jpg,0,0.798,1.0,1.097,1.46,0.231,22
data/opis_1/delo_0034/157.jpg,0,0.798,1.0,1.193,1.488,0.816,20
data/opis_1/delo_0034/158.jpg,1,0.78,1.0,1.084,1.48,0.809,24
data/opis_1/delo_0034/159.jpg,1,0.828,1.0,1.202,1.594,0.56,26
data/opis_1/delo_0034/160.jpg,0,0.775,1.0,1.16,1.721,0.249,25
data/opis_1/delo_0034/161.jpg,1,0.812,1.0,1.244,1.559,0.961,22
data/opis_1/delo_0034/162.jpg,1,0.812,1.0,1.143,1.551,0.817,23
data/opis_1/delo_0034/163.jpg,1,0.79,1.0,1.159,1.22,0.826,9
data/opis_1/delo_0034/164.jpg,0,0.783,1.0,1.216,2.732,0.383,26
data/opis_1/delo_0034/165.jpg,1,0.775,1.0,1.109,1.387,0.786,35
data/opis_1/delo_0034/166.jpg,1,0.768,1.0,1.212,1.295,0.552,48
data/opis_1/delo_0034/167.jpg,1,0.716,1.0,1.379,1.637,1.515,30
data/opis_1/delo_0034/168.jpg,1,0.754,1.0,1.206,1.601,0.575,32
data/opis_1/delo_0034/169.jpg,1,0.77,1.0,1.234,1.407,1.009,36
data/opis_1/delo_0034/170.jpg,1,0.669,1.0,1.066,1.271,0.453,36
data/opis_1/delo_0034/171.jpg,1,0.752,1.0,0.979,1.235,1.513,33
data/opis_1/delo_0034/172.jpg,1,0.779,1.0,1.246,1.417,1.185,33
data/opis_1/delo_0034/173.jpg,1,0.754,1.0,1.189,1.365,1.048,35
data/opis_1/delo_0034/174.jpg,1,0.754,1.0,1.239,1.246,0.722,36
data/opis_1/delo_0034/175.jpg,1,0.818,1.0,1.29,1.283,0.859,20
data/opis_1/delo_0096/000.jpg,0,0.663,0.392,1.167,2.203,1.27,17
data/opis_1/delo_0096/001.jpg,1,0.605,1.0,1.37,1.296,1.326,26
data/opis_1/delo_0096/002.jpg,1,0.672,0.61,1.754,1.707,1.309,14
data/opis_1/delo_0096/003.jpg,1,0.608,0.749,1.239,1.843,1.777,25
data/opis_1/delo_0087/000.jpg,0,0.716,0.835,1.407,2.284,0.729,18
data/opis_1/delo_0087/001.jpg,1,0.742,1.0,1.623,1.279,1.095,29
data/opis_1/delo_0087/002.jpg,1,0.809,1.0,2.319,1.163,1.319,19
data/opis_1/delo_0087/003.jpg,1,0.743,1.0,1.28,1.316,1.363,7
data/opis_1/delo_0087/004.jpg,1,0.761,1.0,1.218,1.117,1.369,7
data/opis_1/delo_0087/005.jpg,1,0.783,0.111,2.224,1.879,1.164,5
data/opis_1/delo_0087/007.jpg,1,0.795,1.0,1.619,1.662,1.408,8
data/opis_1/delo_0087/008.jpg,1,0.595,1.0,2.014,1.284,1.381,5
data/opis_1/delo_0087/009.jpg,1,0.779,1.0,1.724,1.254,1.052,4
data/opis_1/delo_0087/010.jpg,1,0.619,1.0,1.168,1.069,0.904,4
data/opis_1/delo_0087/011.jpg,1,0.773,1.0,2.046,1.37,2.212,15
data/opis_1/delo_0087/012.jpg,1,0.769,0.844,1.708,1.277,1.109,8
data/opis_1/delo_0087/013.jpg,1,0.72,1.0,1.846,1.354,1.787,7
data/opis_1/delo_0087/014.jpg,1,0.741,1.0,2.581,0.964,1.141,5
data/opis_1/delo_0087/015.jpg,1,0.861,1.0,2.404,1.177,1.171,8
data/opis_1/delo_0087/016.jpg,0,0.756,0.808,3.147,1.13,0.969,4
data/opis_1/delo_0087/017.jpg,1,0.877,1.0,2.724,1.148,1.159,7
data/opis_1/delo_0087/018.jpg,1,0.83,1.0,1.302,1.755,1.261,11
data/opis_1/delo_0087/019.jpg,1,0.872,1.0,3.083,1.089,0.992,6
data/opis_1/delo_0087/020.jpg,1,0.681,1.0,1.383,1.794,1.579,6
data/opis_1/delo_0087/021.jpg,1,0.878,1.0,3.409,1.247,1.16,8
data/opis_1/delo_0087/023.jpg,1,0.66,1.0,1.092,1.255,1.567,13
data/opis_1/delo_0087/024.jpg,1,0.748,1.0,1.609,1.489,1.494,10
data/opis_1/delo_0087/025.jpg,1,0.828,1.0,1.991,1.291,1.361,6
data/opis_1/delo_0087/026.jpg,1,0.72,1.0,2.108,1.4,1.78,11
data/opis_1/delo_0087/027.jpg,1,0.922,1.0,3.459,1.198,1.192,5
data/opis_1/delo_0087/028.jpg,1,0.745,0.831,2.067,1.843,1.901,18
data/opis_1/delo_0087/029.jpg,1,0.753,1.0,1.731,1.448,1.29,8
data/opis_1/delo_0087/030.jpg,1,0.86,1.0,2.978,1.045,1.193,6
data/opis_1/delo_0087/031.jpg,1,0.786,1.0,2.194,1.289,1.224,6
data/opis_1/delo_0087/032.jpg,1,0.843,1.0,2.547,1.364,1.179,7
data/opis_1/delo_0087/033.jpg,1,0.665,1.0,1.374,2.121,1.39,10
data/opis_1/delo_0087/034.jpg,1,0.817,1.0,1.823,1.762,0.941,5
data/opis_1/delo_0087/035.jpg,1,0.695,1.0,1.442,1.454,2.25,14
data/opis_1/delo_0087/036.jpg,1,0.647,1.0,1.076,1.319,1.785,15
data/opis_1/delo_0074/000.jpg,0,0.628,0.42,0.875,1.552,0.562,22
data/opis_1/delo_0074/001.jpg,0,0.474,0.643,0.389,2.284,0.328,30
data/opis_1/delo_0074/002.jpg,1,0.627,0.383,1.502,2.213,2.402,19
data/opis_1/delo_0074/003.jpg,0,0.419,0.604,0.335,1.047,0.321,29
data/opis_1/delo_0074/004.jpg,1,0.458,0.451,1.212,1.585,0.88,45
data/opis_1/delo_0074/005.jpg,0,0.402,0.499,0.339,1.023,0.315,29
data/opis_1/delo_0074/006.jpg,1,0.436,0.413,0.963,1.673,0.973,54
data/opis_1/delo_0074/007.jpg,0,0.417,0.699,0.372,1.075,0.259,31
data/opis_1/delo_0074/008.jpg,1,0.436,0.473,1.024,1.613,0.863,55
data/opis_1/delo_0074/009.jpg,0,0.411,0.776,0.354,1.029,0.036,28
data/opis_1/delo_0074/010.jpg,1,0.429,0.378,1.126,1.607,0.847,46
data/opis_1/delo_0074/011.jpg,0,0.466,0.854,0.36,1.169,0.113,29
data/opis_1/delo_0074/012.jpg,1,0.45,0.262,1.215,1.784,0.803,43
data/opis_1/delo_0074/013.jpg,1,0.473,0.568,0.581,1.142,0.456,40
data/opis_1/delo_0074/014.jpg,1,0.495,0.261,1.273,1.599,0.784,50
data/opis_1/delo_0074/015.jpg,0,0.435,0.784,0.396,0.998,0.105,29
data/opis_1/delo_0074/016.jpg,1,0.441,0.311,1.128,1.512,0.785,47
data/opis_1/delo_0074/017.jpg,0,0.488,0.663,0.402,1.294,0.245,27
data/opis_1/delo_0074/018.jpg,1,0.423,0.305,1.094,1.827,0.865,46
data/opis_1/delo_0074/019.jpg,0,0.404,0.303,0.35,1.027,0.077,29
data/opis_1/delo_0074/020.jpg,1,0.443,0.235,1.051,1.561,0.927,53
data/opis_1/delo_0074/021.jpg,0,0.388,0.315,0.383,1.054,0.108,28
data/opis_1/delo_0074/022.jpg,1,0.417,0.414,1.11,1.752,0.799,47
data/opis_1/delo_0074/023.jpg,0,0.563,1.0,0.39,1.003,0.046,29
data/opis_1/delo_0074/024.jpg,1,0.466,0.362,1.481,1.435,0.877,43
data/opis_1/delo_0074/025.jpg,0,0.455,0.453,0.316,1.179,0.375,30
data/opis_1/delo_0074/026.jpg,1,0.451,0.449,1.094,1.215,0.729,47
data/opis_1/delo_0074/027.jpg,0,0.468,0.189,0.318,1.016,0.315,16
data/opis_1/delo_0074/028.jpg,1,0.529,0.404,1.561,1.65,0.752,45
data/opis_1/delo_0074/029.jpg,0,0.51,0.58,0.362,2.235,0.329,29
data/opis_1/delo_0074/030.jpg,1,0.449,0.394,1.094,1.698,0.935,50
data/opis_1/delo_0074/031.jpg,0,0.471,0.49,0.252,0.986,0.242,28
data/opis_1/delo_0074/032.jpg,1,0.434,0.311,1.076,1.565,0.919,46
data/opis_1/delo_0074/033.jpg,0,0.424,0.209,0.213,1.071,0.352,29
data/opis_1/delo_0074/034.jpg,1,0.441,0.447,1.202,1.546,0.725,50
data/opis_1/delo_0074/035.jpg,0,0.429,0.4,0.236,1.026,0.233,31
data/opis_1/delo_0074/036.jpg,1,0.453,0.464,1.132,1.621,1.045,56
data/opis_1/delo_0074/037.jpg,0,0.425,0.33,0.238,1.023,0.085,28
data/opis_1/delo_0074/038.jpg,1,0.429,0.411,1.082,1.727,0.855,51
data/opis_1/delo_0074/039.jpg,0,0.477,0.722,0.217,0.969,0.124,29
data/opis_1/delo_0074/040.jpg,1,0.431,0.201,1.15,1.827,0.884,50
data/opis_1/delo_0074/041.jpg,0,0.488,0.497,0.239,0.96,0.372,33
data/opis_1/delo_0074/042.jpg,1,0.428,0.296,1.152,1.724,0.823,46
data/opis_1/delo_0074/043.jpg,1,0.786,0.808,2.413,1.422,1.511,4
data/opis_1/delo_0074/044.jpg,1,0.478,0.451,1.299,1.532,1.016,51
data/opis_1/delo_0074/046.jpg,1,0.438,0.464,0.2,0.931,0.093,29
data/opis_1/delo_0074/047.jpg,1,0.452,0.391,1.39,1.52,0.936,46
data/opis_1/delo_0074/048.jpg,0,0.551,0.536,0.259,0.981,0.208,27
data/opis_1/delo_0074/049.jpg,1,0.402,0.368,1.082,1.705,0.955,46
data/opis_1/delo_0074/050.jpg,0,0.425,0.181,0.244,0.945,0.102,29
data/opis_1/delo_0074/051.jpg,1,0.426,0.352,1.238,1.756,0.855,47
data/opis_1/delo_0074/052.jpg,0,0.415,0.285,0.241,0.959,0.08,28
data/opis_1/delo_0074/053.jpg,1,0.433,0.186,1.187,1.727,0.804,40
data/opis_1/delo_0074/054.jpg,0,0.41,0.127,0.182,0.935,0.141,30
data/opis_1/delo_0074/055.jpg,1,0.442,0.426,1.359,1.634,0.828,43
data/opis_1/delo_0074/056.jpg,0,0.456,0.61,0.272,1.133,0.349,29
data/opis_1/delo_0074/057.jpg,1,0.463,0.293,1.176,1.432,0.819,43
data/opis_1/delo_0074/058.jpg,0,0.482,0.281,0.26,0.975,0.241,15
data/opis_1/delo_0074/059.jpg,1,0.518,0.431,1.299,1.565,1.262,43
data/opis_1/delo_0074/061.jpg,1,0.518,0.8,1.803,1.354,2.814,22
data/opis_1/delo_0074/062.jpg,0,0.38,0.386,1.517,0.858,2.056,17
data/opis_1/delo_0074/063.jpg,1,0.485,0.354,1.553,1.588,1.372,36
data/opis_1/delo_0074/064.jpg,0,0.516,0.63,2.16,1.332,1.686,15
data/opis_1/delo_0074/065.jpg,1,0.791,0.893,2.654,2.466,1.139,13
data/opis_1/delo_0074/066.jpg,1,0.467,0.463,1.263,1.473,1.059,47
data/opis_1/delo_0074/067.jpg,1,0.467,0.753,1.667,1.139,2.514,9
data/opis_1/delo_0074/068.jpg,0,0.549,0.253,0.403,1.45,0.344,30
data/opis_1/delo_0074/069.jpg,1,0.469,0.377,1.436,1.485,0.763,40
data/opis_1/delo_0074/070.jpg,0,0.501,0.171,0.309,1.069,0.235,27
data/opis_1/delo_0074/071.jpg,1,0.421,0.361,1.076,1.679,0.873,47
data/opis_1/delo_0074/072.jpg,0,0.485,0.097,0.308,1.036,0.27,28
data/opis_1/delo_0074/073.jpg,1,0.485,0.413,1.15,1.725,1.288,35
data/opis_1/delo_0074/074.jpg,0,0.458,0.149,0.369,1.051,0.255,31
data/opis_1/delo_0074/075.jpg,1,0.482,0.431,1.412,1.52,0.954,40
data/opis_1/delo_0074/076.jpg,0,0.484,0.106,0.413,1.125,0.089,28
data/opis_1/delo_0074/077.jpg,1,0.474,0.413,1.291,1.547,0.838,43
data/opis_1/delo_0074/078.jpg,0,0.465,0.233,0.426,1.047,0.214,31
data/opis_1/delo_0074/079.jpg,1,0.452,0.371,1.38,1.69,0.826,41
data/opis_1/delo_0074/080.jpg,0,0.507,0.385,0.391,1.183,0.421,30
data/opis_1/delo_0074/081.jpg,1,0.526,0.293,1.405,1.563,0.806,36
data/opis_1/delo_0074/082.jpg,0,0.436,0.399,0.342,1.001,0.068,29
data/opis_1/delo_0074/083.jpg,1,0.532,0.097,1.568,1.749,0.813,36
data/opis_1/delo_0074/084.jpg,0,0.493,0.451,0.343,1.275,0.142,27
data/opis_1/delo_0074/085.jpg,1,0.465,0.299,1.145,1.526,0.977,42
data/opis_1/delo_0074/086.jpg,0,0.5,0.174,0.401,1.095,0.162,30
data/opis_1/delo_0074/087.jpg,1,0.502,0.426,1.181,1.644,0.826,38
data/opis_1/delo_0074/088.jpg,0,0.46,0.082,0.444,1.092,0.253,30
data/opis_1/delo_0074/089.jpg,1,0.484,0.441,1.201,1.548,0.937,40
data/opis_1/delo_0074/090.jpg,0,0.588,1.0,0.435,1.012,0.05,29
data/opis_1/delo_0074/091.jpg,1,0.543,0.362,1.53,1.87,0.918,42
data/opis_1/delo_0074/092.jpg,0,0.544,0.117,0.388,1.083,0.26,27
data/opis_1/delo_0074/093.jpg,1,0.516,0.399,1.347,1.783,1.123,42
data/opis_1/delo_0074/094.jpg,0,0.514,0.078,0.252,1.104,0.244,15
data/opis_1/delo_0074/095.jpg,1,0.481,0.335,1.301,1.567,1.009,46
data/opis_1/delo_0074/096.jpg,0,0.567,0.924,1.799,1.59,2.538,18
data/opis_1/delo_0074/098.jpg,0,0.541,0.74,0.586,1.142,0.309,50
data/opis_1/delo_0074/099.jpg,0,0.604,0.199,0.591,2.054,0.484,65
data/opis_1/delo_0074/100.jpg,0,0.694,0.108,0.717,0.841,0.439,4
data/opis_1/delo_0074/101.jpg,0,0.46,0.658,0.537,1.246,0.162,32
data/opis_1/delo_0074/102.jpg,0,0.421,0.741,0.602,1.272,0.309,33
data/opis_1/delo_0074/104.jpg,0,0.61,1.0,0.617,1.22,0.035,29
data/opis_1/delo_0074/105.jpg,0,0.633,1.0,0.572,1.21,0.034,25
data/opis_1/delo_0074/106.jpg,0,0.674,-0.332,0.619,1.14,0.246,29
data/opis_1/delo_0074/107.jpg,0,0.57,0.416,0.536,1.251,0.029,32
data/opis_1/delo_0074/108.jpg,0,0.578,1.0,0.541,1.093,0.148,31
data/opis_1/delo_0074/109.jpg,0,0.595,0.286,0.546,1.154,0.047,32
data/opis_1/delo_0074/110.jpg,0,0.639,1.0,0.527,1.163,0.057,9
data/opis_1/delo_0040/000.jpg,1,0.523,0.898,1.814,1.048,1.666,8
data/opis_1/delo_0040/001.jpg,1,0.671,1.0,1.897,1.07,1.796,11
data/opis_1/delo_0040/002.jpg,1,0.654,1.0,0.962,1.707,1.402,13
data/opis_1/delo_0040/003.jpg,1,0.84,1.0,2.293,1.474,1.381,18
data/opis_1/delo_0040/004.jpg,1,0.627,1.0,1.436,1.593,1.658,18
data/opis_1/delo_0040/005.jpg,1,0.516,1.0,1.524,1.55,1.427,21
data/opis_1/delo_0040/006.jpg,1,0.639,1.0,1.693,1.365,1.361,9
data/opis_1/delo_0040/007.jpg,1,0.717,1.0,1.667,1.209,1.503,8
data/opis_1/delo_0040/008.jpg,1,0.828,1.0,1.702,1.305,1.255,8
data/opis_1/delo_0040/009.jpg,1,0.556,0.736,1.093,1.284,1.851,11
data/opis_1/delo_0040/010.jpg,1,0.326,0.564,0.928,1.596,1.819,17
data/opis_1/delo_0040/011.jpg,1,0.654,1.0,1.755,1.086,1.474,7
data/opis_1/delo_0040/012.jpg,1,0.611,0.489,1.939,0.944,2.362,15
data/opis_1/delo_0040/013.jpg,1,0.731,1.0,1.53,1.125,1.179,4
data/opis_1/delo_0040/014.jpg,1,0.707,1.0,2.602,1.494,1.982,11
data/opis_1/delo_0040/015.jpg,1,0.877,1.0,1.798,1.321,1.199,7
data/opis_1/delo_0040/016.jpg,1,0.845,1.0,2.048,1.122,1.195,6
data/opis_1/delo_0040/017.jpg,1,0.754,1.0,1.497,1.264,1.102,5
data/opis_1/delo_0040/018.jpg,1,0.772,1.0,2.316,1.399,1.718,28
data/opis_1/delo_0050/000.jpg,1,0.473,0.766,1.565,0.923,1.853,23
data/opis_1/delo_0050/001.jpg,1,0.601,0.685,1.176,1.418,1.644,26
data/opis_1/delo_0050/002.jpg,0,0.749,1.0,1.304,1.418,1.483,24
data/opis_1/delo_0050/003.jpg,1,0.618,0.459,1.146,1.766,0.501,23
data/opis_1/delo_0050/004.jpg,1,0.599,1.0,1.136,1.253,1.145,22
data/opis_1/delo_0050/005.jpg,0,0.678,1.0,1.383,1.629,2.212,21
data/opis_1/delo_0050/006.jpg,1,0.737,1.0,1.237,1.182,1.964,24
data/opis_1/delo_0050/007.jpg,1,0.812,1.0,1.277,1.372,1.243,19
data/opis_1/delo_0050/008.jpg,0,0.779,1.0,1.762,1.254,1.947,16
data/opis_1/delo_0050/009.jpg,1,0.817,1.0,1.608,1.783,1.491,14
data/opis_1/delo_0050/010.jpg,1,0.721,1.0,1.014,1.089,1.962,18
data/opis_1/delo_0050/011.jpg,0,0.617,1.0,1.026,1.185,1.452,24
data/opis_1/delo_0050/012.jpg,1,0.67,1.0,1.17,1.393,2.001,19
data/opis_1/delo_0050/013.jpg,1,0.749,1.0,1.387,1.651,1.901,16
data/opis_1/delo_0050/014.jpg,0,0.806,1.0,1.228,1.608,1.722,18
data/opis_1/delo_0050/015.jpg,0,0.6,1.0,1.1,1.224,1.553,27
data/opis_1/delo_0050/016.jpg,0,0.699,1.0,0.984,1.219,2.024,19
data/opis_1/delo_0050/017.jpg,1,0.753,1.0,1.411,1.487,1.629,15
data/opis_1/delo_0050/018.jpg,0,0.802,1.0,1.36,1.168,1.508,21
data/opis_1/delo_0050/019.jpg,1,0.722,1.0,1.173,1.178,1.146,29
data/opis_1/delo_0050/020.jpg,1,0.743,0.566,1.223,1.485,1.912,11
data/opis_1/delo_0050/021.jpg,1,0.82,1.0,1.834,1.321,1.372,8
data/opis_1/delo_0050/022.jpg,1,0.57,0.924,1.368,1.532,1.309,9
data/opis_1/delo_0050/023.jpg,1,0.61,1.0,1.151,1.477,1.781,19
data/opis_1/delo_0050/024.jpg,1,0.731,1.0,1.188,1.377,2.164,16
data/opis_1/delo_0050/025.jpg,0,0.599,1.0,1.082,1.347,1.21,25
data/opis_1/delo_0050/026.jpg,1,0.659,1.0,1.151,1.334,1.275,22
data/opis_1/delo_0050/027.jpg,0,0.746,1.0,1.24,1.279,1.39,14
data/opis_1/delo_0050/028.jpg,0,0.768,1.0,1.371,1.319,1.317,14
data/opis_1/delo_0050/029.jpg,1,0.711,0.863,1.289,1.77,1.79,11
data/opis_1/delo_0050/030.jpg,1,0.741,1.0,1.438,1.443,1.254,18
data/opis_1/delo_0050/031.jpg,1,0.673,1.0,1.144,1.285,0.959,28
data/opis_1/delo_0050/032.jpg,1,0.692,1.0,0.96,1.284,1.173,25
data/opis_1/delo_0050/033.jpg,1,0.71,1.0,1.086,1.364,1.206,24
data/opis_1/delo_0050/034.jpg,1,0.717,1.0,1.345,1.475,2.102,19
data/opis_1/delo_0050/035.jpg,1,0.61,1.0,0.991,1.139,1.986,26
data/opis_1/delo_0050/036.jpg,1,0.618,0.909,1.149,1.338,1.202,28
data/opis_1/delo_0050/037.jpg,1,0.557,0.772,1.047,1.501,2.433,16
data/opis_1/delo_0050/038.jpg,1,0.785,1.0,1.901,1.582,1.482,12
data/opis_1/delo_0050/039.jpg,0,0.637,1.0,1.181,1.354,2.056,17
data/opis_1/delo_0050/040.jpg,1,0.733,1.0,0.871,1.326,1.355,14
data/opis_1/delo_0050/041.jpg,1,0.684,1.0,1.32,1.251,2.308,13
data/opis_1/delo_0050/042.jpg,0,0.685,1.0,1.055,1.156,1.79,23
data/opis_1/delo_0050/043.jpg,0,0.726,1.0,1.037,1.214,1.926,20
data/opis_1/delo_0050/044.jpg,1,0.646,1.0,1.194,1.224,1.704,21
data/opis_1/delo_0050/045.jpg,1,0.664,1.0,1.239,1.006,1.91,13
data/opis_1/delo_0050/046.jpg,0,0.66,1.0,1.144,1.104,1.745,17
data/opis_1/delo_0050/047.jpg,1,0.742,0.827,1.187,1.33,1.834,16
data/opis_1/delo_0050/048.jpg,1,0.737,0.879,1.412,1.203,1.534,15
data/opis_1/delo_0050/049.jpg,1,0.73,1.0,1.648,1.653,2.33,16
data/opis_1/delo_0050/050.jpg,1,0.729,1.0,1.919,1.505,1.766,16
data/opis_1/delo_0050/051.jpg,0,0.731,1.0,1.026,1.235,1.614,28
data/opis_1/delo_0050/052.jpg,1,0.748,1.0,1.113,1.237,1.156,20
data/opis_1/delo_0050/053.jpg,1,0.661,1.0,1.285,1.406,2.365,17
data/opis_1/delo_0050/054.jpg,1,0.702,1.0,1.279,1.067,1.663,17
data/opis_1/delo_0050/055.jpg,0,0.688,0.835,0.98,1.297,2.061,25
data/opis_1/delo_0050/056.jpg,0,0.705,1.0,1.112,1.313,1.387,20
data/opis_1/delo_0050/057.jpg,1,0.653,0.883,1.195,1.439,1.878,16
data/opis_1/delo_0050/058.jpg,1,0.728,1.0,1.33,1.208,1.784,15
data/opis_1/delo_0050/059.jpg,0,0.707,1.0,0.986,1.245,2.539,18
data/opis_1/delo_0050/060.jpg,1,0.745,1.0,1.258,1.531,2.083,13
data/opis_1/delo_0050/061.jpg,1,0.706,1.0,1.158,1.34,1.665,21
data/opis_1/delo_0050/062.jpg,1,0.815,1.0,1.453,1.337,1.795,9
data/opis_1/delo_0050/064.jpg,1,0.689,1.0,1.11,1.632,0.531,24
data/opis_1/delo_0050/065.jpg,1,0.661,1.0,1.26,1.338,0.804,7
data/opis_1/delo_0050/066.jpg,0,0.718,1.0,1.148,2.049,0.6,43
data/opis_1/delo_0050/067.jpg,0,0.747,1.0,1.097,1.262,1.084,27
data/opis_1/delo_0050/068.jpg,1,0.745,1.0,1.113,1.296,0.66,29
data/opis_1/delo_0050/069.jpg,1,0.681,1.0,1.057,1.208,2.036,24
data/opis_1/delo_0050/070.jpg,0,0.747,1.0,1.197,1.307,1.158,27
data/opis_1/delo_0050/071.jpg,0,0.675,1.0,1.003,1.18,0.756,31
data/opis_1/delo_0050/072.jpg,0,0.708,1.0,1.168,1.47,0.512,32
data/opis_1/delo_0050/073.jpg,0,0.741,1.0,1.152,1.256,1.216,29
data/opis_1/delo_0050/074.jpg,0,0.671,1.0,1.012,1.237,1.04,30
data/opis_1/delo_0050/075.jpg,0,0.702,1.0,0.929,1.373,0.616,35
data/opis_1/delo_0050/076.jpg,0,0.688,1.0,1.038,1.365,0.599,34
data/opis_1/delo_0050/077.jpg,0,0.726,0.815,1.227,1.259,1.735,26
data/opis_1/delo_0050/078.jpg,1,0.686,1.0,1.041,1.256,0.956,29
data/opis_1/delo_0050/079.jpg,0,0.728,1.0,1.086,1.229,1.124,28
data/opis_1/delo_0050/080.jpg,0,0.731,1.0,1.047,1.418,0.696,31
data/opis_1/delo_0050/081.jpg,0,0.697,1.0,1.208,1.349,1.975,12
data/opis_1/delo_0050/082.jpg,0,0.703,1.0,1.296,1.565,1.449,10
data/opis_1/delo_0050/083.jpg,0,0.655,1.0,1.049,1.31,1.534,25
data/opis_1/delo_0050/084.jpg,0,0.716,1.0,1.124,1.303,1.0,26
data/opis_1/delo_0050/085.jpg,1,0.724,1.0,1.055,1.297,1.532,24
data/opis_1/delo_0050/086.jpg,1,0.694,1.0,1.203,1.522,1.342,27
data/opis_1/delo_0050/087.jpg,0,0.672,1.0,0.904,1.387,0.898,27
data/opis_1/delo_0050/088.jpg,0,0.732,1.0,0.967,1.308,1.043,18
data/opis_1/delo_0050/089.jpg,1,0.668,1.0,1.152,1.236,2.154,15
data/opis_1/delo_0050/090.jpg,1,0.651,1.0,1.712,1.379,2.012,10
data/opis_1/delo_0050/091.jpg,1,0.768,0.827,1.332,1.462,2.224,16
data/opis_1/delo_0050/092.jpg,1,0.73,1.0,1.589,1.097,1.997,16
data/opis_1/delo_0050/093.jpg,1,0.787,1.0,1.693,1.991,2.252,15
data/opis_1/delo_0050/094.jpg,0,0.695,1.0,1.312,1.239,1.484,25
data/opis_1/delo_0050/095.jpg,1,0.635,1.0,0.919,1.209,2.282,27
data/opis_1/delo_0050/096.jpg,1,0.538,1.0,1.083,1.177,1.362,20
data/opis_1/delo_0050/097.jpg,1,0.721,1.0,1.099,2.268,2.172,18
data/opis_1/delo_0050/098.jpg,1,0.688,0.867,1.633,1.627,1.606,12
data/opis_1/delo_0050/099.jpg,1,0.613,0.821,1.18,1.314,1.784,28
data/opis_1/delo_0050/100.jpg,1,0.634,1.0,0.909,1.475,1.533,14
data/opis_1/delo_0050/101.jpg,1,0.598,1.0,1.144,1.28,1.983,15
data/opis_1/delo_0050/102.jpg,1,0.644,1.0,1.056,1.28,1.378,26
data/opis_1/delo_0050/103.jpg,1,0.759,1.0,1.182,1.326,1.876,19
data/opis_1/delo_0050/104.jpg,1,0.65,1.0,1.042,1.148,1.533,20
data/opis_1/delo_0050/105.jpg,1,0.563,1.0,0.973,1.253,2.067,19
data/opis_1/delo_0050/106.jpg,0,0.706,1.0,1.546,1.238,1.607,15
data/opis_1/delo_0050/107.jpg,1,0.768,1.0,1.162,1.201,1.984,10
data/opis_1/delo_0050/108.jpg,1,0.681,1.0,0.994,1.249,1.687,19
data/opis_1/delo_0050/109.jpg,1,0.734,1.0,1.784,1.383,2.091,10
data/opis_1/delo_0050/110.jpg,1,0.646,1.0,1.418,1.438,1.825,9
data/opis_1/delo_0050/111.jpg,1,0.727,1.0,0.928,1.301,1.927,19
data/opis_1/delo_0050/112.jpg,1,0.798,1.0,1.766,1.223,1.651,16
data/opis_1/delo_0050/113.jpg,1,0.781,1.0,1.502,1.468,2.049,13
data/opis_1/delo_0050/114.jpg,1,0.552,1.0,1.034,1.184,2.008,11
data/opis_1/delo_0050/115.jpg,1,0.796,1.0,1.203,1.288,1.966,20
data/opis_1/delo_0050/116.jpg,1,0.669,1.0,1.297,1.128,1.536,20
data/opis_1/delo_0050/117.jpg,1,0.632,1.0,1.128,1.312,2.168,21
data/opis_1/delo_0050/118.jpg,1,0.667,1.0,1.137,1.23,1.768,19
data/opis_1/delo_0050/119.jpg,1,0.64,1.0,1.041,1.325,2.272,16
data/opis_1/delo_0050/120.jpg,1,0.661,0.783,1.262,1.664,1.196,18
data/opis_1/delo_0281/000.jpg,0,0.597,0.58,1.342,1.389,1.768,21
data/opis_1/delo_0281/001.jpg,1,0.525,0.491,0.334,1.517,0.278,26
data/opis_1/delo_0281/002.jpg,0,0.46,0.115,0.253,0.982,0.031,29
data/opis_1/delo_0281/003.jpg,0,0.416,0.156,0.271,1.005,0.158,28
data/opis_1/delo_0281/004.jpg,0,0.467,0.193,0.312,1.375,0.267,32
data/opis_1/delo_0281/005.jpg,0,0.397,0.204,0.254,1.02,0.051,29
data/opis_1/delo_0281/006.jpg,0,0.417,0.282,0.15,0.974,0.19,7
data/opis_1/delo_0281/007.jpg,1,0.727,0.842,1.996,1.224,1.461,20
data/opis_1/delo_0281/008.jpg,1,0.7,1.0,1.352,1.808,2.002,12
data/opis_1/delo_0064/000.jpg,1,0.656,0.868,2.065,1.604,1.202,16
data/opis_1/delo_0064/001.jpg,1,0.423,0.551,0.312,0.987,0.312,30
data/opis_1/delo_0064/002.jpg,1,0.386,0.436,0.398,1.285,0.402,33
data/opis_1/delo_0064/003.jpg,1,0.439,-0.029,0.953,1.347,0.915,35
data/opis_1/delo_0064/004.jpg,1,0.391,0.189,0.386,1.323,0.328,34
data/opis_1/delo_0064/005.jpg,0,0.415,0.478,0.394,1.418,0.185,31
data/opis_1/delo_0064/006.jpg,1,0.365,0.289,0.397,1.226,0.701,33
data/opis_1/delo_0064/007.jpg,1,0.423,0.353,0.524,1.22,0.57,37
data/opis_1/delo_0064/008.jpg,1,0.322,0.229,0.39,1.528,0.28,33
data/opis_1/delo_0064/009.jpg,0,0.387,0.472,0.356,0.984,0.262,35
data/opis_1/delo_0064/010.jpg,1,0.395,0.305,0.454,1.536,0.669,35
data/opis_1/delo_0064/011.jpg,1,0.382,0.274,0.378,1.36,0.43,39
data/opis_1/delo_0064/012.jpg,1,0.567,1.0,0.993,1.293,1.108,23
data/opis_1/delo_0064/013.jpg,1,0.634,0.957,1.214,1.925,0.56,33
data/opis_1/delo_0064/014.jpg,1,0.342,0.333,0.44,1.303,0.517,39
data/opis_1/delo_0064/015.jpg,0,0.386,0.37,0.452,1.489,0.438,33
data/opis_1/delo_0064/016.jpg,1,0.371,0.331,0.343,1.067,0.241,34
data/opis_1/delo_0064/017.jpg,0,0.345,0.329,0.406,1.211,0.336,39
data/opis_1/delo_0064/018.jpg,0,0.366,0.586,0.329,1.656,0.262,29
data/opis_1/delo_0064/019.jpg,1,0.413,0.391,0.493,1.768,0.461,31
data/opis_1/delo_0064/020.jpg,0,0.507,0.795,1.257,1.387,0.529,38
data/opis_1/delo_0064/021.jpg,1,0.256,0.274,0.861,1.277,1.435,37
data/opis_1/delo_0064/022.jpg,1,0.433,0.377,0.948,1.363,1.313,28
data/opis_1/delo_0064/023.jpg,0,0.385,0.422,0.255,0.942,0.144,32
data/opis_1/delo_0064/024.jpg,1,0.426,0.387,0.303,1.43,0.552,28
data/opis_1/delo_0064/025.jpg,0,0.475,0.153,0.283,0.894,0.256,26
data/opis_1/delo_0064/026.jpg,0,0.485,-0.057,0.392,1.642,0.864,29
data/opis_1/delo_0064/027.jpg,0,0.487,0.069,0.43,1.704,0.388,29
data/opis_1/delo_0064/028.jpg,1,0.441,0.162,0.421,1.543,0.446,30
data/opis_1/delo_0064/029.jpg,0,0.799,1.0,1.809,1.75,1.72,17
data/opis_1/delo_0064/030.jpg,0,0.444,0.098,0.238,1.077,0.273,33
data/opis_1/delo_0064/031.jpg,1,0.422,0.31,0.396,1.116,0.383,34
data/opis_1/delo_0064/032.jpg,0,0.523,0.284,0.385,1.186,0.362,34
data/opis_1/delo_0064/033.jpg,0,0.385,0.447,0.255,0.914,0.188,29
data/opis_1/delo_0064/034.jpg,0,0.496,0.191,0.578,1.517,0.745,27
data/opis_1/delo_0064/035.jpg,1,0.475,0.181,0.392,1.3,0.428,32
data/opis_1/delo_0064/036.jpg,0,0.533,0.413,0.774,1.58,0.799,26
data/opis_1/delo_0064/037.jpg,0,0.446,0.286,0.687,1.842,0.331,22
data/opis_1/delo_0064/038.jpg,0,0.412,0.277,0.515,1.307,0.352,20
data/opis_1/delo_0064/039.jpg,1,0.435,0.432,0.831,1.355,0.63,19
data/opis_1/delo_0064/040.jpg,0,0.449,0.48,0.903,1.406,0.599,26
data/opis_1/delo_0064/041.jpg,0,0.49,0.155,0.622,1.164,0.472,22
data/opis_1/delo_0064/042.jpg,0,0.413,0.199,0.453,1.386,0.374,19
data/opis_1/delo_0064/043.jpg,0,0.383,0.376,0.762,1.319,0.472,23
data/opis_1/delo_0064/044.jpg,0,0.399,0.456,0.711,1.255,0.294,20
data/opis_1/delo_0064/045.jpg,0,0.389,0.407,0.719,1.333,0.598,19
data/opis_1/delo_0064/046.jpg,0,0.425,0.171,0.832,1.299,0.389,16
data/opis_1/delo_0064/047.jpg,0,0.361,0.349,0.549,1.304,0.306,20
data/opis_1/delo_0064/048.jpg,0,0.384,0.791,0.581,1.262,0.246,22
data/opis_1/delo_0064/049.jpg,0,0.42,0.29,0.477,1.38,0.166,15
data/opis_1/delo_0064/050.jpg,0,0.463,0.32,0.205,0.913,0.306,30
data/opis_1/delo_0064/051.jpg,0,0.438,0.126,0.25,0.909,0.046,29
data/opis_1/delo_0064/052.jpg,0,0.439,0.124,0.231,0.862,0.136,26
data/opis_1/delo_0064/053.jpg,0,0.467,0.318,0.27,0.897,0.205,31
data/opis_1/delo_0064/054.jpg,0,0.419,0.192,0.278,0.877,0.107,27
data/opis_1/delo_0064/055.jpg,0,0.423,0.361,0.225,0.89,0.116,30
data/opis_1/delo_0064/056.jpg,0,0.404,-0.094,0.234,0.879,0.103,28
data/opis_1/delo_0064/057.jpg,0,0.412,0.123,0.258,0.902,0.038,29
data/opis_1/delo_0064/058.jpg,0,0.484,0.222,0.292,0.929,0.326,31
data/opis_1/delo_0064/059.jpg,0,0.434,0.093,0.226,0.884,0.206,30
data/opis_1/delo_0064/060.jpg,0,0.386,0.3,0.204,0.902,0.117,28
data/opis_1/delo_0064/061.jpg,0,0.444,0.163,0.237,0.899,0.363,31
data/opis_1/delo_0064/062.jpg,0,0.411,0.053,0.28,0.885,0.277,31
data/opis_1/delo_0064/063.jpg,0,0.393,0.418,0.239,0.865,0.156,31
data/opis_1/delo_0064/064.jpg,0,0.407,0.464,0.271,0.938,0.093,27
data/opis_1/delo_0064/065.jpg,0,0.455,0.242,0.276,1.025,0.283,27
data/opis_1/delo_0064/066.jpg,0,0.396,0.369,0.341,1.013,0.44,32
data/opis_1/delo_0064/067.jpg,0,0.392,0.283,0.265,1.063,0.113,32
data/opis_1/delo_0064/068.jpg,0,0.435,0.285,0.244,0.97,0.175,26
data/opis_1/delo_0064/069.jpg,0,0.504,0.165,0.256,1.015,0.281,27
data/opis_1/delo_0064/070.jpg,0,0.462,-0.045,0.303,1.046,0.407,28
data/opis_1/delo_0064/071.jpg,0,0.484,0.095,0.366,0.927,0.345,27
data/opis_1/delo_0064/072.jpg,0,0.384,0.378,0.222,0.903,0.297,30
data/opis_1/delo_0064/073.jpg,0,0.399,0.085,0.288,1.159,0.261,30
data/opis_1/delo_0064/074.jpg,1,0.512,0.288,0.303,1.208,0.324,32
data/opis_1/delo_0064/075.jpg,0,0.388,0.348,0.265,0.948,0.225,30
data/opis_1/delo_0064/076.jpg,0,0.532,0.22,0.472,1.455,0.396,25
data/opis_1/delo_0064/077.jpg,0,0.482,0.141,0.401,1.254,0.33,32
data/opis_1/delo_0064/078.jpg,0,0.501,0.142,0.298,0.991,0.223,28
data/opis_1/delo_0064/079.jpg,0,0.464,0.084,0.264,0.887,0.067,29
data/opis_1/delo_0064/080.jpg,0,0.428,0.087,0.225,0.955,0.072,25
data/opis_1/delo_0064/081.jpg,0,0.463,0.393,0.267,0.977,0.134,30
data/opis_1/delo_0064/082.jpg,0,0.403,0.093,0.304,0.922,0.184,28
data/opis_1/delo_0064/083.jpg,0,0.443,0.183,0.238,0.918,0.138,30
data/opis_1/delo_0064/084.jpg,0,0.413,0.037,0.276,1.036,0.107,28
data/opis_1/delo_0064/085.jpg,0,0.403,0.115,0.28,0.932,0.076,29
data/opis_1/delo_0064/086.jpg,0,0.489,0.162,0.337,1.143,0.259,29
data/opis_1/delo_0064/087.jpg,0,0.454,0.126,0.224,0.909,0.204,30
data/opis_1/delo_0064/088.jpg,0,0.402,0.384,0.25,0.891,0.212,29
data/opis_1/delo_0064/089.jpg,0,0.425,0.163,0.284,0.927,0.254,28
data/opis_1/delo_0064/090.jpg,0,0.394,0.045,0.283,0.905,0.333,33
data/opis_1/delo_0064/091.jpg,0,0.38,0.391,0.32,0.993,0.114,30
data/opis_1/delo_0064/092.jpg,0,0.405,0.504,0.272,0.891,0.066,27
data/opis_1/delo_0064/093.jpg,0,0.434,0.395,0.319,1.027,0.3,27
data/opis_1/delo_0064/094.jpg,0,0.419,0.103,0.269,0.966,0.207,34
data/opis_1/delo_0064/095.jpg,0,0.434,0.008,0.258,0.94,0.285,28
data/opis_1/delo_0064/096.jpg,0,0.489,0.183,0.308,0.927,0.279,27
data/opis_1/delo_0064/097.jpg,0,0.504,0.231,0.398,1.162,0.368,27
data/opis_1/delo_0064/098.jpg,0,0.505,0.152,0.417,1.129,0.266,25
data/opis_1/delo_0064/099.jpg,0,0.422,0.256,0.267,0.89,0.222,29
data/opis_1/delo_0064/100.jpg,0,0.413,0.142,0.271,0.878,0.256,28
data/opis_1/delo_0064/101.jpg,0,0.535,0.203,0.452,1.426,0.369,34
data/opis_1/delo_0064/102.jpg,0,0.4,0.258,0.279,0.888,0.06,28
data/opis_1/delo_0064/103.jpg,0,0.539,0.147,0.668,1.319,0.564,29
data/opis_1/delo_0064/104.jpg,0,0.478,0.057,0.38,1.208,0.251,30
data/opis_1/delo_0064/105.jpg,0,0.594,0.217,0.663,1.439,0.525,22
data/opis_1/delo_0064/106.jpg,0,0.408,0.313,0.29,1.103,0.304,20
data/opis_1/delo_0064/107.jpg,0,0.436,0.144,0.412,1.189,0.297,17
data/opis_1/delo_0064/108.jpg,0,0.502,0.361,0.438,1.393,0.397,20
data/opis_1/delo_0064/109.jpg,0,0.495,0.522,0.903,1.459,1.129,16
data/opis_1/delo_0064/110.jpg,0,0.512,0.167,0.768,1.402,1.074,17
data/opis_1/delo_0064/111.jpg,0,0.45,0.244,0.371,1.086,0.277,17
data/opis_1/delo_0064/112.jpg,0,0.462,0.308,0.484,1.301,0.403,20
data/opis_1/delo_0064/113.jpg,0,0.423,0.4,0.494,1.198,0.102,17
data/opis_1/delo_0064/114.jpg,0,0.471,0.464,0.456,1.352,0.182,17
data/opis_1/delo_0064/115.jpg,0,0.494,0.404,0.661,1.396,0.271,12
data/opis_1/delo_0064/116.jpg,0,0.41,0.492,0.518,1.292,0.382,21
data/opis_1/delo_0064/117.jpg,0,0.433,0.839,0.36,1.411,0.092,19
data/opis_1/delo_0064/118.jpg,0,0.484,0.018,0.429,1.371,0.204,15
data/opis_1/delo_0064/119.jpg,0,0.568,0.38,0.548,1.416,0.336,18
data/opis_1/delo_0064/120.jpg,0,0.427,0.309,0.275,1.116,0.322,21
data/opis_1/delo_0064/121.jpg,0,0.408,0.128,0.304,1.19,0.343,18
data/opis_1/delo_0064/122.jpg,0,0.494,0.353,0.444,1.439,0.432,20
data/opis_1/delo_0064/123.jpg,0,0.479,0.411,0.933,1.337,1.435,18
data/opis_1/delo_0064/124.jpg,1,0.525,0.118,0.586,1.272,0.422,20
data/opis_1/delo_0064/125.jpg,1,0.44,0.245,0.34,1.075,0.275,17
data/opis_1/delo_0064/126.jpg,0,0.454,0.308,0.378,1.242,0.41,20
data/opis_1/delo_0064/127.jpg,0,0.429,1.0,0.569,1.237,0.068,17
data/opis_1/delo_0064/128.jpg,0,0.477,0.479,0.418,1.264,0.253,18
data/opis_1/delo_0064/129.jpg,0,0.503,0.718,0.728,1.36,0.231,13
data/opis_1/delo_0064/130.jpg,0,0.409,1.0,0.405,1.231,0.27,18
data/opis_1/delo_0064/131.jpg,0,0.461,1.0,0.445,1.275,0.061,19
data/opis_1/delo_0064/132.jpg,0,0.676,1.0,1.17,1.318,0.187,15
data/opis_1/delo_0064/133.jpg,0,0.454,0.564,0.27,1.034,0.233,32
data/opis_1/delo_0064/134.jpg,0,0.435,0.134,0.264,1.11,0.237,31
data/opis_1/delo_0035/000.jpg,0,0.738,1.0,0.87,1.584,0.945,16
data/opis_1/delo_0035/001.jpg,1,0.912,1.0,2.414,1.477,0.504,4
data/opis_1/delo_0035/002.jpg,0,0.739,0.802,2.172,2.059,1.874,7
data/opis_1/delo_0035/003.jpg,1,0.846,0.889,2.611,1.52,0.648,5
data/opis_1/delo_0035/004.jpg,1,0.828,1.0,1.717,2.371,1.577,14
data/opis_1/delo_0035/006.jpg,0,0.816,1.0,1.21,1.187,0.875,26
data/opis_1/delo_0035/007.jpg,0,0.735,1.0,1.056,1.241,0.245,29
data/opis_1/delo_0035/008.jpg,1,0.789,1.0,1.171,1.249,0.398,32
data/opis_1/delo_0035/009.jpg,1,0.78,1.0,1.153,1.433,0.52,33
data/opis_1/delo_0035/010.jpg,0,0.748,1.0,1.129,1.19,0.746,25
data/opis_1/delo_0035/011.jpg,1,0.791,1.0,1.138,1.397,0.106,26
data/opis_1/delo_0035/012.jpg,1,0.777,1.0,1.194,1.325,0.646,25
data/opis_1/delo_0035/013.jpg,0,0.758,1.0,1.043,1.19,0.275,29
data/opis_1/delo_0035/014.jpg,1,0.732,1.0,0.945,1.55,0.366,30
data/opis_1/delo_0035/015.jpg,0,0.767,1.0,1.069,1.314,0.17,23
data/opis_1/delo_0035/016.jpg,0,0.838,0.886,1.741,2.46,1.684,17
data/opis_1/delo_0035/017.jpg,0,0.722,1.0,0.97,1.459,0.725,26
data/opis_1/delo_0035/018.jpg,1,0.777,1.0,1.252,1.681,1.256,27
data/opis_1/delo_0035/019.jpg,0,0.748,1.0,1.001,1.427,1.002,27
data/opis_1/delo_0035/020.jpg,0,0.769,1.0,1.213,1.091,1.372,21
data/opis_1/delo_0035/021.jpg,0,0.725,1.0,1.059,1.328,1.004,27
data/opis_1/delo_0035/022.jpg,1,0.595,1.0,1.67,1.323,1.844,19
data/opis_1/delo_0035/023.jpg,0,0.73,1.0,1.026,1.319,1.175,11
data/opis_1/delo_0035/024.jpg,0,0.816,1.0,1.205,1.257,1.362,21
data/opis_1/delo_0035/025.jpg,0,0.76,1.0,1.196,1.231,1.513,20
data/opis_1/delo_0035/026.jpg,0,0.735,1.0,1.222,1.412,0.61,26
data/opis_1/delo_0035/027.jpg,1,0.652,1.0,1.088,1.352,0.644,23
data/opis_1/delo_0035/028.jpg,1,0.723,1.0,1.002,1.404,1.058,21
data/opis_1/delo_0035/029.jpg,0,0.783,1.0,1.071,1.115,1.138,25
data/opis_1/delo_0035/030.jpg,0,0.71,1.0,1.015,1.291,1.022,26
data/opis_1/delo_0035/031.jpg,0,0.736,1.0,1.007,1.18,1.548,27
data/opis_1/delo_0035/032.jpg,0,0.756,1.0,1.05,1.354,0.554,26
data/opis_1/delo_0035/033.jpg,0,0.685,1.0,1.039,1.341,1.365,28
data/opis_1/delo_0035/034.jpg,0,0.651,1.0,1.082,1.459,0.595,27
data/opis_1/delo_0035/035.jpg,1,0.757,1.0,1.038,1.322,0.836,28
data/opis_1/delo_0035/036.jpg,1,0.634,1.0,0.976,1.444,0.615,30
data/opis_1/delo_0035/037.jpg,1,0.64,1.0,1.034,1.147,1.681,14
data/opis_1/delo_0035/038.jpg,0,0.724,1.0,1.323,1.934,1.068,32
data/opis_1/delo_0035/039.jpg,1,0.645,0.012,1.459,1.412,1.74,11
data/opis_1/delo_0035/041.jpg,0,0.701,1.0,1.042,1.698,1.607,21
data/opis_1/delo_0035/042.jpg,1,0.831,1.0,1.637,1.14,1.526,11
data/opis_1/delo_0035/043.jpg,1,0.691,1.0,1.246,1.39,1.375,27
data/opis_1/delo_0035/044.jpg,1,0.621,0.771,1.155,1.449,1.957,26
data/opis_1/delo_0035/045.jpg,1,0.721,1.0,1.729,1.819,0.467,6
data/opis_1/delo_0035/047.jpg,1,0.705,1.0,1.112,1.266,1.453,22
data/opis_1/delo_0035/048.jpg,0,0.841,1.0,1.39,1.223,1.131,18
data/opis_1/delo_0035/049.jpg,1,0.717,1.0,1.246,1.322,1.504,22
data/opis_1/delo_0035/050.jpg,0,0.813,1.0,1.303,1.156,1.134,18
data/opis_1/delo_0035/051.jpg,0,0.684,1.0,0.978,1.316,1.079,26
data/opis_1/delo_0035/052.jpg,1,0.712,1.0,1.085,1.478,1.469,23
data/opis_1/delo_0035/053.jpg,1,0.773,0.916,2.165,1.395,1.651,7
data/opis_1/delo_0035/054.jpg,0,0.683,1.0,1.103,2.148,1.074,28
data/opis_1/delo_0035/055.jpg,1,0.739,1.0,1.033,1.35,0.941,18
data/opis_1/delo_0035/056.jpg,0,0.733,1.0,1.022,1.671,1.283,21
data/opis_1/delo_0035/057.jpg,0,0.771,1.0,0.956,1.278,1.161,26
data/opis_1/delo_0035/058.jpg,1,0.69,1.0,1.11,1.519,0.463,18
data/opis_1/delo_0035/059.jpg,0,0.779,1.0,1.179,1.439,0.505,25
data/opis_1/delo_0035/060.jpg,0,0.747,1.0,1.004,1.403,1.112,32
data/opis_1/delo_0035/062.jpg,0,0.766,1.0,1.162,1.71,0.551,30
data/opis_1/delo_0035/063.jpg,0,0.699,1.0,1.097,1.506,0.276,28
data/opis_1/delo_0035/064.jpg,1,0.58,0.356,0.975,1.478,0.918,40
data/opis_1/delo_0035/065.jpg,1,0.661,1.0,1.035,1.779,0.779,29
data/opis_1/delo_0035/066.jpg,0,0.471,0.697,0.905,1.086,0.625,34
data/opis_1/delo_0035/067.jpg,0,0.727,1.0,1.095,1.512,0.367,29
data/opis_1/delo_0035/068.jpg,0,0.75,1.0,1.177,1.256,1.137,23
data/opis_1/delo_0035/069.jpg,0,0.776,1.0,1.541,1.319,1.229,27
data/opis_1/delo_0035/070.jpg,0,0.76,1.0,1.106,1.424,0.547,27
data/opis_1/delo_0035/071.jpg,0,0.738,1.0,1.102,1.088,1.479,22
data/opis_1/delo_0035/072.jpg,0,0.753,1.0,1.194,1.848,0.395,27
data/opis_1/delo_0035/073.jpg,0,0.764,1.0,1.097,1.161,1.38,25
data/opis_1/delo_0035/074.jpg,1,0.694,1.0,1.218,1.346,0.95,28
data/opis_1/delo_0035/075.jpg,1,0.656,1.0,0.965,1.191,1.724,26
data/opis_1/delo_0035/076.jpg,1,0.726,1.0,1.136,1.479,0.738,26
data/opis_1/delo_0035/077.jpg,1,0.835,1.0,1.13,1.216,0.983,23
data/opis_1/delo_0035/078.jpg,1,0.715,0.912,1.164,1.338,1.32,30
data/opis_1/delo_0035/079.jpg,1,0.699,1.0,1.185,1.341,1.371,25
data/opis_1/delo_0035/080.jpg,0,0.729,1.0,1.116,1.315,0.478,28
data/opis_1/delo_0035/081.jpg,1,0.769,1.0,1.217,1.271,0.908,25
data/opis_1/delo_0035/082.jpg,0,0.708,1.0,1.121,1.471,0.694,28
data/opis_1/delo_0035/083.jpg,0,0.676,1.0,1.011,1.296,1.032,29
data/opis_1/delo_0035/084.jpg,1,0.711,1.0,1.144,1.478,0.97,28
data/opis_1/delo_0035/085.jpg,0,0.818,1.0,1.088,1.227,1.183,28
data/opis_1/delo_0035/086.jpg,0,0.752,1.0,1.13,1.537,0.654,27
data/opis_1/delo_0035/087.jpg,0,0.776,1.0,0.925,1.267,1.425,23
data/opis_1/delo_0035/088.jpg,1,0.745,1.0,1.054,1.462,0.45,26
data/opis_1/delo_0035/089.jpg,1,0.767,1.0,1.185,1.172,1.377,26
data/opis_1/delo_0035/090.jpg,1,0.754,1.0,1.083,1.301,0.756,25
data/opis_1/delo_0035/091.jpg,1,0.793,1.0,1.425,1.249,1.339,15
data/opis_1/delo_0035/092.jpg,1,0.699,1.0,1.091,1.474,1.434,16
data/opis_1/delo_0035/093.jpg,0,0.802,1.0,1.667,1.157,1.553,18
data/opis_1/delo_0035/094.jpg,0,0.824,0.826,1.814,1.402,1.756,22
data/opis_1/delo_0035/095.jpg,0,0.634,1.0,0.994,1.436,1.674,28
data/opis_1/delo_0035/096.jpg,0,0.713,1.0,1.632,1.31,1.764,11
data/opis_1/delo_0035/097.jpg,0,0.718,1.0,1.133,1.301,1.427,23
data/opis_1/delo_0035/098.jpg,1,0.844,1.0,1.658,1.348,1.44,15
data/opis_1/delo_0035/099.jpg,0,0.664,1.0,0.83,1.308,1.021,30
data/opis_1/delo_0035/100.jpg,0,0.583,1.0,1.063,1.099,1.855,23
data/opis_1/delo_0035/101.jpg,0,0.676,1.0,0.954,1.385,1.818,20
data/opis_1/delo_0035/102.jpg,0,0.748,1.0,1.436,1.227,1.684,18
data/opis_1/delo_0035/103.jpg,0,0.683,1.0,1.039,1.282,1.338,20
data/opis_1/delo_0035/104.jpg,0,0.754,1.0,1.494,1.42,1.773,15
data/opis_1/delo_0035/105.jpg,1,0.626,1.0,0.913,1.448,1.724,23
data/opis_1/delo_0035/106.jpg,0,0.731,1.0,1.472,1.368,1.691,13
data/opis_1/delo_0035/107.jpg,1,0.608,1.0,1.122,1.647,1.381,14
data/opis_1/delo_0035/108.jpg,1,0.8,0.596,1.497,1.173,1.599,9
data/opis_1/delo_0035/109.jpg,0,0.775,1.0,0.926,1.65,1.124,11
data/opis_1/delo_0035/110.jpg,0,0.764,1.0,1.1,1.224,1.057,20
data/opis_1/delo_0035/111.jpg,0,0.709,1.0,1.138,1.375,0.363,28
data/opis_1/delo_0035/112.jpg,1,0.726,0.913,1.204,1.308,1.03,31
data/opis_1/delo_0035/113.jpg,1,0.711,1.0,0.926,1.402,0.69,32
data/opis_1/delo_0035/114.jpg,0,0.8,1.0,1.395,1.191,1.392,15
data/opis_1/delo_0035/115.jpg,1,0.717,1.0,1.091,1.411,0.956,24
data/opis_1/delo_0035/116.jpg,0,0.773,1.0,1.066,1.314,0.973,25
data/opis_1/delo_0035/117.jpg,0,0.674,1.0,1.036,1.388,0.916,27
data/opis_1/delo_0035/118.jpg,1,0.687,1.0,1.076,1.141,1.783,19
data/opis_1/delo_0035/119.jpg,1,0.731,1.0,1.03,1.354,1.027,30
data/opis_1/delo_0035/120.jpg,0,0.712,1.0,1.076,1.256,1.36,28
data/opis_1/delo_0035/121.jpg,0,0.724,1.0,1.077,1.498,0.457,27
data/opis_1/delo_0035/122.jpg,0,0.82,0.902,1.12,1.419,0.994,24
data/opis_1/delo_0035/123.jpg,0,0.676,1.0,0.987,1.578,0.3,26
data/opis_1/delo_0035/124.jpg,0,0.795,1.0,1.231,1.26,1.044,28
data/opis_1/delo_0035/125.jpg,1,0.671,1.0,1.063,1.508,0.549,29
data/opis_1/delo_0035/126.jpg,1,0.799,1.0,1.032,1.179,0.7,29
data/opis_1/delo_0035/127.jpg,0,0.726,1.0,1.03,1.429,0.458,29
data/opis_1/delo_0035/128.jpg,1,0.739,1.0,1.319,1.329,1.106,25
data/opis_1/delo_0035/129.jpg,0,0.698,1.0,0.954,1.375,1.103,23
data/opis_1/delo_0035/130.jpg,1,0.841,1.0,1.555,1.226,1.423,24
data/opis_1/delo_0035/131.jpg,1,0.797,1.0,1.248,1.467,1.231,30
data/opis_1/delo_0035/132.jpg,1,0.746,1.0,1.196,1.427,0.565,25
data/opis_1/delo_0035/133.jpg,1,0.752,1.0,1.18,1.409,0.731,24
data/opis_1/delo_0035/134.jpg,0,0.755,1.0,1.033,1.566,0.634,26
data/opis_1/delo_0035/135.jpg,0,0.783,1.0,1.29,1.304,1.223,22
data/opis_1/delo_0035/136.jpg,0,0.732,1.0,1.013,1.217,0.965,20
data/opis_1/delo_0035/137.jpg,0,0.812,1.0,1.5,1.426,0.903,23
data/opis_1/delo_0035/138.jpg,0,0.742,1.0,0.987,1.504,0.626,20
data/opis_1/delo_0035/139.jpg,0,0.742,1.0,1.121,1.488,0.771,30
data/opis_1/delo_0035/140.jpg,1,0.704,0.535,1.102,1.511,0.397,28
data/opis_1/delo_0035/141.jpg,0,0.764,1.0,1.109,1.418,0.516,28
data/opis_1/delo_0035/142.jpg,0,0.68,1.0,0.977,2.476,0.965,27
data/opis_1/delo_0035/143.jpg,1,0.744,1.0,1.266,1.831,1.417,20
data/opis_1/delo_0035/144.jpg,0,0.746,1.0,1.187,1.472,0.767,23
data/opis_1/delo_0035/145.jpg,1,0.588,1.0,1.364,1.037,1.41,16
data/opis_1/delo_0035/146.jpg,0,0.675,1.0,1.088,1.634,1.623,21
data/opis_1/delo_0035/147.jpg,1,0.785,1.0,1.192,1.838,0.92,28
data/opis_1/delo_0035/148.jpg,1,0.735,1.0,1.143,1.585,0.169,27
data/opis_1/delo_0035/149.jpg,1,0.776,1.0,1.426,1.49,0.448,28
data/opis_1/delo_0035/150.jpg,1,0.746,1.0,1.189,1.487,0.233,27
data/opis_1/delo_0035/151.jpg,0,0.738,1.0,1.084,1.405,1.066,27
data/opis_1/delo_0035/152.jpg,0,0.677,1.0,1.069,1.523,0.247,24
data/opis_1/delo_0035/153.jpg,0,0.709,1.0,1.074,1.205,0.937,26
data/opis_1/delo_0035/154.jpg,0,0.715,1.0,1.175,1.461,0.627,25
data/opis_1/delo_0035/155.jpg,1,0.797,1.0,1.395,1.243,0.996,29
data/opis_1/delo_0035/156.jpg,1,0.671,0.831,1.048,1.442,0.675,34
data/opis_1/delo_0035/157.jpg,0,0.715,1.0,1.128,1.3,0.819,29
data/opis_1/delo_0035/158.jpg,0,0.717,1.0,1.061,1.614,0.309,26
data/opis_1/delo_0035/159.jpg,1,0.733,1.0,1.254,1.447,0.974,30
data/opis_1/delo_0035/160.jpg,0,0.71,1.0,1.082,1.287,0.739,25
data/opis_1/delo_0035/161.jpg,1,0.694,1.0,1.01,1.217,1.11,34
data/opis_1/delo_0035/162.jpg,0,0.741,1.0,1.119,1.513,0.752,22
data/opis_1/delo_0035/163.jpg,0,0.731,1.0,1.025,1.34,1.066,25
data/opis_1/delo_0035/164.jpg,1,0.753,1.0,1.12,1.487,0.211,24
data/opis_1/delo_0035/165.jpg,1,0.742,0.307,1.201,1.255,1.109,27
data/opis_1/delo_0035/166.jpg,1,0.707,1.0,1.176,1.4,0.412,29
data/opis_1/delo_0035/167.jpg,1,0.78,1.0,1.115,1.221,1.126,28
data/opis_1/delo_0035/168.jpg,0,0.671,1.0,1.032,1.409,0.751,26
data/opis_1/delo_0035/169.jpg,1,0.718,1.0,1.012,1.311,1.145,30
data/opis_1/delo_0035/170.jpg,0,0.7,1.0,0.954,1.28,1.065,32
data/opis_1/delo_0035/171.jpg,1,0.609,1.0,1.432,1.16,1.768,21
data/opis_1/delo_0035/172.jpg,0,0.655,0.727,1.062,1.205,0.582,31
data/opis_1/delo_0035/173.jpg,1,0.619,1.0,1.373,1.373,1.813,17
data/opis_1/delo_0035/174.jpg,0,0.743,1.0,1.095,1.896,1.133,20
data/opis_1/delo_0035/175.jpg,0,0.766,1.0,1.222,1.126,1.572,17
data/opis_1/delo_0035/176.jpg,1,0.667,1.0,0.944,1.279,0.774,29
data/opis_1/delo_0035/177.jpg,0,0.639,1.0,1.139,1.196,1.346,24
data/opis_1/delo_0035/178.jpg,0,0.623,1.0,0.856,2.401,1.107,28
data/opis_1/delo_0035/179.jpg,1,0.838,1.0,1.624,1.492,1.63,12
data/opis_1/delo_0035/180.jpg,1,0.618,1.0,1.06,1.184,0.932,30
data/opis_1/delo_0035/181.jpg,1,0.545,1.0,1.031,1.153,1.233,33
data/opis_1/delo_0035/182.jpg,0,0.704,1.0,0.845,1.598,0.919,28
data/opis_1/delo_0035/183.jpg,1,0.75,1.0,0.978,1.439,0.97,28
data/opis_1/delo_0035/184.jpg,1,0.681,1.0,1.056,1.336,0.777,26
data/opis_1/delo_0035/185.jpg,1,0.715,1.0,1.283,1.492,1.538,22
data/opis_1/delo_0035/186.jpg,1,0.684,1.0,0.978,1.814,0.458,27
data/opis_1/delo_0035/187.jpg,1,0.737,1.0,1.089,1.265,0.19,25
data/opis_1/delo_0035/188.jpg,0,0.718,0.951,1.112,1.385,0.198,25
data/opis_1/delo_0035/189.jpg,1,0.717,1.0,1.092,1.529,1.519,23
data/opis_1/delo_0035/190.jpg,0,0.654,1.0,0.921,1.225,0.745,28
data/opis_1/delo_0035/191.jpg,0,0.657,1.0,1.244,1.148,1.392,29
data/opis_1/delo_0035/192.jpg,1,0.694,1.0,1.018,1.254,0.783,32
data/opis_1/delo_0035/193.jpg,1,0.8,1.0,1.332,1.152,1.327,15
data/opis_1/delo_0035/194.jpg,1,0.672,1.0,1.142,1.264,1.321,27
data/opis_1/delo_0035/196.jpg,1,0.779,1.0,1.409,1.766,1.321,25
data/opis_1/delo_0035/197.jpg,0,0.746,0.806,1.049,1.255,0.39,28
data/opis_1/delo_0035/198.jpg,1,0.807,0.945,1.222,2.892,1.962,19
data/opis_1/delo_0035/200.jpg,0,0.737,1.0,1.127,1.43,0.841,34
data/opis_1/delo_0035/201.jpg,1,0.69,1.0,1.112,1.244,0.343,33
data/opis_1/delo_0035/202.jpg,0,0.725,1.0,1.022,1.512,0.614,26
data/opis_1/delo_0035/203.jpg,0,0.729,1.0,1.212,1.373,0.137,26
data/opis_1/delo_0035/204.jpg,0,0.714,1.0,1.157,1.51,0.695,19
data/opis_1/delo_0035/205.jpg,0,0.761,1.0,1.044,1.287,1.105,26
data/opis_1/delo_0035/206.jpg,1,0.676,1.0,1.03,1.392,0.586,32
data/opis_1/delo_0035/207.jpg,0,0.755,0.852,1.188,1.276,1.005,23
data/opis_1/delo_0104/000.jpg,0,0.647,0.117,0.99,1.283,0.475,19
data/opis_1/delo_0104/001.jpg,1,0.479,0.703,1.103,1.263,1.352,30
data/opis_1/delo_0104/002.jpg,1,0.706,0.808,2.503,1.317,2.157,19
data/opis_1/delo_0104/003.jpg,0,0.593,0.849,0.997,1.258,0.768,44
data/opis_1/delo_0104/004.jpg,1,0.215,0.246,0.842,0.807,1.803,53
data/opis_1/delo_0104/005.jpg,1,0.45,0.093,1.024,1.086,0.872,23
data/opis_1/delo_0104/006.jpg,1,0.212,0.534,1.14,0.794,2.425,43
data/opis_1/delo_0104/007.jpg,0,0.409,0.437,0.474,1.63,0.682,27
data/opis_1/delo_0104/008.jpg,0,0.52,0.357,0.413,1.048,0.641,27
data/opis_1/delo_0104/009.jpg,0,0.536,0.208,0.371,1.676,0.402,26
data/opis_1/delo_0104/010.jpg,0,0.587,0.061,0.351,1.092,0.484,25
data/opis_1/delo_0104/011.jpg,0,0.559,0.127,0.476,2.091,0.305,30
data/opis_1/delo_0104/012.jpg,0,0.44,0.323,0.38,1.014,0.41,26
data/opis_1/delo_0104/013.jpg,0,0.463,0.296,0.376,1.135,0.297,30
data/opis_1/delo_0104/014.jpg,0,0.384,0.613,0.434,1.145,0.093,29
data/opis_1/delo_0104/015.jpg,0,0.4,0.688,0.384,1.126,0.314,22
data/opis_1/delo_0104/016.jpg,0,0.514,0.223,0.298,0.975,0.309,27
data/opis_1/delo_0104/017.jpg,0,0.442,0.419,0.425,1.372,0.515,18
data/opis_1/delo_0104/018.jpg,0,0.422,0.466,0.301,1.003,0.371,28
data/opis_1/delo_0104/019.jpg,0,0.478,0.617,0.502,1.434,0.442,20
data/opis_1/delo_0104/020.jpg,1,0.493,-0.052,0.858,1.166,1.211,38
data/opis_1/delo_0104/021.jpg,1,0.221,0.489,1.318,0.765,2.744,45
data/opis_1/delo_0104/022.jpg,1,0.451,0.53,0.37,1.883,0.348,13
data/opis_1/delo_0104/023.jpg,1,0.534,0.014,1.896,1.062,1.617,8
data/opis_1/delo_0104/024.jpg,1,0.359,0.618,1.086,1.284,2.114,24
data/opis_1/delo_0104/025.jpg,1,0.707,0.01,1.703,1.384,1.463,7
data/opis_1/delo_0104/026.jpg,1,0.421,0.134,1.238,1.13,1.595,15
data/opis_1/delo_0104/027.jpg,0,0.725,1.0,1.347,1.594,0.849,4
data/opis_1/delo_0104/029.jpg,0,0.508,0.127,1.146,1.304,1.679,35
data/opis_1/delo_0104/030.jpg,1,0.437,-0.024,1.055,1.377,1.73,12
data/opis_1/delo_0104/031.jpg,1,0.514,0.041,1.129,1.231,1.031,25
data/opis_1/delo_0104/032.jpg,1,0.383,0.034,1.033,1.241,1.324,12
data/opis_1/delo_0104/033.jpg,0,0.436,0.182,1.189,1.356,1.981,10
data/opis_1/delo_0104/034.jpg,1,0.477,0.573,0.742,1.425,0.476,21
data/opis_1/delo_0104/035.jpg,1,0.648,1.0,1.121,1.875,2.35,12
data/opis_1/delo_0104/036.jpg,1,0.731,1.0,1.502,1.587,1.485,10
data/opis_1/delo_0104/038.jpg,0,0.768,0.796,1.912,2.069,0.856,32
data/opis_1/delo_0104/039.jpg,1,0.538,0.852,1.752,1.155,1.25,26
data/opis_1/delo_0104/040.jpg,0,0.303,0.426,0.443,1.31,0.359,27
data/opis_1/delo_0104/041.jpg,0,0.358,0.202,0.419,1.069,0.207,22
data/opis_1/delo_0104/042.jpg,0,0.319,0.34,0.408,1.147,0.429,29
data/opis_1/delo_0104/043.jpg,0,0.593,0.201,0.633,1.752,0.749,29
data/opis_1/delo_0104/044.jpg,0,0.475,0.211,0.462,1.129,0.415,27
data/opis_1/delo_0104/045.jpg,0,0.625,0.285,0.609,1.403,0.813,22
data/opis_1/delo_0104/046.jpg,0,0.511,0.285,0.473,1.449,0.445,26
data/opis_1/delo_0104/047.jpg,1,0.453,0.114,0.507,1.391,0.467,29
data/opis_1/delo_0104/048.jpg,0,0.389,0.2,0.366,1.054,0.244,20
data/opis_1/delo_0104/049.jpg,0,0.319,0.26,0.431,1.063,0.278,27
data/opis_1/delo_0104/050.jpg,0,0.519,0.079,0.373,1.434,0.22,21
data/opis_1/delo_0104/051.jpg,0,0.478,0.031,0.388,1.514,0.191,25
data/opis_1/delo_0104/052.jpg,1,0.464,0.455,0.542,1.468,0.873,20
data/opis_1/delo_0104/053.jpg,0,0.436,0.284,0.413,1.056,0.299,23
data/opis_1/delo_0104/054.jpg,1,0.318,0.288,0.461,1.085,0.077,4
data/opis_1/delo_0044/000.jpg,1,0.349,0.306,1.294,0.867,3.19,26
data/opis_1/delo_0044/001.jpg,1,0.765,1.0,1.661,1.479,1.326,6
data/opis_1/delo_0044/002.jpg,1,0.712,1.0,2.109,1.268,2.317,15
data/opis_1/delo_0044/003.jpg,1,0.549,0.871,1.156,1.407,1.838,31
data/opis_1/delo_0044/004.jpg,1,0.653,1.0,1.161,1.262,1.965,17
data/opis_1/delo_0044/005.jpg,1,0.691,1.0,1.842,1.193,1.428,10
data/opis_1/delo_0044/006.jpg,1,0.633,1.0,1.153,1.3,1.327,14
data/opis_1/delo_0044/007.jpg,1,0.665,1.0,1.281,1.163,1.473,16
data/opis_1/delo_0044/008.jpg,1,0.553,1.0,1.243,1.307,1.829,23
data/opis_1/delo_0044/009.jpg,0,0.527,1.0,1.163,1.212,1.386,25
data/opis_1/delo_0044/010.jpg,1,0.685,0.712,1.873,1.388,1.962,12
data/opis_1/delo_0044/011.jpg,1,0.625,1.0,1.23,1.332,1.61,19
data/opis_1/delo_0044/012.jpg,1,0.79,1.0,1.312,1.416,1.889,16
data/opis_1/delo_0044/013.jpg,1,0.61,1.0,1.273,1.473,1.303,12
data/opis_1/delo_0044/014.jpg,1,0.724,1.0,1.592,1.389,1.758,6
data/opis_1/delo_0044/015.jpg,0,0.703,1.0,1.196,1.394,0.963,13
data/opis_1/delo_0044/016.jpg,1,0.637,0.739,1.867,1.169,2.216,10
data/opis_1/delo_0044/017.jpg,1,0.597,1.0,1.099,1.142,0.865,33
data/opis_1/delo_0044/018.jpg,1,0.694,1.0,1.203,1.422,0.806,13
data/opis_1/delo_0044/019.jpg,1,0.611,1.0,1.78,1.304,1.603,21
data/opis_1/delo_0044/020.jpg,1,0.576,1.0,1.1,1.174,1.526,21
data/opis_1/delo_0044/021.jpg,1,0.836,1.0,1.573,1.548,1.307,14
data/opis_1/delo_0044/022.jpg,0,0.774,1.0,1.347,1.473,1.661,13
data/opis_1/delo_0044/023.jpg,0,0.643,1.0,1.61,1.4,1.784,13
data/opis_1/delo_0044/024.jpg,1,0.711,1.0,1.57,1.934,1.678,13
data/opis_1/delo_0044/025.jpg,1,0.817,1.0,1.071,1.559,1.429,7
data/opis_1/delo_0044/026.jpg,1,0.794,1.0,2.058,1.288,2.095,15
data/opis_1/delo_0044/027.jpg,1,0.815,1.0,2.473,1.333,1.783,14
data/opis_1/delo_0044/028.jpg,1,0.755,1.0,1.938,1.316,1.722,18
data/opis_1/delo_0044/029.jpg,1,0.707,1.0,1.328,1.125,1.831,17
data/opis_1/delo_0044/030.jpg,0,0.6,0.68,1.478,1.556,1.728,25
data/opis_1/delo_0044/031.jpg,1,0.633,1.0,0.943,1.225,1.712,17
data/opis_1/delo_0044/032.jpg,1,0.691,0.797,1.762,1.252,1.706,25
data/opis_1/delo_0044/033.jpg,1,0.787,1.0,1.517,1.478,1.881,7
data/opis_1/delo_0044/034.jpg,1,0.542,1.0,1.51,1.199,2.406,19
data/opis_1/delo_0044/035.jpg,1,0.663,1.0,1.382,1.294,2.019,9
data/opis_1/delo_0044/036.jpg,1,0.736,0.501,1.364,1.192,1.264,14
data/opis_1/delo_0044/037.jpg,1,0.603,1.0,1.048,1.647,0.989,28
data/opis_1/delo_0044/038.jpg,1,0.672,1.0,1.264,1.438,1.141,24
data/opis_1/delo_0044/039.jpg,1,0.747,1.0,1.364,1.271,1.962,20
data/opis_1/delo_0044/041.jpg,1,0.623,1.0,1.266,1.531,2.199,13
data/opis_1/delo_0044/042.jpg,1,0.751,1.0,2.093,1.178,1.186,6
data/opis_1/delo_0044/043.jpg,1,0.661,1.0,1.591,1.197,1.907,6
data/opis_1/delo_0044/044.jpg,1,0.798,1.0,1.485,1.612,1.602,13
data/opis_1/delo_0044/045.jpg,1,0.744,1.0,1.202,1.603,2.129,11
data/opis_1/delo_0044/046.jpg,1,0.709,1.0,1.102,1.012,1.711,11
data/opis_1/delo_0044/047.jpg,1,0.64,1.0,1.214,1.433,2.807,16
data/opis_1/delo_0044/048.jpg,1,0.646,0.195,1.118,1.311,1.814,21
data/opis_1/delo_0044/049.jpg,1,0.663,1.0,1.079,1.343,0.379,24
data/opis_1/delo_0044/050.jpg,1,0.471,1.0,0.943,1.773,1.729,11
data/opis_1/delo_0044/051.jpg,1,0.69,0.907,1.059,2.397,1.401,27
data/opis_1/delo_0044/052.jpg,0,0.544,1.0,0.996,1.346,0.779,37
data/opis_1/delo_0044/053.jpg,1,0.531,1.0,0.875,1.898,1.768,32
data/opis_1/delo_0044/054.jpg,1,0.684,1.0,1.137,1.403,1.386,21
data/opis_1/delo_0044/055.jpg,1,0.706,0.782,2.028,1.748,2.17,9
data/opis_1/delo_0044/056.jpg,1,0.643,1.0,1.492,1.278,1.208,15
data/opis_1/delo_0044/057.jpg,1,0.599,1.0,1.113,1.503,1.24,24
data/opis_1/delo_0044/058.jpg,0,0.662,1.0,1.34,1.437,1.198,30
data/opis_1/delo_0044/059.jpg,1,0.605,1.0,0.937,1.216,1.348,26
data/opis_1/delo_0044/060.jpg,1,0.651,1.0,1.785,1.293,2.272,30
data/opis_1/delo_0044/061.jpg,1,0.705,1.0,1.073,1.497,1.671,13
data/opis_1/delo_0044/062.jpg,0,0.724,1.0,1.83,1.024,1.855,12
data/opis_1/delo_0044/063.jpg,1,0.637,1.0,1.369,1.11,2.247,10
data/opis_1/delo_0044/064.jpg,1,0.723,1.0,1.793,1.341,2.333,14
data/opis_1/delo_0044/065.jpg,1,0.555,1.0,0.9,1.456,2.241,20
data/opis_1/delo_0044/066.jpg,1,0.738,0.844,1.94,1.378,1.796,8
data/opis_1/delo_0044/067.jpg,1,0.561,1.0,1.101,1.109,1.938,12
data/opis_1/delo_0044/068.jpg,1,0.699,1.0,1.582,1.259,1.795,15
data/opis_1/delo_0044/069.jpg,1,0.662,1.0,1.386,1.308,1.86,9
data/opis_1/delo_0044/070.jpg,1,0.548,1.0,0.98,1.601,1.205,37
data/opis_1/delo_0044/071.jpg,1,0.677,1.0,1.059,1.651,1.621,11
data/opis_1/delo_0044/072.jpg,1,0.666,1.0,1.106,1.652,1.117,20
data/opis_1/delo_0044/073.jpg,1,0.56,1.0,0.907,1.866,2.108,12
data/opis_1/delo_0044/074.jpg,0,0.697,1.0,0.911,1.308,1.347,16
data/opis_1/delo_0044/075.jpg,1,0.583,1.0,0.965,2.095,2.033,17
data/opis_1/delo_0044/076.jpg,1,0.588,1.0,1.042,1.278,1.897,14
data/opis_1/delo_0044/077.jpg,0,0.595,1.0,1.05,1.196,1.57,10
data/opis_1/delo_0044/078.jpg,1,0.465,1.0,0.825,1.371,1.802,17
data/opis_1/delo_0044/079.jpg,1,0.757,1.0,1.715,1.667,2.314,10
data/opis_1/delo_0044/080.jpg,1,0.531,0.635,1.121,1.172,1.367,18
data/opis_1/delo_0044/081.jpg,0,0.725,1.0,1.436,1.267,1.178,33
data/opis_1/delo_0343/000.jpg,1,0.488,0.31,1.475,1.123,1.665,28
data/opis_1/delo_0343/002.jpg,0,0.446,0.251,0.247,0.903,0.141,26
data/opis_1/delo_0343/003.jpg,0,0.437,0.426,0.273,0.894,0.271,31
data/opis_1/delo_0343/004.jpg,0,0.373,0.268,0.305,0.888,0.133,32
data/opis_1/delo_0343/005.jpg,0,0.419,0.394,0.311,1.003,0.064,29
data/opis_1/delo_0343/006.jpg,0,0.362,0.384,0.287,0.873,0.063,30
data/opis_1/delo_0343/007.jpg,1,0.399,0.49,0.401,1.496,0.249,30
data/opis_1/delo_0343/008.jpg,0,0.4,0.623,0.281,0.871,0.146,26
data/opis_1/delo_0203/000.jpg,0,0.616,0.485,0.78,1.322,0.569,24
data/opis_1/delo_0203/001.jpg,0,0.505,0.584,0.322,1.133,0.447,33
data/opis_1/delo_0203/002.jpg,0,0.391,0.688,0.291,0.975,0.178,30
data/opis_1/delo_0203/003.jpg,0,0.424,0.778,0.279,1.01,0.207,28
data/opis_1/delo_0203/004.jpg,0,0.437,0.252,0.277,1.065,0.155,25
data/opis_1/delo_0203/005.jpg,0,0.455,0.543,0.292,1.146,0.232,30
data/opis_1/delo_0203/006.jpg,0,0.403,0.244,0.264,1.018,0.225,30
data/opis_1/delo_0203/007.jpg,0,0.399,0.458,0.289,0.992,0.079,29
data/opis_1/delo_0203/008.jpg,0,0.383,0.53,0.294,1.319,0.216,27
data/opis_1/delo_0203/009.jpg,0,0.551,0.504,0.282,2.145,0.168,25
data/opis_1/delo_0203/010.jpg,0,0.412,0.444,0.286,0.997,0.166,26
data/opis_1/delo_0203/011.jpg,0,0.518,0.83,0.284,1.075,0.211,31
data/opis_1/delo_0203/012.jpg,0,0.451,0.544,0.317,1.562,0.207,31
data/opis_1/delo_0203/013.jpg,0,0.414,0.265,0.261,1.086,0.272,31
data/opis_1/delo_0203/014.jpg,0,0.389,0.498,0.357,1.148,0.224,31
data/opis_1/delo_0203/015.jpg,0,0.37,0.133,0.315,1.004,0.443,12
data/opis_1/delo_0203/016.jpg,0,0.701,0.598,0.938,1.131,2.275,21
data/opis_1/delo_0203/017.jpg,0,0.667,0.529,0.844,1.367,2.006,30
data/opis_1/delo_0203/018.jpg,1,0.774,0.886,1.874,1.333,0.728,17
data/opis_1/delo_0203/019.jpg,0,0.863,1.0,2.154,1.725,1.521,28
data/opis_1/delo_0203/020.jpg,0,0.505,0.261,0.412,1.132,0.282,30
data/opis_1/delo_0203/021.jpg,0,0.452,0.238,0.305,1.006,0.065,29
data/opis_1/delo_0203/022.jpg,0,0.487,0.323,0.36,1.281,0.218,28
data/opis_1/delo_0203/023.jpg,0,0.469,0.103,0.291,1.008,0.147,25
data/opis_1/delo_0203/024.jpg,0,0.504,0.096,0.293,1.004,0.036,26
data/opis_1/delo_0203/025.jpg,0,0.43,0.193,0.33,0.964,0.164,29
data/opis_1/delo_0203/026.jpg,0,0.478,0.08,0.292,0.984,0.05,29
data/opis_1/delo_0203/027.jpg,0,0.462,0.2,0.32,1.024,0.095,25
data/opis_1/delo_0203/028.jpg,0,0.585,0.085,0.336,1.042,0.172,25
data/opis_1/delo_0203/029.jpg,0,0.506,0.032,0.358,0.986,0.132,26
data/opis_1/delo_0203/030.jpg,0,0.462,0.122,0.355,0.983,0.085,30
data/opis_1/delo_0203/031.jpg,0,0.491,0.13,0.305,1.002,0.072,29
data/opis_1/delo_0203/032.jpg,0,0.497,0.042,0.305,1.023,0.247,28
data/opis_1/delo_0203/033.jpg,0,0.481,0.066,0.335,1.014,0.231,31
data/opis_1/delo_0203/034.jpg,0,0.427,0.082,0.31,0.954,0.37,11
data/opis_1/delo_0203/035.jpg,0,0.805,0.841,3.124,1.751,1.799,15
data/opis_1/delo_0203/036.jpg,1,0.696,1.0,1.32,1.108,0.934,22
data/opis_1/delo_0203/037.jpg,0,0.744,0.792,3.248,1.502,2.401,10
data/opis_1/delo_0203/038.jpg,0,0.737,0.846,2.701,1.646,1.701,21
data/opis_1/delo_0203/039.jpg,1,0.764,0.703,1.652,1.848,1.212,23
data/opis_1/delo_0203/040.jpg,1,0.797,0.535,2.547,1.807,1.609,28
data/opis_1/delo_0203/041.jpg,1,0.84,0.95,1.789,1.876,1.748,23
data/opis_1/delo_0203/042.jpg,0,0.507,0.073,0.245,1.124,0.356,24
data/opis_1/delo_0203/043.jpg,1,0.901,1.0,1.801,1.368,1.7,28
data/opis_1/delo_0203/044.jpg,1,0.774,0.935,2.452,1.642,1.643,13
data/opis_1/delo_0203/045.jpg,1,0.954,1.0,1.382,1.118,0.692,5
data/opis_1/delo_0203/046.jpg,1,0.764,1.0,1.542,1.346,0.98,10
data/opis_1/delo_0203/047.jpg,1,0.787,1.0,1.496,1.37,0.926,10
data/opis_1/delo_0203/048.jpg,1,0.585,0.555,1.195,1.566,1.244,34
data/opis_1/delo_0203/049.jpg,0,0.402,0.356,0.432,1.059,0.328,31
data/opis_1/delo_0203/050.jpg,0,0.431,0.259,0.316,0.996,0.04,29
data/opis_1/delo_0203/051.jpg,0,0.464,0.552,0.38,1.035,0.101,27
data/opis_1/delo_0203/052.jpg,0,0.486,0.043,0.369,0.999,0.146,29
data/opis_1/delo_0203/053.jpg,0,0.462,0.056,0.315,1.02,0.054,29
data/opis_1/delo_0203/054.jpg,0,0.482,0.081,0.325,1.108,0.089,25
data/opis_1/delo_0203/055.jpg,0,0.507,0.181,0.336,1.131,0.309,26
data/opis_1/delo_0203/056.jpg,0,0.439,0.041,0.413,1.148,0.135,26
data/opis_1/delo_0203/057.jpg,0,0.451,0.107,0.36,0.979,0.231,32
data/opis_1/delo_0203/058.jpg,0,0.471,0.119,0.361,0.99,0.069,29
data/opis_1/delo_0203/059.jpg,0,0.422,0.294,0.354,0.965,0.043,29
data/opis_1/delo_0203/060.jpg,0,0.482,0.044,0.301,0.999,0.246,28
data/opis_1/delo_0203/061.jpg,0,0.48,0.208,0.338,1.003,0.238,30
data/opis_1/delo_0203/062.jpg,0,0.364,0.139,0.361,0.986,0.028,9
data/opis_1/delo_0083/000.jpg,0,0.688,0.459,1.31,1.719,0.522,18
data/opis_1/delo_0083/001.jpg,1,0.575,0.589,1.314,1.316,1.093,24
data/opis_1/delo_0083/002.jpg,1,0.45,0.149,0.39,0.949,1.066,24
data/opis_1/delo_0083/003.jpg,1,0.687,1.0,1.47,1.642,1.029,6
data/opis_1/delo_0083/004.jpg,0,0.398,0.24,0.273,0.907,0.261,23
data/opis_1/delo_0083/005.jpg,1,0.533,0.608,0.328,1.607,0.434,36
data/opis_1/delo_0083/006.jpg,0,0.415,0.688,0.267,0.997,0.122,29
data/opis_1/delo_0083/007.jpg,0,0.405,0.691,0.274,0.976,0.068,30
data/opis_1/delo_0083/008.jpg,0,0.364,0.669,0.328,1.164,0.266,33
data/opis_1/delo_0083/009.jpg,1,0.408,0.645,0.376,1.231,0.082,29
data/opis_1/delo_0083/010.jpg,0,0.526,0.647,0.349,1.64,0.426,39
data/opis_1/delo_0083/011.jpg,0,0.454,0.576,0.306,1.193,0.269,30
data/opis_1/delo_0252/000.jpg,1,0.529,0.815,2.045,0.992,2.738,16
data/opis_1/delo_0252/001.jpg,1,0.644,1.0,1.337,1.402,1.857,12
data/opis_1/delo_0252/002.jpg,1,0.676,1.0,1.643,1.202,1.886,13
data/opis_1/delo_0252/003.jpg,1,0.688,1.0,1.284,1.425,0.57,34
data/opis_1/delo_0252/004.jpg,0,0.708,1.0,0.987,1.363,1.139,27
data/opis_1/delo_0252/005.jpg,1,0.684,1.0,1.073,1.304,0.686,29
data/opis_1/delo_0252/006.jpg,0,0.686,1.0,1.045,1.397,1.206,28
data/opis_1/delo_0252/007.jpg,1,0.633,1.0,1.3,1.274,1.255,29
data/opis_1/delo_0252/008.jpg,1,0.703,1.0,1.079,1.306,0.937,27
data/opis_1/delo_0252/009.jpg,1,0.765,1.0,1.233,1.234,1.498,28
data/opis_1/delo_0252/010.jpg,1,0.733,1.0,1.184,1.211,1.149,35
data/opis_1/delo_0252/011.jpg,1,0.756,1.0,1.231,1.191,0.686,29
data/opis_1/delo_0252/012.jpg,1,0.694,0.677,1.258,1.27,0.521,33
data/opis_1/delo_0252/013.jpg,1,0.818,1.0,1.409,1.176,0.532,6
data/opis_1/delo_0252/014.jpg,1,0.713,1.0,1.229,1.701,0.94,32
data/opis_1/delo_0252/015.jpg,1,0.748,0.824,1.067,1.25,1.223,29
data/opis_1/delo_0252/016.jpg,1,0.75,1.0,1.189,1.248,0.954,26
data/opis_1/delo_0252/017.jpg,1,0.687,1.0,1.142,1.463,1.064,29
data/opis_1/delo_0252/018.jpg,1,0.848,1.0,1.563,1.233,0.666,26
data/opis_1/delo_0252/019.jpg,1,0.701,1.0,1.172,1.355,0.94,24
data/opis_1/delo_0252/020.jpg,1,0.794,0.818,1.41,1.261,0.954,27
data/opis_1/delo_0252/021.jpg,1,0.676,1.0,1.026,1.271,1.399,24
data/opis_1/delo_0252/022.jpg,1,0.719,-0.108,1.281,1.362,0.45,27
data/opis_1/delo_0252/023.jpg,1,0.742,1.0,1.167,1.335,0.464,24
data/opis_1/delo_0252/024.jpg,1,0.701,0.867,1.338,1.346,0.482,29
data/opis_1/delo_0252/025.jpg,1,0.776,1.0,1.208,1.36,1.083,27
data/opis_1/delo_0252/026.jpg,1,0.687,0.864,1.324,1.271,0.744,28
data/opis_1/delo_0252/027.jpg,0,0.657,1.0,1.055,1.304,0.776,28
data/opis_1/delo_0252/028.jpg,1,0.71,1.0,1.124,1.456,0.574,29
data/opis_1/delo_0252/029.jpg,1,0.731,1.0,1.469,1.388,1.286,18
data/opis_1/delo_0252/030.jpg,1,0.769,1.0,1.281,1.26,0.905,21
data/opis_1/delo_0252/031.jpg,1,0.683,0.864,1.06,1.227,0.813,28
data/opis_1/delo_0252/032.jpg,1,0.653,1.0,1.145,1.379,1.036,28
data/opis_1/delo_0252/033.jpg,1,0.726,1.0,1.202,1.257,1.073,30
data/opis_1/delo_0252/034.jpg,0,0.724,0.791,1.089,1.389,0.839,32
data/opis_1/delo_0252/035.jpg,1,0.703,1.0,1.014,1.256,0.345,29
data/opis_1/delo_0252/036.jpg,1,0.681,1.0,0.973,1.314,0.572,29
data/opis_1/delo_0252/037.jpg,0,0.707,1.0,1.145,1.224,0.924,23
data/opis_1/delo_0252/038.jpg,1,0.806,1.0,1.748,1.429,0.998,18
data/opis_1/delo_0252/040.jpg,1,0.764,1.0,1.246,1.238,1.065,32
data/opis_1/delo_0252/041.jpg,1,0.687,0.838,1.231,1.244,0.823,35
data/opis_1/delo_0252/042.jpg,1,0.696,0.726,1.398,1.282,1.173,27
data/opis_1/delo_0252/043.jpg,1,0.762,0.701,1.233,1.273,1.321,29
data/opis_1/delo_0252/044.jpg,1,0.757,1.0,1.355,1.135,1.327,25
data/opis_1/delo_0252/045.jpg,1,0.601,0.224,0.867,1.221,1.151,37
data/opis_1/delo_0252/046.jpg,1,0.687,1.0,1.132,1.487,0.907,28
data/opis_1/delo_0252/047.jpg,1,0.599,1.0,0.941,1.28,1.372,33
data/opis_1/delo_0252/048.jpg,1,0.735,0.878,1.052,1.244,1.014,35
data/opis_1/delo_0252/049.jpg,0,0.641,1.0,1.11,1.18,0.916,25
data/opis_1/delo_0252/050.jpg,1,0.691,1.0,1.185,1.312,0.516,29
data/opis_1/delo_0252/051.jpg,1,0.7,1.0,1.018,1.304,0.691,35
data/opis_1/delo_0252/052.jpg,1,0.774,1.0,1.178,1.25,0.682,29
data/opis_1/delo_0252/053.jpg,0,0.716,1.0,1.05,1.261,0.401,26
data/opis_1/delo_0252/054.jpg,1,0.685,1.0,1.007,1.245,0.649,31
data/opis_1/delo_0252/055.jpg,0,0.769,1.0,1.085,1.173,1.274,24
data/opis_1/delo_0252/056.jpg,0,0.751,1.0,1.137,1.168,0.872,27
data/opis_1/delo_0252/057.jpg,1,0.732,1.0,1.059,1.318,0.559,26
data/opis_1/delo_0252/058.jpg,0,0.709,1.0,1.156,1.308,0.63,31
data/opis_1/delo_0252/059.jpg,0,0.697,1.0,1.019,1.418,1.014,25
data/opis_1/delo_0252/060.jpg,1,0.771,1.0,1.423,1.167,1.437,20
data/opis_1/delo_0252/061.jpg,0,0.748,0.864,1.094,1.358,0.538,28
data/opis_1/delo_0252/062.jpg,0,0.754,1.0,0.998,1.341,0.752,29
data/opis_1/delo_0252/063.jpg,0,0.704,1.0,0.981,1.32,1.592,27
data/opis_1/delo_0252/064.jpg,0,0.627,0.839,1.723,1.165,1.27,20
data/opis_1/delo_0252/065.jpg,0,0.363,0.551,1.227,1.164,0.764,24
data/opis_1/delo_0252/066.jpg,1,0.742,1.0,1.2,1.403,0.547,28
data/opis_1/delo_0252/067.jpg,1,0.753,1.0,1.066,1.15,0.426,25
data/opis_1/delo_0252/068.jpg,0,0.647,1.0,1.146,1.116,1.341,24
data/opis_1/delo_0252/069.jpg,1,0.691,1.0,1.093,1.242,1.427,24
data/opis_1/delo_0252/070.jpg,1,0.786,0.609,1.432,2.196,1.412,10
data/opis_1/delo_0252/071.jpg,1,0.765,0.588,1.623,1.757,2.428,18
data/opis_1/delo_0252/072.jpg,1,0.563,1.0,1.062,1.267,1.678,23
data/opis_1/delo_0252/073.jpg,0,0.698,1.0,1.078,1.35,1.601,24
data/opis_1/delo_0252/074.jpg,1,0.607,1.0,1.01,1.333,1.017,29
data/opis_1/delo_0252/075.jpg,0,0.692,1.0,1.348,1.375,2.35,23
data/opis_1/delo_0252/076.jpg,1,0.736,1.0,1.142,1.308,1.124,23
data/opis_1/delo_0252/077.jpg,1,0.693,1.0,1.193,1.281,1.571,23
data/opis_1/delo_0252/078.jpg,1,0.681,1.0,1.323,1.333,1.247,26
data/opis_1/delo_0252/079.jpg,1,0.786,1.0,1.116,1.106,1.415,21
data/opis_1/delo_0252/080.jpg,1,0.693,1.0,1.4,1.131,1.531,26
data/opis_1/delo_0252/081.jpg,0,0.654,1.0,0.925,1.201,1.736,24
data/opis_1/delo_0252/082.jpg,0,0.585,1.0,1.139,1.107,1.478,5
data/opis_1/delo_0252/083.jpg,1,0.701,1.0,1.477,1.278,1.639,16
data/opis_1/delo_0252/084.jpg,1,0.645,1.0,1.218,2.351,2.43,15
data/opis_1/delo_0252/085.jpg,1,0.762,1.0,1.214,1.108,1.364,10
data/opis_1/delo_0252/086.jpg,1,0.807,1.0,1.864,1.32,2.127,10
data/opis_1/delo_0252/087.jpg,1,0.664,1.0,1.78,1.558,1.572,19
data/opis_1/delo_0252/088.jpg,0,0.771,1.0,1.806,1.388,1.401,7
data/opis_1/delo_0252/089.jpg,1,0.733,1.0,1.566,1.404,2.044,15
data/opis_1/delo_0252/090.jpg,1,0.551,1.0,1.056,1.174,2.393,13
data/opis_1/delo_0252/091.jpg,1,0.832,1.0,1.943,1.604,1.717,15
data/opis_1/delo_0252/092.jpg,1,0.615,0.525,1.905,1.157,1.489,8
data/opis_1/delo_0252/093.jpg,1,0.817,1.0,2.049,1.231,1.78,9
data/opis_1/delo_0252/094.jpg,1,0.812,1.0,1.934,1.2,1.562,13
data/opis_1/delo_0252/095.jpg,1,0.77,1.0,1.448,2.432,1.744,8
data/opis_1/delo_0252/096.jpg,1,0.658,1.0,1.302,1.241,2.394,14
data/opis_1/delo_0252/097.jpg,1,0.882,1.0,2.214,1.471,1.722,9
data/opis_1/delo_0252/098.jpg,1,0.772,1.0,1.755,1.492,1.809,15
data/opis_1/delo_0252/099.jpg,1,0.844,1.0,2.368,1.293,1.481,6
data/opis_1/delo_0252/100.jpg,1,0.729,1.0,1.401,1.358,1.87,11
data/opis_1/delo_0252/101.jpg,0,0.71,1.0,1.51,1.185,2.086,21
data/opis_1/delo_0252/102.jpg,0,0.766,1.0,1.221,1.628,1.44,24
data/opis_1/delo_0252/103.jpg,1,0.746,1.0,1.873,1.256,1.943,16
data/opis_1/delo_0252/104.jpg,1,0.811,1.0,1.736,1.612,1.405,7
data/opis_1/delo_0252/105.jpg,1,0.729,0.772,1.932,1.099,2.513,16
data/opis_1/delo_0252/106.jpg,1,0.798,1.0,1.854,1.281,1.777,14
data/opis_1/delo_0252/107.jpg,1,0.758,1.0,1.868,1.52,1.829,12
data/opis_1/delo_0252/108.jpg,1,0.78,1.0,1.674,1.443,1.682,15
data/opis_1/delo_0252/109.jpg,1,0.773,1.0,1.626,1.323,2.014,13
data/opis_1/delo_0252/110.jpg,0,0.783,1.0,1.171,1.353,0.475,28
data/opis_1/delo_0252/111.jpg,1,0.77,1.0,1.222,1.251,0.602,27
data/opis_1/delo_0252/112.jpg,1,0.695,0.719,1.202,1.301,0.702,33
data/opis_1/delo_0252/113.jpg,0,0.744,0.751,1.34,1.366,1.106,32
data/opis_1/delo_0252/114.jpg,0,0.764,1.0,1.216,1.308,0.895,28
data/opis_1/delo_0252/115.jpg,1,0.765,1.0,1.18,1.413,0.897,33
data/opis_1/delo_0252/116.jpg,0,0.777,1.0,1.356,1.337,0.916,31
data/opis_1/delo_0252/117.jpg,1,0.717,1.0,1.106,1.3,1.494,26
data/opis_1/delo_0252/118.jpg,1,0.701,0.723,1.228,1.346,1.67,33
data/opis_1/delo_0252/119.jpg,0,0.685,1.0,1.119,1.229,1.482,25
data/opis_1/delo_0252/120.jpg,1,0.758,1.0,1.424,1.27,1.518,24
data/opis_1/delo_0252/121.jpg,0,0.71,1.0,1.082,1.201,1.53,28
data/opis_1/delo_0252/122.jpg,0,0.714,0.222,1.26,1.197,2.066,22
data/opis_1/delo_0252/123.jpg,1,0.633,0.846,1.266,1.085,1.93,21
data/opis_1/delo_0252/124.jpg,1,0.768,1.0,1.293,1.16,1.962,18
data/opis_1/delo_0252/125.jpg,0,0.771,1.0,1.147,1.31,1.794,19
data/opis_1/delo_0252/126.jpg,0,0.751,1.0,1.158,1.227,1.199,26
data/opis_1/delo_0252/127.jpg,1,0.746,1.0,1.11,1.232,1.08,28
data/opis_1/delo_0252/128.jpg,1,0.762,1.0,1.065,1.305,1.346,18
data/opis_1/delo_0252/129.jpg,1,0.718,1.0,1.123,1.415,1.945,18
data/opis_1/delo_0252/130.jpg,0,0.773,1.0,1.224,1.196,0.893,25
data/opis_1/delo_0252/131.jpg,1,0.689,1.0,1.163,1.169,1.732,21
data/opis_1/delo_0252/132.jpg,1,0.743,1.0,1.236,1.184,1.819,15
data/opis_1/delo_0252/133.jpg,0,0.667,1.0,1.078,1.132,2.194,13
data/opis_1/delo_0252/134.jpg,1,0.751,1.0,1.353,1.063,1.76,16
data/opis_1/delo_0252/135.jpg,1,0.764,1.0,1.035,1.381,1.704,18
data/opis_1/delo_0252/136.jpg,1,0.773,1.0,1.071,1.26,1.13,21
data/opis_1/delo_0252/137.jpg,0,0.734,1.0,1.207,1.367,1.447,25
data/opis_1/delo_0252/138.jpg,1,0.774,1.0,1.804,1.433,1.122,8
data/opis_1/delo_0252/139.jpg,1,0.743,1.0,1.736,1.166,2.385,14
data/opis_1/delo_0252/140.jpg,1,0.834,1.0,2.838,1.319,1.489,10
data/opis_1/delo_0252/141.jpg,1,0.673,1.0,2.158,1.201,1.741,11
data/opis_1/delo_0120/000.jpg,0,0.624,0.411,0.753,1.521,0.573,19
data/opis_1/delo_0120/001.jpg,1,0.418,0.173,1.179,1.489,0.572,22
data/opis_1/delo_0120/002.jpg,1,0.547,0.752,1.197,1.477,0.933,22
data/opis_1/delo_0120/003.jpg,1,0.384,0.24,1.388,1.418,0.771,25
data/opis_1/delo_0120/004.jpg,1,0.411,0.323,1.121,1.346,0.717,18
data/opis_1/delo_0120/005.jpg,1,0.306,0.362,1.495,1.427,1.29,18
data/opis_1/delo_0120/006.jpg,0,0.507,0.906,1.08,1.177,0.726,26
data/opis_1/delo_0060/000.jpg,1,0.625,1.0,1.142,1.853,1.328,9
data/opis_1/delo_0060/002.jpg,0,0.447,0.648,0.245,2.122,0.228,35
data/opis_1/delo_0060/003.jpg,0,0.413,0.589,0.249,0.91,0.058,35
data/opis_1/delo_0060/004.jpg,0,0.41,0.561,0.229,0.924,0.186,36
data/opis_1/delo_0060/005.jpg,0,0.43,0.618,0.23,0.882,0.114,36
data/opis_1/delo_0060/006.jpg,0,0.458,0.356,0.21,0.896,0.186,29
data/opis_1/delo_0060/007.jpg,0,0.414,0.426,0.227,0.867,0.179,37
data/opis_1/delo_0060/008.jpg,0,0.442,0.534,0.249,1.002,0.197,39
data/opis_1/delo_0060/009.jpg,1,0.479,0.586,0.197,0.963,0.093,21
data/opis_1/delo_0060/010.jpg,1,0.749,1.0,1.339,1.597,0.738,35
data/opis_1/delo_0060/011.jpg,1,0.643,1.0,1.069,1.364,1.47,17
data/opis_1/delo_0060/012.jpg,1,0.622,1.0,0.964,1.302,1.108,23
data/opis_1/delo_0060/013.jpg,0,0.499,1.0,0.905,1.282,1.518,25
data/opis_1/delo_0060/014.jpg,1,0.771,1.0,1.09,1.489,0.642,30
data/opis_1/delo_0060/015.jpg,1,0.646,1.0,0.93,1.439,0.464,28
data/opis_1/delo_0060/016.jpg,0,0.692,1.0,0.913,1.328,0.184,26
data/opis_1/delo_0060/017.jpg,1,0.67,1.0,1.007,1.615,1.441,24
data/opis_1/delo_0060/018.jpg,1,0.48,0.53,0.358,1.577,0.444,38
data/opis_1/delo_0060/019.jpg,0,0.439,0.475,0.21,0.899,0.141,35
data/opis_1/delo_0060/020.jpg,0,0.457,0.472,0.22,0.975,0.229,36
data/opis_1/delo_0060/021.jpg,0,0.445,0.471,0.22,0.917,0.067,36
data/opis_1/delo_0060/022.jpg,0,0.463,0.261,0.204,0.904,0.135,29
data/opis_1/delo_0060/023.jpg,0,0.423,0.35,0.234,0.87,0.136,36
data/opis_1/delo_0060/024.jpg,0,0.44,0.673,0.257,0.911,0.084,37
data/opis_1/delo_0060/025.jpg,1,0.485,0.401,0.253,0.956,0.998,27
data/opis_1/delo_0060/026.jpg,0,0.434,0.551,0.258,0.885,0.235,35
data/opis_1/delo_0060/027.jpg,0,0.448,0.511,0.214,0.898,0.187,35
data/opis_1/delo_0060/028.jpg,0,0.428,0.464,0.221,0.946,0.165,36
data/opis_1/delo_0060/029.jpg,0,0.43,0.625,0.213,0.884,0.137,37
data/opis_1/delo_0060/030.jpg,0,0.455,0.299,0.209,0.913,0.157,30
data/opis_1/delo_0060/031.jpg,0,0.409,0.373,0.27,0.899,0.306,37
data/opis_1/delo_0060/032.jpg,0,0.434,0.509,0.265,0.932,0.125,37
data/opis_1/delo_0060/033.jpg,0,0.473,0.612,0.263,0.981,0.094,20
data/opis_1/delo_0060/034.jpg,0,0.405,0.337,0.31,1.512,0.308,35
data/opis_1/delo_0060/035.jpg,0,0.432,0.417,0.205,0.897,0.156,34
data/opis_1/delo_0060/036.jpg,0,0.445,0.44,0.228,0.92,0.27,36
data/opis_1/delo_0060/037.jpg,0,0.435,0.327,0.231,0.93,0.224,37
data/opis_1/delo_0060/038.jpg,0,0.441,0.325,0.276,0.935,0.26,30
data/opis_1/delo_0060/039.jpg,0,0.401,0.256,0.307,0.903,0.332,38
data/opis_1/delo_0060/040.jpg,0,0.444,0.452,0.285,1.019,0.178,37
data/opis_1/delo_0060/041.jpg,0,0.436,0.608,0.23,0.947,0.113,19
data/opis_1/delo_0060/042.jpg,0,0.441,0.538,0.231,0.911,0.262,38
data/opis_1/delo_0060/043.jpg,0,0.446,0.279,0.206,0.893,0.142,35
data/opis_1/delo_0060/044.jpg,0,0.441,0.405,0.202,0.915,0.185,36
data/opis_1/delo_0060/045.jpg,0,0.456,0.575,0.273,0.897,0.216,36
data/opis_1/delo_0060/046.jpg,0,0.448,0.334,0.23,0.897,0.168,30
data/opis_1/delo_0060/047.jpg,0,0.399,0.462,0.296,0.895,0.219,38
data/opis_1/delo_0060/048.jpg,0,0.423,0.557,0.293,0.959,0.168,37
data/opis_1/delo_0060/049.jpg,0,0.437,0.721,0.307,1.002,0.077,19
data/opis_1/delo_0060/050.jpg,0,0.718,1.0,0.973,2.222,0.204,27
data/opis_1/delo_0060/051.jpg,1,0.729,1.0,1.008,1.447,0.686,29
data/opis_1/delo_0060/052.jpg,1,0.727,1.0,1.189,1.375,1.095,30
data/opis_1/delo_0060/053.jpg,0,0.713,1.0,1.151,1.384,0.334,30
data/opis_1/delo_0093/000.jpg,1,0.679,0.532,1.725,2.148,0.917,19
data/opis_1/delo_0093/001.jpg,1,0.798,1.0,2.3,1.558,1.272,14
data/opis_1/delo_0093/002.jpg,1,0.886,1.0,2.155,2.001,1.056,5
data/opis_1/delo_0093/003.jpg,1,0.896,1.0,1.591,1.705,0.764,4
data/opis_1/delo_0093/004.jpg,1,0.725,1.0,1.624,1.718,1.436,10
data/opis_1/delo_0093/005.jpg,1,0.75,1.0,2.343,1.379,1.378,8
data/opis_1/delo_0093/006.jpg,0,0.75,1.0,2.069,1.325,1.298,9
data/opis_1/delo_0093/007.jpg,1,0.829,1.0,1.775,2.092,1.249,7
data/opis_1/delo_0093/008.jpg,0,0.763,0.867,1.607,1.428,1.41,12
data/opis_1/delo_0093/009.jpg,1,0.572,1.0,1.312,1.186,1.531,15
data/opis_1/delo_0093/010.jpg,1,0.766,1.0,1.821,1.298,1.444,9
data/opis_1/delo_0093/011.jpg,1,0.808,1.0,1.317,1.264,1.145,8
data/opis_1/delo_0093/012.jpg,1,0.89,0.898,1.517,0.971,0.82,4
data/opis_1/delo_0093/013.jpg,1,0.734,1.0,1.317,1.567,1.496,12
data/opis_1/delo_0093/014.jpg,1,0.78,1.0,1.255,1.578,1.158,8
data/opis_1/delo_0093/015.jpg,1,0.762,1.0,1.562,1.636,1.276,8
data/opis_1/delo_0093/016.jpg,0,0.725,1.0,1.87,1.293,1.357,7
data/opis_1/delo_0093/017.jpg,0,0.804,1.0,1.485,2.093,1.345,8
data/opis_1/delo_0093/018.jpg,0,0.658,1.0,1.106,1.356,1.403,9
data/opis_1/delo_0093/019.jpg,0,0.794,1.0,1.839,1.205,1.296,8
data/opis_1/delo_0093/020.jpg,1,0.685,1.0,1.108,1.312,1.2,7
data/opis_1/delo_0093/021.jpg,1,0.729,1.0,1.33,1.454,1.506,9
data/opis_1/delo_0093/022.jpg,1,0.689,1.0,1.714,1.11,1.246,6
data/opis_1/delo_0093/023.jpg,1,0.889,1.0,2.004,1.13,0.851,4
data/opis_1/delo_0093/024.jpg,1,0.799,1.0,1.311,1.579,1.098,6
data/opis_1/delo_0093/025.jpg,0,0.783,1.0,1.461,1.468,1.182,8
data/opis_1/delo_0093/026.jpg,1,0.734,1.0,0.951,1.445,1.059,7
data/opis_1/delo_0093/027.jpg,1,0.584,1.0,1.239,1.411,1.813,11
data/opis_1/delo_0093/028.jpg,1,0.759,0.808,2.402,1.189,1.722,8
data/opis_1/delo_0093/029.jpg,1,0.834,0.706,2.28,1.913,1.642,8
data/opis_1/delo_0093/030.jpg,1,0.895,0.818,2.58,2.136,1.522,5
data/opis_1/delo_0093/031.jpg,1,0.826,1.0,1.427,1.822,1.112,7
data/opis_1/delo_0054/000.jpg,0,0.679,1.0,1.477,1.822,1.456,15
data/opis_1/delo_0054/001.jpg,1,0.723,1.0,1.506,1.394,1.569,21
data/opis_1/delo_0054/002.jpg,1,0.621,1.0,0.905,1.353,0.279,29
data/opis_1/delo_0054/003.jpg,0,0.357,0.33,0.485,1.05,0.382,33
data/opis_1/delo_0054/004.jpg,0,0.359,0.631,0.5,1.037,0.253,33
data/opis_1/delo_0054/005.jpg,0,0.362,0.632,0.389,1.034,0.21,30
data/opis_1/delo_0054/006.jpg,1,0.364,0.67,0.523,1.093,0.18,32
data/opis_1/delo_0054/007.jpg,0,0.436,0.609,0.354,1.059,0.34,10
data/opis_1/delo_0054/008.jpg,0,0.51,0.094,1.069,1.022,0.576,33
data/opis_1/delo_0054/009.jpg,0,0.377,0.185,0.541,1.002,0.483,38
data/opis_1/delo_0054/010.jpg,0,0.505,0.109,1.189,1.03,0.529,42
data/opis_1/delo_0054/011.jpg,0,0.352,0.151,0.513,1.149,0.163,9
data/opis_1/delo_0054/012.jpg,0,0.338,0.684,0.456,1.08,0.361,33
data/opis_1/delo_0054/013.jpg,0,0.365,0.323,0.61,1.04,0.472,36
data/opis_1/delo_0054/014.jpg,0,0.346,0.518,0.492,1.058,0.411,34
data/opis_1/delo_0054/015.jpg,1,0.402,0.346,0.602,1.087,0.364,36
data/opis_1/delo_0054/016.jpg,0,0.394,0.47,0.389,1.069,0.102,9
data/opis_1/delo_0054/017.jpg,0,0.483,0.084,1.083,1.026,0.62,37
data/opis_1/delo_0054/018.jpg,0,0.347,0.381,0.539,1.032,0.505,36
data/opis_1/delo_0054/019.jpg,0,0.546,0.166,1.182,1.019,0.745,41
data/opis_1/delo_0054/020.jpg,1,0.37,0.336,0.555,1.285,0.732,30
data/opis_1/delo_0054/021.jpg,0,0.566,0.332,1.139,1.108,0.638,14
data/opis_1/delo_0054/022.jpg,1,0.671,1.0,1.04,1.825,0.494,34
data/opis_1/delo_0054/023.jpg,0,0.703,1.0,1.071,1.526,0.889,28
data/opis_1/delo_0054/024.jpg,1,0.659,1.0,0.908,1.293,0.364,27
data/opis_1/delo_0054/025.jpg,0,0.631,1.0,1.017,1.292,0.501,25
data/opis_1/delo_0114/000.jpg,1,0.717,0.488,0.942,1.79,0.586,19
data/opis_1/delo_0114/001.jpg,1,0.459,0.099,1.112,1.17,1.323,49
data/opis_1/delo_0114/002.jpg,1,0.768,1.0,1.449,1.758,0.836,21
data/opis_1/delo_0114/003.jpg,1,0.739,1.0,1.389,1.718,1.111,25
data/opis_1/delo_0114/004.jpg,1,0.742,1.0,1.273,1.841,0.841,23
data/opis_1/delo_0114/005.jpg,1,0.799,1.0,1.479,1.505,0.574,23
data/opis_1/delo_0114/006.jpg,0,0.842,1.0,1.8,1.248,0.747,19
data/opis_1/delo_0114/007.jpg,1,0.693,1.0,1.537,1.599,1.387,15
data/opis_1/delo_0114/008.jpg,1,0.831,1.0,2.001,1.48,0.835,22
data/opis_1/delo_0114/009.jpg,1,0.751,1.0,1.515,1.607,0.965,18
data/opis_1/delo_0114/010.jpg,1,0.569,0.001,1.585,1.362,1.25,38
data/opis_1/delo_0114/011.jpg,1,0.284,0.051,0.972,0.899,1.308,51
data/opis_1/delo_0114/012.jpg,1,0.659,0.912,2.147,1.098,1.331,37
data/opis_1/delo_0114/013.jpg,1,0.567,0.857,1.089,1.211,1.397,25
data/opis_1/delo_0114/014.jpg,1,0.333,0.211,1.538,0.874,2.586,39
data/opis_1/delo_0114/015.jpg,1,0.58,0.686,1.488,1.232,1.347,19
data/opis_1/delo_0114/016.jpg,1,0.493,0.381,0.407,1.924,0.528,34
data/opis_1/delo_0114/017.jpg,0,0.405,0.173,0.264,0.969,0.159,32
data/opis_1/delo_0114/018.jpg,0,0.412,0.103,0.314,0.995,0.16,29
data/opis_1/delo_0114/019.jpg,0,0.385,0.539,0.308,0.992,0.108,24
data/opis_1/delo_0367/000.jpg,1,0.789,0.596,2.156,1.889,1.637,20
data/opis_1/delo_0367/001.jpg,1,0.511,0.315,1.187,1.348,1.626,24
data/opis_1/delo_0367/002.jpg,1,0.637,1.0,1.38,1.235,1.468,10
data/opis_1/delo_0199/000.jpg,0,0.678,0.486,1.253,1.555,0.677,21
data/opis_1/delo_0199/001.jpg,1,0.527,0.428,0.297,1.1,0.234,29
data/opis_1/delo_0199/002.jpg,0,0.431,0.361,0.368,1.275,0.133,29
data/opis_1/delo_0199/003.jpg,0,0.51,0.667,0.295,1.326,0.163,30
data/opis_1/delo_0199/004.jpg,0,0.499,0.337,0.248,1.041,0.111,28
data/opis_1/delo_0199/005.jpg,0,0.533,0.303,0.258,1.217,0.063,30
data/opis_1/delo_0199/006.jpg,0,0.479,0.056,0.375,1.421,0.334,25
data/opis_1/delo_0199/007.jpg,0,0.534,0.112,0.29,1.041,0.215,36
data/opis_1/delo_0199/008.jpg,0,0.489,0.076,0.309,1.165,0.22,29
data/opis_1/delo_0199/009.jpg,0,0.513,0.151,0.309,1.034,0.155,25
data/opis_1/delo_0199/010.jpg,0,0.495,0.162,0.274,1.323,0.165,30
data/opis_1/delo_0199/011.jpg,0,0.432,0.212,0.209,1.025,0.049,18
data/opis_1/delo_0199/012.jpg,0,0.479,0.547,0.294,0.996,0.299,27
data/opis_1/delo_0199/013.jpg,0,0.437,0.6,0.297,0.978,0.428,32
data/opis_1/delo_0199/014.jpg,0,0.376,0.772,0.309,0.977,0.052,27
data/opis_1/delo_0199/015.jpg,0,0.475,0.668,0.261,0.965,0.274,27
data/opis_1/delo_0199/016.jpg,0,0.355,0.849,0.32,0.939,0.284,30
data/opis_1/delo_0199/017.jpg,0,0.393,0.624,0.309,1.345,0.251,26
data/opis_1/delo_0199/018.jpg,0,0.32,0.594,0.302,0.928,0.167,28
data/opis_1/delo_0199/019.jpg,0,0.415,0.521,0.28,0.969,0.409,29
data/opis_1/delo_0199/020.jpg,0,0.343,0.618,0.298,0.987,0.041,26
data/opis_1/delo_0199/021.jpg,0,0.406,0.604,0.261,0.952,0.22,28
data/opis_1/delo_0199/022.jpg,0,0.35,0.84,0.317,0.946,0.054,27
data/opis_1/delo_0199/023.jpg,1,0.372,0.706,0.293,1.19,0.318,8
data/opis_1/delo_0199/024.jpg,1,0.437,0.727,1.124,2.03,0.607,66
data/opis_1/delo_0199/025.jpg,1,0.38,0.623,0.952,2.002,0.55,61
data/opis_1/delo_0199/026.jpg,1,0.492,0.462,0.24,1.003,0.322,27
data/opis_1/delo_0199/027.jpg,0,0.461,0.35,0.278,1.02,0.213,27
data/opis_1/delo_0199/028.jpg,0,0.388,0.412,0.273,0.962,0.068,28
data/opis_1/delo_0199/029.jpg,0,0.485,0.498,0.24,1.006,0.188,26
data/opis_1/delo_0199/031.jpg,0,0.352,0.64,0.374,0.972,0.441,29
data/opis_1/delo_0199/032.jpg,0,0.409,0.424,0.335,0.982,0.311,27
data/opis_1/delo_0199/033.jpg,0,0.369,0.331,0.314,0.958,0.045,27
data/opis_1/delo_0199/034.jpg,0,0.435,0.226,0.283,0.979,0.362,28
data/opis_1/delo_0199/035.jpg,0,0.353,0.42,0.305,0.991,0.048,26
data/opis_1/delo_0199/036.jpg,0,0.379,0.474,0.27,0.961,0.085,26
data/opis_1/delo_0199/037.jpg,0,0.324,0.669,0.316,0.995,0.039,27
data/opis_1/delo_0199/038.jpg,0,0.394,0.567,0.364,0.999,0.292,8
data/opis_1/delo_0199/039.jpg,0,0.469,0.278,0.667,1.021,0.664,35
data/opis_1/delo_0199/040.jpg,0,0.458,0.083,0.321,1.032,0.174,32
data/opis_1/delo_0088/000.jpg,0,0.681,0.444,1.01,2.155,0.442,18
data/opis_1/delo_0088/001.jpg,1,0.594,1.0,1.028,1.574,1.665,13
data/opis_1/delo_0088/002.jpg,1,0.736,1.0,0.713,1.06,0.133,16
data/opis_1/delo_0088/003.jpg,1,0.534,1.0,0.894,1.136,0.989,30
data/opis_1/delo_0088/004.jpg,0,0.491,0.451,0.334,2.043,0.325,29
data/opis_1/delo_0088/005.jpg,0,0.465,0.355,0.31,1.683,0.263,32
data/opis_1/delo_0088/006.jpg,0,0.452,0.498,0.391,1.744,0.344,32
data/opis_1/delo_0088/007.jpg,0,0.498,0.497,0.398,2.353,0.486,28
data/opis_1/delo_0088/008.jpg,0,0.632,0.616,0.448,1.845,0.398,10
data/opis_1/delo_0088/009.jpg,1,0.617,1.0,0.979,1.291,0.924,23
data/opis_1/delo_0088/010.jpg,1,0.496,0.224,0.439,2.117,0.431,19
data/opis_1/delo_0088/011.jpg,0,0.756,1.0,0.85,1.737,0.315,27
data/opis_1/delo_0088/012.jpg,0,0.57,-0.09,0.531,1.773,0.206,30
data/opis_1/delo_0088/013.jpg,0,0.714,1.0,0.576,1.098,0.285,27
data/opis_1/delo_0088/014.jpg,0,0.639,0.265,0.633,1.611,0.349,26
data/opis_1/delo_0088/015.jpg,0,0.659,0.284,0.525,1.695,0.163,20
data/opis_1/delo_0532/000.jpg,0,0.758,0.942,1.657,1.824,1.368,17
data/opis_1/delo_0532/001.jpg,1,0.696,1.0,1.651,1.308,2.577,15
data/opis_1/delo_0532/002.jpg,1,0.736,1.0,1.917,1.355,2.447,12
data/opis_1/delo_0532/003.jpg,0,0.476,0.543,0.354,1.063,0.258,31
data/opis_1/delo_0109/000.jpg,1,0.693,0.229,1.342,1.614,0.424,21
data/opis_1/delo_0109/001.jpg,0,0.441,0.602,0.305,0.955,0.3,30
data/opis_1/delo_0109/002.jpg,0,0.391,0.59,0.287,0.921,0.053,22
data/opis_1/delo_0109/003.jpg,1,0.703,1.0,1.248,1.407,1.088,18
data/opis_1/delo_0109/004.jpg,0,0.452,0.274,0.328,1.07,0.313,29
data/opis_1/delo_0109/005.jpg,0,0.47,0.461,0.32,1.065,0.195,28
data/opis_1/delo_0109/006.jpg,0,0.399,0.389,0.361,1.143,0.314,27
data/opis_1/delo_0109/007.jpg,0,0.435,0.617,0.386,1.076,0.482,31
data/opis_1/delo_0109/008.jpg,0,0.406,0.369,0.35,0.995,0.302,27
data/opis_1/delo_0109/009.jpg,0,0.42,0.58,0.326,1.023,0.192,28
data/opis_1/delo_0109/010.jpg,0,0.444,0.387,0.355,1.142,0.427,31
data/opis_1/delo_0109/011.jpg,0,0.422,0.543,0.378,0.966,0.287,31
data/opis_1/delo_0109/012.jpg,0,0.426,0.404,0.382,1.017,0.431,28
data/opis_1/delo_0109/013.jpg,1,0.434,0.688,0.338,0.964,0.251,27
data/opis_1/delo_0109/014.jpg,0,0.448,0.496,0.331,0.979,0.113,27
data/opis_1/delo_0109/015.jpg,0,0.399,0.672,0.32,0.948,0.228,29
data/opis_1/delo_0109/016.jpg,0,0.447,0.288,0.32,1.034,0.383,32
data/opis_1/delo_0109/017.jpg,1,0.758,1.0,1.549,1.827,1.173,8
data/opis_1/delo_0109/018.jpg,1,0.408,1.0,0.879,1.164,1.971,9
data/opis_1/delo_0109/019.jpg,0,0.46,0.49,0.332,1.046,0.34,33
data/opis_1/delo_0109/020.jpg,0,0.459,0.241,0.392,1.028,0.803,29
data/opis_1/delo_0109/021.jpg,0,0.474,0.544,0.367,1.014,0.328,31
data/opis_1/delo_0109/022.jpg,0,0.454,0.359,0.388,1.016,0.522,32
data/opis_1/delo_0109/023.jpg,0,0.618,0.504,0.435,1.157,0.578,46
data/opis_1/delo_0109/024.jpg,0,0.418,0.335,0.473,1.036,0.919,30
data/opis_1/delo_0109/025.jpg,0,0.371,0.345,0.484,1.173,0.387,23
data/opis_1/delo_0109/026.jpg,0,0.478,0.529,0.344,1.073,0.39,35
data/opis_1/delo_0109/027.jpg,0,0.425,0.388,0.379,1.112,0.284,33
data/opis_1/delo_0109/028.jpg,0,0.618,0.435,0.388,1.157,0.608,48
data/opis_1/delo_0109/029.jpg,0,0.41,0.449,0.453,1.077,0.907,29
data/opis_1/delo_0109/030.jpg,0,0.355,0.548,0.343,1.035,0.074,18
data/opis_1/delo_0109/031.jpg,1,0.541,1.0,1.421,1.258,2.302,11
data/opis_1/delo_0109/032.jpg,0,0.41,0.679,0.316,0.922,0.25,28
data/opis_1/delo_0109/033.jpg,0,0.392,0.503,0.271,0.929,0.067,22
data/opis_1/delo_0109/034.jpg,0,0.429,0.261,0.34,1.09,0.26,28
data/opis_1/delo_0109/035.jpg,0,0.477,0.484,0.355,1.005,0.241,28
data/opis_1/delo_0109/036.jpg,0,0.435,0.386,0.339,0.97,0.336,28
data/opis_1/delo_0109/037.jpg,0,0.435,0.497,0.313,0.941,0.079,26
data/opis_1/delo_0109/038.jpg,0,0.38,0.391,0.357,1.469,0.359,28
data/opis_1/delo_0109/039.jpg,0,0.446,0.532,0.34,0.973,0.336,28
data/opis_1/delo_0109/040.jpg,0,0.444,0.494,0.383,1.01,0.115,27
data/opis_1/delo_0109/041.jpg,0,0.407,0.755,0.29,0.935,0.057,27
data/opis_1/delo_0109/042.jpg,0,0.451,0.27,0.308,1.11,0.301,26
data/opis_1/delo_0109/043.jpg,0,0.486,0.488,0.38,1.066,0.272,31
data/opis_1/delo_0109/044.jpg,0,0.439,0.205,0.401,1.027,1.036,29
data/opis_1/delo_0109/045.jpg,0,0.54,0.395,0.442,1.512,0.577,41
data/opis_1/delo_0109/046.jpg,0,0.44,0.389,0.452,1.82,0.941,30
data/opis_1/delo_0109/047.jpg,0,0.347,0.508,0.432,1.175,0.183,19
data/opis_1/delo_0109/048.jpg,0,0.411,0.678,0.329,0.943,0.182,28
data/opis_1/delo_0109/049.jpg,0,0.414,0.289,0.297,1.044,0.36,24
data/opis_1/delo_0109/050.jpg,0,0.426,0.297,0.39,1.016,0.267,28
data/opis_1/delo_0109/051.jpg,0,0.466,0.499,0.367,1.018,0.197,28
data/opis_1/delo_0109/052.jpg,0,0.469,0.316,0.347,1.001,0.287,28
data/opis_1/delo_0109/053.jpg,0,0.45,0.176,0.337,0.964,0.165,28
data/opis_1/delo_0109/054.jpg,0,0.407,0.38,0.382,1.021,0.337,27
data/opis_1/delo_0109/055.jpg,0,0.41,0.664,0.395,0.986,0.192,28
data/opis_1/delo_0109/056.jpg,0,0.442,0.292,0.403,1.306,0.308,28
data/opis_1/delo_0109/057.jpg,0,0.459,0.37,0.419,1.067,0.397,32
data/opis_1/delo_0109/058.jpg,0,0.391,0.486,0.424,1.088,0.096,27
data/opis_1/delo_0109/059.jpg,0,0.398,0.561,0.36,1.08,0.268,29
data/opis_1/delo_0109/060.jpg,0,0.448,0.22,0.374,1.001,0.314,26
data/opis_1/delo_0109/061.jpg,0,0.401,0.682,0.352,0.957,0.244,29
data/opis_1/delo_0109/062.jpg,0,0.384,0.33,0.338,1.315,0.255,25
data/opis_1/delo_0109/063.jpg,0,0.418,0.327,0.353,1.083,0.244,28
data/opis_1/delo_0109/064.jpg,0,0.458,0.499,0.332,1.015,0.17,27
data/opis_1/delo_0109/065.jpg,0,0.421,0.274,0.336,0.975,0.273,26
data/opis_1/delo_0109/066.jpg,0,0.44,0.332,0.286,0.928,0.088,26
data/opis_1/delo_0109/067.jpg,0,0.399,0.49,0.353,1.004,0.311,26
data/opis_1/delo_0109/068.jpg,0,0.409,0.678,0.367,0.954,0.096,27
data/opis_1/delo_0109/069.jpg,0,0.418,0.36,0.382,1.05,0.356,28
data/opis_1/delo_0109/070.jpg,0,0.426,0.48,0.403,1.307,0.726,28
data/opis_1/delo_0109/071.jpg,0,0.402,0.475,0.417,1.053,0.14,27
data/opis_1/delo_0109/072.jpg,0,0.406,0.755,0.334,0.969,0.057,27
data/opis_1/delo_0109/073.jpg,0,0.446,0.221,0.359,1.007,0.365,26
data/opis_1/delo_0049/000.jpg,0,0.69,0.459,1.274,1.37,0.574,21
data/opis_1/delo_0049/001.jpg,1,0.687,1.0,1.19,1.603,1.937,25
data/opis_1/delo_0049/002.jpg,1,0.636,1.0,1.087,1.301,1.044,25
data/opis_1/delo_0049/003.jpg,1,0.681,1.0,1.213,1.234,1.559,26
data/opis_1/delo_0049/004.jpg,1,0.56,1.0,1.075,1.442,0.905,30
data/opis_1/delo_0049/005.jpg,1,0.643,1.0,1.22,1.151,1.507,15
data/opis_1/delo_0049/006.jpg,1,0.581,1.0,0.992,1.19,1.324,31
data/opis_1/delo_0049/007.jpg,1,0.681,1.0,1.522,1.329,1.484,12
data/opis_1/delo_0049/008.jpg,1,0.595,1.0,1.129,1.256,1.754,17
data/opis_1/delo_0049/009.jpg,1,0.641,1.0,1.613,1.4,1.471,13
data/opis_1/delo_0049/010.jpg,1,0.58,0.031,1.101,1.666,1.542,29
data/opis_1/delo_0049/011.jpg,1,0.691,1.0,1.098,1.439,1.097,18
data/opis_1/delo_0049/012.jpg,1,0.585,1.0,1.0,1.189,1.003,34
data/opis_1/delo_0049/013.jpg,1,0.648,0.947,0.928,1.278,1.128,21
data/opis_1/delo_0049/014.jpg,1,0.556,1.0,1.162,1.269,1.304,33
data/opis_1/delo_0049/015.jpg,1,0.672,1.0,1.507,1.242,1.71,22
data/opis_1/delo_0049/016.jpg,1,0.638,1.0,1.241,1.433,1.427,14
data/opis_1/delo_0049/017.jpg,1,0.588,1.0,1.198,1.351,2.344,31
data/opis_1/delo_0049/018.jpg,1,0.498,1.0,0.98,1.394,1.527,26
data/opis_1/delo_0049/019.jpg,1,0.63,0.456,1.723,1.424,2.013,16
data/opis_1/delo_0049/020.jpg,1,0.56,1.0,1.195,1.239,1.427,27
data/opis_1/delo_0049/021.jpg,1,0.594,1.0,1.116,1.252,1.038,24
data/opis_1/delo_0049/022.jpg,1,0.667,1.0,1.586,1.449,1.468,11
data/opis_1/delo_0049/023.jpg,1,0.631,0.726,1.135,1.237,1.397,17
data/opis_1/delo_0049/024.jpg,1,0.544,1.0,1.244,1.369,1.371,16
data/opis_1/delo_0049/025.jpg,1,0.814,0.754,2.719,1.328,1.759,7
data/opis_1/delo_0049/026.jpg,1,0.675,1.0,1.455,1.167,1.588,22
data/opis_1/delo_0049/027.jpg,1,0.501,-0.202,1.418,1.512,2.457,14
data/opis_1/delo_0535/000.jpg,1,0.739,0.416,1.434,1.701,0.587,21
data/opis_1/delo_0535/001.jpg,1,0.742,1.0,1.368,1.626,1.205,20
data/opis_1/delo_0535/002.jpg,1,0.596,0.565,1.546,0.989,0.982,23
data/opis_1/delo_0535/003.jpg,1,0.646,1.0,1.113,1.307,0.517,21
data/opis_1/delo_0535/004.jpg,1,0.664,1.0,1.374,1.473,1.64,14
data/opis_1/delo_0535/005.jpg,1,0.809,1.0,1.292,1.37,1.536,17
data/opis_1/delo_0535/006.jpg,1,0.615,0.92,2.129,1.456,1.417,8
data/opis_1/delo_0535/007.jpg,1,0.78,1.0,1.474,1.798,0.547,19
data/opis_1/delo_0535/008.jpg,1,0.489,0.759,1.447,1.123,1.953,16
data/opis_1/delo_0535/009.jpg,1,0.757,0.849,1.38,1.265,0.368,22
data/opis_1/delo_0535/010.jpg,1,0.532,1.0,1.243,1.261,1.919,22
data/opis_1/delo_0535/011.jpg,1,0.706,1.0,1.285,1.205,0.486,24
data/opis_1/delo_0535/012.jpg,1,0.431,0.514,1.501,1.722,2.326,15
data/opis_1/delo_0535/013.jpg,1,0.792,1.0,1.365,1.308,0.368,21
data/opis_1/delo_0535/014.jpg,1,0.55,1.0,0.974,1.042,0.859,27
data/opis_1/delo_0535/015.jpg,0,0.791,1.0,1.413,1.237,0.905,18
data/opis_1/delo_0535/016.jpg,1,0.439,0.512,1.33,1.328,0.791,15
data/opis_1/delo_0535/017.jpg,1,0.787,1.0,1.144,1.157,0.804,21
data/opis_1/delo_0535/018.jpg,1,0.726,1.0,1.59,1.436,1.346,16
data/opis_1/delo_0535/019.jpg,1,0.756,1.0,1.106,1.171,0.927,20
data/opis_1/delo_0535/020.jpg,1,0.591,1.0,0.846,1.359,1.646,17
data/opis_1/delo_0535/021.jpg,1,0.707,1.0,1.545,1.193,1.172,21
data/opis_1/delo_0535/022.jpg,1,0.625,1.0,1.38,1.058,1.734,12
data/opis_1/delo_0535/023.jpg,1,0.645,1.0,1.376,1.261,0.548,27
data/opis_1/delo_0535/024.jpg,1,0.644,1.0,1.15,1.134,1.211,19
data/opis_1/delo_0535/025.jpg,1,0.439,1.0,0.959,1.079,0.43,28
data/opis_1/delo_0535/026.jpg,1,0.548,1.0,1.088,1.169,1.225,16
data/opis_1/delo_0535/027.jpg,1,0.551,0.699,1.463,1.096,1.009,27
data/opis_1/delo_0535/028.jpg,1,0.677,1.0,1.154,1.283,1.213,17
data/opis_1/delo_0535/030.jpg,1,0.602,1.0,1.062,1.134,1.498,16
data/opis_1/delo_0535/031.jpg,1,0.646,0.66,1.859,1.298,1.258,15
data/opis_1/delo_0535/032.jpg,1,0.676,1.0,1.255,1.257,1.195,14
data/opis_1/delo_0535/033.jpg,1,0.629,1.0,1.497,1.396,1.429,17
data/opis_1/delo_0535/034.jpg,1,0.634,1.0,2.26,1.19,2.176,13
data/opis_1/delo_0535/035.jpg,1,0.62,0.713,1.78,1.306,1.439,19
data/opis_1/delo_0535/036.jpg,1,0.896,1.0,2.752,1.55,1.538,7
data/opis_1/delo_0535/037.jpg,0,0.473,0.105,0.356,1.048,0.199,29
data/opis_1/delo_0535/038.jpg,0,0.553,0.231,0.382,1.015,0.14,30
data/opis_1/delo_0535/039.jpg,0,0.446,0.093,0.335,0.973,0.126,30
data/opis_1/delo_0535/040.jpg,0,0.487,0.366,0.377,1.026,0.239,30
data/opis_1/delo_0535/041.jpg,0,0.506,0.162,0.349,1.004,0.144,30
data/opis_1/delo_0535/042.jpg,0,0.629,1.0,0.533,1.005,0.102,28
data/opis_1/delo_0535/043.jpg,0,0.665,1.0,0.516,1.028,0.071,27
data/opis_1/delo_0535/044.jpg,0,0.493,-0.045,0.308,0.996,0.088,27
data/opis_1/delo_0535/045.jpg,0,0.615,0.394,0.487,1.061,0.138,29
data/opis_1/delo_0535/046.jpg,0,0.482,0.13,0.425,1.027,0.178,30
data/opis_1/delo_0535/047.jpg,0,0.641,1.0,0.561,0.987,0.231,33
data/opis_1/delo_0535/048.jpg,0,0.573,0.402,0.539,1.049,0.153,30
data/opis_1/delo_0535/049.jpg,0,0.577,1.0,0.444,1.158,0.124,27
data/opis_1/delo_0535/050.jpg,0,0.671,1.0,0.609,1.025,0.067,27
data/opis_1/delo_0535/051.jpg,0,0.572,0.168,0.464,1.11,0.189,27
data/opis_1/delo_0535/052.jpg,0,0.622,1.0,0.524,1.006,0.053,8
data/opis_1/delo_0119/000.jpg,0,0.645,0.355,0.948,1.341,0.645,20
data/opis_1/delo_0119/001.jpg,0,0.327,0.141,0.39,1.116,0.256,31
data/opis_1/delo_0119/002.jpg,0,0.338,0.338,0.41,1.506,0.174,29
data/opis_1/delo_0119/003.jpg,0,0.371,0.4,0.415,1.107,0.236,14
data/opis_1/delo_0119/004.jpg,0,0.332,0.417,0.584,1.24,0.265,31
data/opis_1/delo_0119/005.jpg,0,0.392,0.487,0.552,1.151,0.204,29
data/opis_1/delo_0119/006.jpg,0,0.355,0.429,0.516,1.497,0.223,14
data/opis_1/delo_0038/000.jpg,0,0.67,0.508,1.488,2.172,0.568,22
data/opis_1/delo_0038/001.jpg,1,0.438,0.287,0.466,1.142,0.525,32
data/opis_1/delo_0038/002.jpg,0,0.435,0.287,0.533,1.551,0.172,34
data/opis_1/delo_0038/003.jpg,0,0.348,0.259,0.511,1.093,0.258,29
data/opis_1/delo_0038/004.jpg,1,0.77,1.0,2.752,1.339,1.806,19
data/opis_1/delo_0038/005.jpg,1,0.724,0.773,1.65,1.279,1.541,8
data/opis_1/delo_0038/006.jpg,1,0.719,0.782,1.555,1.139,1.581,9
data/opis_1/delo_0038/007.jpg,1,0.903,1.0,2.173,1.577,0.92,4
data/opis_1/delo_0038/009.jpg,1,0.761,1.0,1.204,1.1,1.31,6
data/opis_1/delo_0504/000.jpg,1,0.576,1.0,1.995,1.074,1.163,5
data/opis_1/delo_0504/001.jpg,1,0.56,0.307,0.44,1.064,0.32,31
data/opis_1/delo_0504/002.jpg,1,0.718,0.26,0.695,1.447,0.365,21
data/opis_1/delo_0504/003.jpg,1,0.624,-0.111,0.487,1.097,0.23,26
data/opis_1/delo_0504/004.jpg,0,0.804,0.324,0.6,1.208,0.297,25
data/opis_1/delo_0504/005.jpg,0,0.528,0.462,0.424,1.769,0.508,34
data/opis_1/delo_0504/006.jpg,0,0.64,0.697,0.89,2.391,0.416,20
data/opis_1/delo_0504/007.jpg,0,0.573,0.317,0.364,2.484,0.474,31
data/opis_1/delo_0504/008.jpg,1,0.629,0.426,0.429,1.559,0.417,31
data/opis_1/delo_0068/000.jpg,1,0.745,0.607,2.512,2.308,1.37,20
data/opis_1/delo_0068/001.jpg,0,0.442,0.377,0.253,1.751,0.059,31
data/opis_1/delo_0068/002.jpg,0,0.444,0.114,0.275,1.548,0.118,28
data/opis_1/delo_0068/003.jpg,0,0.495,0.151,0.27,1.04,0.222,31
data/opis_1/delo_0068/004.jpg,0,0.497,0.13,0.23,0.927,0.205,30
data/opis_1/delo_0068/005.jpg,0,0.458,0.233,0.375,1.349,0.203,32
data/opis_1/delo_0068/006.jpg,0,0.43,0.153,0.345,1.097,0.282,33
data/opis_1/delo_0068/007.jpg,1,0.485,0.115,0.348,1.521,0.19,30
data/opis_1/delo_0068/008.jpg,1,0.427,0.07,0.362,1.537,0.283,33
data/opis_1/delo_0068/009.jpg,0,0.474,0.116,0.245,0.915,0.079,31
data/opis_1/delo_0068/010.jpg,0,0.457,-0.051,0.247,1.012,0.157,28
data/opis_1/delo_0068/011.jpg,0,0.532,0.088,0.274,0.971,0.206,31
data/opis_1/delo_0068/012.jpg,0,0.509,0.099,0.263,0.901,0.232,31
data/opis_1/delo_0068/013.jpg,0,0.45,0.083,0.322,0.911,0.191,31
data/opis_1/delo_0068/014.jpg,0,0.446,0.227,0.241,0.862,0.108,31
data/opis_1/delo_0068/015.jpg,0,0.499,0.08,0.252,0.871,0.066,28
data/opis_1/delo_0068/016.jpg,0,0.448,0.109,0.257,0.856,0.136,28
data/opis_1/delo_0039/000.jpg,0,0.781,0.756,2.395,2.537,1.442,20
data/opis_1/delo_0039/001.jpg,1,0.715,0.567,2.116,1.757,2.144,27
data/opis_1/delo_0039/002.jpg,1,0.751,1.0,1.105,1.38,1.453,11
data/opis_1/delo_0039/003.jpg,1,0.525,0.236,1.1,1.428,1.54,8
data/opis_1/delo_0039/004.jpg,1,0.699,1.0,1.201,1.549,1.483,6
data/opis_1/delo_0048/000.jpg,0,0.686,0.452,0.973,2.123,0.582,19
data/opis_1/delo_0048/001.jpg,1,0.541,1.0,1.221,1.426,1.119,42
data/opis_1/delo_0048/002.jpg,1,0.575,1.0,1.216,1.387,0.954,7
data/opis_1/delo_0048/003.jpg,1,0.593,1.0,1.115,1.342,0.478,34
data/opis_1/delo_0048/004.jpg,1,0.652,1.0,1.581,1.385,1.714,33
data/opis_1/delo_0048/005.jpg,1,0.619,1.0,1.168,1.418,0.974,26
data/opis_1/delo_0534/000.jpg,0,0.677,0.428,1.007,1.733,0.598,21
data/opis_1/delo_0534/001.jpg,1,0.621,0.623,1.479,1.301,2.373,17
data/opis_1/delo_0534/002.jpg,1,0.826,1.0,2.55,1.088,1.785,12
data/opis_1/delo_0534/003.jpg,0,0.502,0.668,0.373,1.043,0.272,33
data/opis_1/delo_0534/004.jpg,0,0.466,0.413,0.348,1.03,0.182,31
data/opis_1/delo_0534/005.jpg,0,0.362,0.528,0.413,0.995,0.281,30
data/opis_1/delo_0534/006.jpg,0,0.356,0.408,0.403,0.964,0.086,32
data/opis_1/delo_0534/007.jpg,0,0.381,0.666,0.415,1.0,0.246,31
data/opis_1/delo_0534/008.jpg,0,0.489,0.439,0.524,1.263,0.58,14
data/opis_1/delo_0058/000.jpg,0,0.706,0.498,1.363,1.456,0.943,16
data/opis_1/delo_0058/001.jpg,1,0.705,1.0,1.225,1.416,0.397,27
data/opis_1/delo_0058/002.jpg,1,0.681,1.0,1.046,1.457,0.163,23
data/opis_1/delo_0058/003.jpg,0,0.483,0.222,0.301,1.034,0.381,33
data/opis_1/delo_0058/004.jpg,0,0.394,0.117,0.288,0.93,0.144,30
data/opis_1/delo_0058/005.jpg,0,0.444,0.494,0.293,2.404,0.251,31
data/opis_1/delo_0058/006.jpg,0,0.526,0.138,0.3,0.887,0.345,53
data/opis_1/delo_0058/007.jpg,0,0.522,0.13,0.362,1.046,0.412,49
data/opis_1/delo_0058/008.jpg,0,0.51,0.114,0.351,1.66,0.352,49
data/opis_1/delo_0058/009.jpg,1,0.749,0.362,1.147,1.313,0.575,34
data/opis_1/delo_0058/010.jpg,0,0.393,-0.035,0.254,0.842,0.153,33
data/opis_1/delo_0058/011.jpg,1,0.754,1.0,1.279,1.359,0.593,31
data/opis_1/delo_0058/012.jpg,0,0.405,0.34,0.292,0.9,0.075,31
data/opis_1/delo_0058/013.jpg,0,0.421,0.088,0.271,0.827,0.062,29
data/opis_1/delo_0058/014.jpg,0,0.394,0.075,0.278,0.861,0.27,32
data/opis_1/delo_0058/015.jpg,0,0.392,0.224,0.263,0.829,0.37,19
data/opis_1/delo_0058/016.jpg,1,0.627,0.228,1.037,1.128,0.842,26
data/opis_1/delo_0058/017.jpg,1,0.64,1.0,1.123,1.394,0.377,26
data/opis_1/delo_0118/000.jpg,1,0.677,0.352,0.807,1.386,0.616,19
data/opis_1/delo_0118/001.jpg,1,0.848,1.0,1.88,1.305,1.186,7
data/opis_1/delo_0118/002.jpg,1,0.913,1.0,2.55,1.336,1.329,9
data/opis_1/delo_0118/003.jpg,1,0.853,1.0,1.618,1.444,1.072,5
data/opis_1/delo_0118/004.jpg,1,0.804,1.0,1.719,2.179,1.485,10
data/opis_1/delo_0118/005.jpg,1,0.59,1.0,1.597,2.035,2.107,9
data/opis_1/delo_0118/006.jpg,1,0.852,1.0,2.183,1.356,1.298,7
data/opis_1/delo_0118/007.jpg,1,0.839,1.0,1.551,1.137,1.213,7
data/opis_1/delo_0118/008.jpg,0,0.848,1.0,2.243,1.144,1.267,9
data/opis_1/delo_0118/009.jpg,1,0.754,1.0,1.922,1.71,1.479,8
data/opis_1/delo_0118/010.jpg,0,0.38,0.587,0.285,1.041,0.282,29
data/opis_1/delo_0118/011.jpg,0,0.442,0.456,0.289,0.961,0.23,29
data/opis_1/delo_0118/012.jpg,0,0.389,0.538,0.329,0.957,0.153,28
data/opis_1/delo_0118/013.jpg,0,0.422,0.415,0.325,1.022,0.156,28
data/opis_1/delo_0118/014.jpg,0,0.399,0.665,0.285,0.942,0.175,27
data/opis_1/delo_0118/015.jpg,0,0.416,0.58,0.298,0.951,0.074,26
data/opis_1/delo_0077/000.jpg,0,0.685,0.175,1.184,2.014,0.4,18
data/opis_1/delo_0077/001.jpg,1,0.758,1.0,1.425,1.646,1.099,6
data/opis_1/delo_0077/002.jpg,0,0.797,1.0,1.938,2.075,2.055,7
data/opis_1/delo_0084/000.jpg,0,0.742,0.789,1.992,1.075,1.393,15
data/opis_1/delo_0084/002.jpg,1,0.53,0.945,1.602,1.508,1.076,19
data/opis_1/delo_0084/003.jpg,1,0.592,1.0,1.123,1.186,0.89,34
data/opis_1/delo_0084/004.jpg,1,0.609,0.288,0.923,1.248,0.788,26
data/opis_1/delo_0084/005.jpg,0,0.543,0.201,1.577,1.518,0.683,19
data/opis_1/delo_0084/006.jpg,0,0.501,0.761,1.422,1.254,1.17,14
data/opis_1/delo_0084/007.jpg,0,0.752,1.0,1.941,2.191,0.765,14
data/opis_1/delo_0084/008.jpg,0,0.697,1.0,1.601,1.553,1.281,13
data/opis_1/delo_0084/009.jpg,1,0.775,1.0,1.988,1.204,0.978,11
data/opis_1/delo_0084/010.jpg,1,0.73,1.0,1.624,1.451,1.293,14
data/opis_1/delo_0084/011.jpg,1,0.738,1.0,1.344,1.302,1.256,12
data/opis_1/delo_0084/012.jpg,1,0.643,0.817,2.513,1.351,1.598,33
data/opis_1/delo_0084/014.jpg,1,0.525,1.0,1.083,1.181,1.149,20
data/opis_1/delo_0084/015.jpg,0,0.821,1.0,1.705,1.613,1.654,11
data/opis_1/delo_0084/016.jpg,1,0.735,1.0,1.406,1.371,0.841,10
data/opis_1/delo_0084/017.jpg,1,0.682,1.0,1.496,1.093,0.956,17
data/opis_1/delo_0084/018.jpg,1,0.723,1.0,1.219,1.5,0.745,16
data/opis_1/delo_0084/019.jpg,1,0.668,1.0,1.529,1.259,1.012,25
data/opis_1/delo_0084/020.jpg,0,0.762,0.932,1.718,1.193,1.644,12
data/opis_1/delo_0084/021.jpg,1,0.713,1.0,1.48,1.543,0.836,23
data/opis_1/delo_0084/022.jpg,1,0.833,1.0,1.532,1.157,1.551,15
data/opis_1/delo_0084/023.jpg,1,0.718,1.0,1.597,1.325,0.587,21
data/opis_1/delo_0084/024.jpg,1,0.706,1.0,1.442,1.69,0.81,21
data/opis_1/delo_0084/025.jpg,1,0.636,1.0,1.136,1.509,1.176,15
data/opis_1/delo_0084/026.jpg,1,0.691,1.0,1.223,1.477,0.789,22
data/opis_1/delo_0084/027.jpg,0,0.651,0.301,1.342,1.42,0.893,19
data/opis_1/delo_0084/028.jpg,0,0.643,1.0,0.999,1.319,0.857,27
data/opis_1/delo_0084/029.jpg,1,0.816,0.932,2.075,1.733,1.576,12
data/opis_1/delo_0084/030.jpg,1,0.642,1.0,1.117,1.42,1.073,22
data/opis_1/delo_0084/031.jpg,1,0.599,1.0,1.154,1.293,0.517,25
data/opis_1/delo_0084/032.jpg,1,0.725,0.643,1.45,1.304,1.213,26
data/opis_1/delo_0084/033.jpg,1,0.601,1.0,1.369,1.546,0.812,28
data/opis_1/delo_0084/034.jpg,1,0.611,1.0,1.246,1.906,0.726,6
data/opis_1/delo_0084/035.jpg,1,0.679,1.0,1.359,1.478,0.415,32
data/opis_1/delo_0084/036.jpg,1,0.633,1.0,1.008,1.391,0.151,15
data/opis_1/delo_0084/037.jpg,1,0.587,1.0,1.364,1.122,1.297,6
data/opis_1/delo_0084/038.jpg,1,0.526,0.371,1.419,1.532,0.767,15
data/opis_1/delo_0084/039.jpg,0,0.742,1.0,2.558,1.476,1.527,6
data/opis_1/delo_0084/040.jpg,0,0.773,1.0,1.671,1.611,1.557,13
data/opis_1/delo_0084/041.jpg,0,0.884,1.0,2.076,1.398,1.255,12
data/opis_1/delo_0084/042.jpg,1,0.764,0.693,1.751,1.324,1.475,13
data/opis_1/delo_0084/043.jpg,0,0.799,1.0,1.838,1.478,0.918,10
data/opis_1/delo_0084/044.jpg,1,0.425,0.643,1.292,1.123,0.579,47
data/opis_1/delo_0084/045.jpg,0,0.824,1.0,1.948,1.445,1.685,13
data/opis_1/delo_0084/047.jpg,0,0.676,1.0,1.989,1.219,1.29,8
data/opis_1/delo_0084/048.jpg,0,0.738,1.0,1.316,1.578,0.397,17
data/opis_1/delo_0084/049.jpg,0,0.645,1.0,1.257,1.299,1.061,24
data/opis_1/delo_0084/050.jpg,0,0.81,1.0,1.238,1.09,0.866,20
data/opis_1/delo_0084/051.jpg,1,0.697,1.0,1.464,1.277,0.879,25
data/opis_1/delo_0084/052.jpg,0,0.782,1.0,1.327,1.131,0.98,19
data/opis_1/delo_0084/053.jpg,1,0.625,1.0,1.263,1.249,0.547,23
data/opis_1/delo_0084/054.jpg,1,0.649,1.0,1.329,1.538,0.85,19
data/opis_1/delo_0084/055.jpg,1,0.579,1.0,1.19,1.544,1.308,18
data/opis_1/delo_0084/056.jpg,1,0.714,1.0,1.176,1.349,0.575,22
data/opis_1/delo_0084/057.jpg,1,0.664,1.0,1.465,1.337,1.255,17
data/opis_1/delo_0084/058.jpg,1,0.601,0.894,1.39,1.453,1.306,20
data/opis_1/delo_0084/059.jpg,1,0.746,1.0,1.487,1.395,0.718,16
data/opis_1/delo_0084/060.jpg,1,0.687,1.0,1.341,1.301,1.287,10
data/opis_1/delo_0084/061.jpg,1,0.808,0.845,2.363,1.438,1.395,17
data/opis_1/delo_0084/062.jpg,1,0.756,1.0,2.058,1.305,1.634,20
data/opis_1/delo_0084/063.jpg,1,0.55,1.0,1.051,1.349,0.773,33
data/opis_1/delo_0084/064.jpg,1,0.722,0.935,1.853,1.535,1.385,13
data/opis_1/delo_0084/065.jpg,1,0.63,1.0,1.071,1.439,0.215,15
data/opis_1/delo_0084/066.jpg,0,0.553,0.208,0.358,1.098,0.105,24
data/opis_1/delo_0084/067.jpg,0,0.443,0.407,0.352,1.885,0.398,29
data/opis_1/delo_0084/068.jpg,0,0.5,0.559,0.374,1.131,0.413,34
data/opis_1/delo_0084/069.jpg,0,0.484,0.438,0.391,1.493,0.385,28
data/opis_1/delo_0084/070.jpg,0,0.523,0.569,0.429,1.449,0.309,26
data/opis_1/delo_0084/071.jpg,0,0.643,0.675,0.377,2.315,0.121,20
data/opis_1/delo_0084/072.jpg,1,0.739,1.0,1.746,1.465,1.102,21
data/opis_1/delo_0084/073.jpg,0,0.535,0.229,0.789,1.273,0.669,21
data/opis_1/delo_0084/074.jpg,0,0.535,0.434,0.388,2.062,0.422,34
data/opis_1/delo_0084/075.jpg,0,0.457,0.609,0.337,1.138,0.189,32
data/opis_1/delo_0084/076.jpg,1,0.469,0.522,0.394,1.789,0.336,34
data/opis_1/delo_0084/077.jpg,0,0.394,0.582,0.363,1.464,0.21,33
data/opis_1/delo_0084/078.jpg,0,0.352,0.567,0.418,1.103,0.308,35
data/opis_1/delo_0084/079.jpg,1,0.429,0.11,0.332,1.022,0.265,31
data/opis_1/delo_0084/080.jpg,0,0.475,0.341,0.251,2.72,0.374,31
data/opis_1/delo_0084/081.jpg,0,0.514,0.58,0.347,1.628,0.199,27
data/opis_1/delo_0084/082.jpg,0,0.433,0.335,0.288,1.097,0.319,29
data/opis_1/delo_0084/083.jpg,0,0.42,0.265,0.342,1.038,0.26,25
data/opis_1/delo_0084/084.jpg,0,0.416,0.425,0.282,1.011,0.3,31
data/opis_1/delo_0084/085.jpg,0,0.446,0.351,0.311,1.132,0.39,29
data/opis_1/delo_0084/086.jpg,0,0.448,0.312,0.261,1.007,0.306,34
data/opis_1/delo_0084/087.jpg,1,0.493,0.454,0.326,1.936,0.366,31
data/opis_1/delo_0084/088.jpg,0,0.399,0.442,0.303,1.039,0.057,27
data/opis_1/delo_0084/089.jpg,0,0.366,0.191,0.326,1.153,0.149,28
data/opis_1/delo_0084/090.jpg,0,0.465,0.72,0.329,1.41,0.099,30
data/opis_1/delo_0084/091.jpg,0,0.362,0.32,0.317,1.004,0.079,30
data/opis_1/delo_0084/092.jpg,0,0.434,0.473,0.308,1.198,0.343,30
data/opis_1/delo_0084/093.jpg,0,0.492,0.449,0.302,2.913,0.166,31
data/opis_1/delo_0084/094.jpg,0,0.412,0.335,0.288,1.103,0.081,28
data/opis_1/delo_0084/095.jpg,0,0.469,0.338,0.348,1.899,0.105,29
data/opis_1/delo_0084/096.jpg,0,0.481,0.134,0.33,1.1,0.308,31
data/opis_1/delo_0084/097.jpg,0,0.519,0.135,0.352,1.6,0.349,23
data/opis_1/delo_0084/098.jpg,1,0.623,0.867,1.255,1.619,1.162,29
data/opis_1/delo_0084/099.jpg,1,0.54,0.821,1.185,1.762,1.067,28
data/opis_1/delo_0084/100.jpg,1,0.755,1.0,1.598,1.587,0.688,29
data/opis_1/delo_0084/101.jpg,1,0.559,1.0,1.422,1.372,1.221,29
data/opis_1/delo_0084/102.jpg,1,0.667,0.265,2.463,2.034,1.832,28
data/opis_1/delo_0084/103.jpg,1,0.557,0.568,1.48,1.111,1.364,10
data/opis_1/delo_0084/104.jpg,1,0.731,1.0,2.013,1.44,1.278,11
data/opis_1/delo_0084/105.jpg,1,0.736,1.0,1.304,2.17,0.907,22
data/opis_1/delo_0084/106.jpg,1,0.84,1.0,2.392,1.943,1.263,5
data/opis_1/delo_0084/107.jpg,0,0.546,0.113,0.424,0.967,0.103,24
data/opis_1/delo_0084/108.jpg,0,0.622,0.23,0.482,1.004,0.172,24
data/opis_1/delo_0084/109.jpg,0,0.597,0.243,0.272,1.007,0.391,32
data/opis_1/delo_0084/110.jpg,0,0.486,0.243,0.253,0.962,0.15,30
data/opis_1/delo_0084/111.jpg,0,0.494,0.134,0.264,1.003,0.239,32
data/opis_1/delo_0084/112.jpg,0,0.447,0.336,0.292,1.019,0.249,33
data/opis_1/delo_0084/113.jpg,0,0.398,0.318,0.305,0.97,0.186,32
data/opis_1/delo_0084/114.jpg,0,0.361,0.489,0.328,1.101,0.198,25
data/opis_1/delo_0084/115.jpg,0,0.397,0.393,0.353,1.147,0.436,33
data/opis_1/delo_0084/116.jpg,0,0.433,0.508,0.364,1.068,0.367,30
data/opis_1/delo_0084/117.jpg,0,0.403,0.444,0.395,1.072,0.331,29
data/opis_1/delo_0084/118.jpg,0,0.417,0.41,0.381,1.005,0.2,25
data/opis_1/delo_0084/119.jpg,0,0.387,0.56,0.403,1.254,0.336,32
data/opis_1/delo_0084/120.jpg,0,0.412,0.559,0.428,1.301,0.328,28
data/opis_1/delo_0084/121.jpg,0,0.379,0.712,0.399,1.312,0.262,32
data/opis_1/delo_0084/122.jpg,0,0.42,0.396,0.364,1.005,0.324,30
data/opis_1/delo_0084/123.jpg,0,0.351,0.607,0.45,1.045,0.13,27
data/opis_1/delo_0084/124.jpg,0,0.542,0.307,0.287,1.028,0.064,27
data/opis_1/delo_0084/125.jpg,0,0.52,0.324,0.329,1.032,0.1,29
data/opis_1/delo_0084/126.jpg,0,0.43,0.105,0.372,1.098,0.12,30
data/opis_1/delo_0084/127.jpg,0,0.512,0.203,0.358,0.993,0.242,27
data/opis_1/delo_0084/128.jpg,0,0.569,1.0,0.362,1.186,0.071,30
data/opis_1/delo_0084/129.jpg,0,0.577,1.0,0.351,1.082,0.19,29
data/opis_1/delo_0084/130.jpg,0,0.516,-0.171,0.399,1.037,0.165,29
data/opis_1/delo_0084/131.jpg,0,0.429,0.283,0.387,1.126,0.206,29
data/opis_1/delo_0084/132.jpg,0,0.472,0.53,0.365,1.042,0.276,22
data/opis_1/delo_0084/133.jpg,0,0.544,0.225,0.395,1.104,0.172,24
data/opis_1/delo_0084/134.jpg,0,0.543,0.388,0.377,1.279,0.388,32
data/opis_1/delo_0084/135.jpg,0,0.413,0.655,0.364,1.241,0.135,30
data/opis_1/delo_0084/136.jpg,0,0.445,0.467,0.356,1.116,0.3,33
data/opis_1/delo_0084/137.jpg,0,0.355,0.494,0.386,1.055,0.292,33
data/opis_1/delo_0084/138.jpg,0,0.353,0.559,0.412,1.045,0.128,32
data/opis_1/delo_0084/139.jpg,0,0.443,0.091,0.295,0.991,0.205,26
data/opis_1/delo_0084/140.jpg,1,0.568,1.0,0.357,0.99,0.333,30
data/opis_1/delo_0084/141.jpg,0,0.606,0.332,0.441,1.067,0.328,30
data/opis_1/delo_0084/142.jpg,0,0.553,0.307,0.372,1.033,0.204,27
data/opis_1/delo_0084/143.jpg,0,0.546,0.279,0.41,0.996,0.173,24
data/opis_1/delo_0084/144.jpg,0,0.527,0.181,0.39,1.064,0.259,31
data/opis_1/delo_0084/145.jpg,0,0.563,0.141,0.426,1.007,0.309,28
data/opis_1/delo_0084/146.jpg,0,0.449,0.079,0.387,1.046,0.201,31
data/opis_1/delo_0084/147.jpg,0,0.501,0.072,0.451,1.176,0.394,32
data/opis_1/delo_0084/148.jpg,0,0.422,0.096,0.436,1.04,0.298,30
data/opis_1/delo_0084/149.jpg,0,0.671,1.0,0.53,1.05,0.116,27
data/opis_1/delo_0084/150.jpg,0,0.573,0.324,0.442,1.059,0.058,29
data/opis_1/delo_0084/151.jpg,0,0.611,0.298,0.606,1.028,0.066,30
data/opis_1/delo_0084/152.jpg,0,0.628,0.307,0.498,1.065,0.168,27
data/opis_1/delo_0084/153.jpg,0,0.673,1.0,0.546,1.152,0.049,30
data/opis_1/delo_0084/154.jpg,0,0.627,1.0,0.435,1.118,0.188,29
data/opis_1/delo_0084/155.jpg,0,0.573,-0.237,0.512,1.062,0.129,28
data/opis_1/delo_0084/156.jpg,0,0.403,0.199,0.443,1.102,0.282,30
data/opis_1/delo_0084/157.jpg,0,0.518,0.141,0.359,1.136,0.26,22
data/opis_1/delo_0084/158.jpg,1,0.701,1.0,1.938,1.401,0.881,21
data/opis_1/delo_0084/159.jpg,1,0.651,1.0,1.703,1.456,1.498,13
data/opis_1/delo_0084/160.jpg,1,0.684,0.932,1.696,1.345,1.452,12
data/opis_1/delo_0084/161.jpg,1,0.65,1.0,1.367,1.125,1.407,9
data/opis_1/delo_0292/000.jpg,1,0.637,0.52,1.324,1.474,2.007,19
data/opis_1/delo_0292/001.jpg,1,0.668,0.727,1.786,1.361,1.306,10
data/opis_1/delo_0292/002.jpg,0,0.381,0.131,0.717,1.183,1.324,17
data/opis_1/delo_0043/000.jpg,0,0.701,0.874,3.372,1.307,2.15,16
data/opis_1/delo_0043/001.jpg,1,0.433,1.0,1.132,1.357,0.55,41
data/opis_1/delo_0043/002.jpg,1,0.601,1.0,1.304,1.324,1.947,21
data/opis_1/delo_0043/003.jpg,1,0.508,1.0,0.982,1.32,1.687,22
data/opis_1/delo_0043/004.jpg,1,0.601,1.0,1.063,1.102,1.521,23
data/opis_1/delo_0043/005.jpg,1,0.548,0.315,0.983,1.559,1.279,24
data/opis_1/delo_0043/006.jpg,1,0.707,1.0,1.512,1.422,1.663,11
data/opis_1/delo_0043/007.jpg,1,0.607,1.0,1.277,1.33,1.505,16
data/opis_1/delo_0043/008.jpg,1,0.608,1.0,1.01,1.396,1.61,16
data/opis_1/delo_0043/009.jpg,1,0.614,1.0,1.542,1.166,1.216,25
data/opis_1/delo_0043/010.jpg,1,0.672,1.0,2.01,1.472,1.451,14
data/opis_1/delo_0043/011.jpg,1,0.528,1.0,1.342,1.026,1.671,25
data/opis_1/delo_0043/012.jpg,1,0.613,0.424,1.301,1.277,1.517,14
data/opis_1/delo_0043/013.jpg,1,0.509,1.0,1.243,1.543,1.651,30
data/opis_1/delo_0043/014.jpg,1,0.573,1.0,1.045,1.093,1.469,20
data/opis_1/delo_0043/015.jpg,1,0.464,0.264,1.047,1.306,1.084,34
data/opis_1/delo_0043/016.jpg,1,0.662,1.0,1.296,1.251,1.555,11
data/opis_1/delo_0043/017.jpg,1,0.556,0.0,1.233,1.464,1.292,20
data/opis_1/delo_0043/018.jpg,1,0.749,1.0,1.2,1.122,1.303,10
data/opis_1/delo_0043/019.jpg,1,0.54,1.0,0.985,1.358,1.776,18
data/opis_1/delo_0043/020.jpg,1,0.686,1.0,1.612,1.204,1.669,16
data/opis_1/delo_0043/021.jpg,1,0.498,1.0,1.063,1.269,1.344,26
data/opis_1/delo_0043/022.jpg,1,0.628,1.0,1.225,1.387,1.673,12
data/opis_1/delo_0043/023.jpg,1,0.598,0.642,1.233,1.294,1.673,13
data/opis_1/delo_0043/024.jpg,1,0.625,1.0,1.311,1.202,1.488,15
data/opis_1/delo_0043/025.jpg,1,0.488,0.645,1.217,1.295,1.468,24
data/opis_1/delo_0043/026.jpg,1,0.563,1.0,1.063,1.086,1.455,12
data/opis_1/delo_0043/027.jpg,0,0.642,1.0,1.177,1.256,1.971,12
data/opis_1/delo_0043/028.jpg,1,0.657,1.0,1.323,1.237,1.947,14
data/opis_1/delo_0043/029.jpg,0,0.719,1.0,1.746,1.432,1.657,12
data/opis_1/delo_0043/030.jpg,1,0.811,1.0,1.561,1.407,1.651,6
data/opis_1/delo_0043/031.jpg,1,0.619,0.507,2.042,1.627,0.837,19
data/opis_1/delo_0043/032.jpg,1,0.797,1.0,1.963,1.264,0.349,17
data/opis_1/delo_0043/033.jpg,1,0.622,1.0,1.509,1.256,1.041,20
data/opis_1/delo_0043/034.jpg,1,0.556,1.0,1.365,1.826,1.314,11
data/opis_1/delo_0043/035.jpg,0,0.731,1.0,1.159,1.74,0.707,30
data/opis_1/delo_0053/000.jpg,0,0.712,0.525,1.203,1.711,0.484,19
data/opis_1/delo_0053/001.jpg,0,0.78,1.0,1.247,1.443,0.981,24
data/opis_1/delo_0053/002.jpg,0,0.777,1.0,1.187,1.55,0.237,30
data/opis_1/delo_0053/003.jpg,1,0.73,1.0,1.1,1.48,0.487,33
data/opis_1/delo_0282/000.jpg,0,0.433,0.824,1.807,0.89,1.76,16
data/opis_1/delo_0282/002.jpg,1,0.617,0.528,1.649,0.911,1.324,4
data/opis_1/delo_0282/003.jpg,1,0.645,1.0,1.19,1.016,1.957,7
data/opis_1/delo_0282/004.jpg,1,0.664,1.0,1.484,1.442,2.182,8
data/opis_1/delo_0282/005.jpg,1,0.782,1.0,2.25,1.39,1.781,9
data/opis_1/delo_0282/006.jpg,0,0.648,0.874,1.703,1.436,2.488,16
data/opis_1/delo_0282/007.jpg,1,0.793,1.0,1.864,1.368,1.968,14
data/opis_1/delo_0282/008.jpg,1,0.663,0.689,1.81,1.544,1.656,18
data/opis_1/delo_0282/009.jpg,1,0.781,1.0,1.866,1.242,1.978,18
data/opis_1/delo_0282/010.jpg,1,0.7,0.728,1.497,1.814,2.042,17
data/opis_1/delo_0282/011.jpg,1,0.788,0.542,2.703,1.541,2.033,17
data/opis_1/delo_0282/012.jpg,1,0.65,1.0,1.315,1.463,2.153,15
data/opis_1/delo_0282/013.jpg,1,0.783,0.596,2.231,1.464,1.988,19
data/opis_1/delo_0282/014.jpg,0,0.838,1.0,2.421,1.557,0.589,9
data/opis_1/delo_0282/015.jpg,1,0.792,1.0,2.362,1.146,2.159,18
data/opis_1/delo_0282/016.jpg,1,0.742,1.0,1.489,1.428,0.649,15
data/opis_1/delo_0282/017.jpg,1,0.649,0.947,1.985,1.297,0.72,21
data/opis_1/delo_0282/018.jpg,1,0.698,1.0,1.325,1.24,1.807,21
data/opis_1/delo_0282/019.jpg,1,0.702,1.0,1.369,1.407,1.714,14
data/opis_1/delo_0282/020.jpg,1,0.825,0.896,1.795,1.255,1.89,21
data/opis_1/delo_0282/021.jpg,1,0.743,1.0,1.756,1.634,1.73,9
data/opis_1/delo_0282/022.jpg,0,0.844,1.0,2.284,1.329,1.743,17
data/opis_1/delo_0282/023.jpg,0,0.785,0.872,2.674,1.142,1.841,13
data/opis_1/delo_0282/024.jpg,1,0.856,0.857,1.739,1.369,1.59,20
data/opis_1/delo_0282/025.jpg,1,0.708,1.0,1.887,1.371,1.762,7
data/opis_1/delo_0282/026.jpg,1,0.787,1.0,1.833,1.23,1.84,17
data/opis_1/delo_0282/027.jpg,1,0.735,1.0,1.583,1.176,1.944,9
data/opis_1/delo_0282/028.jpg,1,0.846,1.0,2.003,1.298,1.481,15
data/opis_1/delo_0282/029.jpg,1,0.724,1.0,1.607,1.304,1.664,8
data/opis_1/delo_0282/030.jpg,1,0.784,0.821,2.243,1.399,1.265,45
data/opis_1/delo_0282/031.jpg,1,0.613,0.745,1.73,1.527,2.211,32
data/opis_1/delo_0282/032.jpg,1,0.597,0.682,1.683,1.553,2.294,22
data/opis_1/delo_0282/033.jpg,1,0.501,0.62,1.729,1.332,2.046,22
data/opis_1/delo_0282/034.jpg,1,0.797,0.798,2.786,1.323,1.941,11
data/opis_1/delo_0282/035.jpg,1,0.727,0.856,1.88,1.309,1.993,11
data/opis_1/delo_0282/036.jpg,1,0.802,0.868,2.037,1.364,2.223,16
data/opis_1/delo_0282/037.jpg,1,0.818,1.0,2.501,1.156,1.429,8
data/opis_1/delo_0282/038.jpg,1,0.841,0.752,2.286,1.225,1.161,6
data/opis_1/delo_0282/039.jpg,1,0.757,1.0,2.387,1.228,1.677,7
data/opis_1/delo_0282/040.jpg,1,0.867,1.0,2.467,1.392,1.566,11
data/opis_1/delo_0282/041.jpg,1,0.709,0.942,1.668,1.491,2.202,17
data/opis_1/delo_0094/000.jpg,0,0.687,0.47,1.328,2.093,0.437,18
data/opis_1/delo_0094/001.jpg,1,0.556,1.0,0.993,1.185,1.404,19
data/opis_1/delo_0094/003.jpg,0,0.416,0.412,0.49,1.19,0.027,12
data/opis_1/delo_0094/004.jpg,1,0.641,1.0,1.178,1.639,1.73,12
data/opis_1/delo_0094/005.jpg,1,0.763,1.0,1.139,1.081,1.413,11
data/opis_1/delo_0036/000.jpg,1,0.66,0.528,1.486,2.091,1.004,23
data/opis_1/delo_0036/002.jpg,1,0.759,0.958,1.508,2.185,1.053,34
data/opis_1/delo_0036/003.jpg,1,0.701,1.0,1.22,1.283,1.555,14
data/opis_1/delo_0036/004.jpg,1,0.796,1.0,1.268,1.125,1.249,17
data/opis_1/delo_0036/005.jpg,1,0.644,1.0,1.063,1.282,1.588,13
data/opis_1/delo_0036/006.jpg,1,0.784,1.0,1.654,1.305,1.536,11
data/opis_1/delo_0036/007.jpg,1,0.68,1.0,1.106,1.358,1.538,12
data/opis_1/delo_0036/008.jpg,1,0.905,1.0,1.659,1.313,0.609,4
data/opis_1/delo_0036/009.jpg,1,0.732,1.0,1.397,1.417,1.457,10
data/opis_1/delo_0036/010.jpg,1,0.827,1.0,2.171,1.839,1.451,9
data/opis_1/delo_0036/011.jpg,1,0.673,1.0,1.4,0.975,1.882,6
data/opis_1/delo_0036/012.jpg,1,0.726,1.0,1.397,1.322,1.683,9
data/opis_1/delo_0036/013.jpg,1,0.713,1.0,1.012,1.3,1.5,11
data/opis_1/delo_0036/014.jpg,1,0.644,0.236,1.286,1.166,1.616,20
data/opis_1/delo_0036/015.jpg,0,0.589,1.0,0.911,1.134,1.297,31
data/opis_1/delo_0036/016.jpg,1,0.704,1.0,0.841,1.145,1.523,19
data/opis_1/delo_0036/017.jpg,1,0.737,1.0,1.382,1.217,1.441,11
data/opis_1/delo_0036/018.jpg,1,0.843,1.0,1.718,1.113,1.219,10
data/opis_1/delo_0036/019.jpg,1,0.775,1.0,1.173,1.567,1.147,9
data/opis_1/delo_0036/020.jpg,1,0.781,1.0,0.89,1.086,1.167,9
data/opis_1/delo_0036/021.jpg,1,0.785,1.0,1.272,1.354,1.385,9
data/opis_1/delo_0036/022.jpg,0,0.482,1.0,0.814,1.89,1.655,10
data/opis_1/delo_0036/023.jpg,1,0.833,1.0,1.348,2.495,1.055,21
data/opis_1/delo_0067/000.jpg,0,0.609,0.425,1.304,1.722,2.08,17
data/opis_1/delo_0067/001.jpg,1,0.6,0.878,1.248,1.888,0.971,35
data/opis_1/delo_0067/002.jpg,1,0.47,0.395,1.158,1.691,0.962,51
data/opis_1/delo_0067/003.jpg,1,0.48,0.766,1.07,1.474,2.026,37
data/opis_1/delo_0067/004.jpg,1,0.555,0.224,1.257,1.656,1.472,27
data/opis_1/delo_0067/005.jpg,1,0.44,0.483,1.096,1.199,1.049,43
data/opis_1/delo_0067/007.jpg,1,0.418,0.122,1.13,1.321,1.261,45
data/opis_1/delo_0067/008.jpg,0,0.217,0.495,0.883,1.099,0.705,24
data/opis_1/delo_0067/009.jpg,0,0.276,0.456,0.928,1.141,0.576,24
data/opis_1/delo_0067/010.jpg,1,0.33,-0.147,0.94,1.275,0.739,45
data/opis_1/delo_0067/011.jpg,1,0.476,0.318,1.051,1.946,0.898,32
data/opis_1/delo_0067/012.jpg,1,0.483,0.008,1.024,1.616,0.649,49
data/opis_1/delo_0067/013.jpg,1,0.383,0.469,1.486,1.371,1.826,50
data/opis_1/delo_0067/014.jpg,1,0.634,1.0,1.066,1.325,0.469,31
data/opis_1/delo_0067/015.jpg,1,0.624,1.0,0.869,1.45,1.166,18
data/opis_1/delo_0067/016.jpg,1,0.706,0.772,1.25,1.331,0.692,39
data/opis_1/delo_0067/017.jpg,0,0.401,0.328,0.97,1.623,0.794,41
data/opis_1/delo_0067/018.jpg,1,0.594,1.0,0.936,1.433,0.336,20
data/opis_1/delo_0067/019.jpg,0,0.412,0.329,0.301,0.907,0.137,29
data/opis_1/delo_0067/020.jpg,1,0.436,0.553,1.847,1.112,1.524,33
data/opis_1/delo_0067/021.jpg,1,0.417,0.171,1.929,0.815,1.991,33
data/opis_1/delo_0067/022.jpg,0,0.344,0.559,1.14,1.072,0.714,51
data/opis_1/delo_0067/023.jpg,1,0.408,1.0,0.827,1.317,0.99,42
data/opis_1/delo_0067/024.jpg,1,0.463,0.026,1.142,1.497,0.797,46
data/opis_1/delo_0067/025.jpg,1,0.35,0.195,0.739,1.3,0.827,29
data/opis_1/delo_0067/026.jpg,1,0.505,-0.05,0.981,1.998,0.752,34
data/opis_1/delo_0067/027.jpg,1,0.351,0.193,1.079,1.019,1.016,55
data/opis_1/delo_0067/028.jpg,0,0.361,0.349,1.126,1.194,1.179,44
data/opis_1/delo_0067/029.jpg,1,0.299,0.383,0.991,1.017,1.091,51
data/opis_1/delo_0067/030.jpg,0,0.339,0.06,1.368,1.039,1.054,53
data/opis_1/delo_0067/033.jpg,0,0.39,0.443,0.907,1.439,0.754,45
data/opis_1/delo_0067/034.jpg,1,0.424,0.267,1.132,0.995,0.96,30
data/opis_1/delo_0067/035.jpg,0,0.313,0.037,1.008,0.975,0.881,40
data/opis_1/delo_0067/036.jpg,0,0.34,0.079,0.815,1.076,0.752,49
data/opis_1/delo_0067/037.jpg,0,0.341,-0.056,0.7,1.062,0.836,59
data/opis_1/delo_0067/038.jpg,0,0.318,0.725,0.869,1.15,0.705,60
data/opis_1/delo_0067/040.jpg,0,0.447,0.151,0.327,1.288,0.21,31
data/opis_1/delo_0067/041.jpg,1,0.372,-0.128,1.073,1.173,1.117,41
data/opis_1/delo_0067/042.jpg,1,0.574,1.0,1.515,1.438,1.473,10
data/opis_1/delo_0067/043.jpg,1,0.625,1.0,1.677,1.533,1.307,15
data/opis_1/delo_0067/044.jpg,0,0.554,1.0,1.956,1.234,1.351,6
data/opis_1/delo_0067/045.jpg,1,0.316,0.205,0.703,1.269,0.772,43
data/opis_1/delo_0067/046.jpg,1,0.323,0.098,0.804,0.992,0.915,61
data/opis_1/delo_0067/047.jpg,1,0.32,0.148,0.73,1.006,0.815,68
data/opis_1/delo_0067/048.jpg,1,0.305,0.156,0.801,1.063,1.007,61
data/opis_1/delo_0067/049.jpg,1,0.424,0.473,0.974,1.153,0.943,39
data/opis_1/delo_0067/050.jpg,1,0.213,0.144,0.813,1.202,0.841,36
data/opis_1/delo_0067/051.jpg,1,0.434,0.876,1.062,1.191,0.67,34
data/opis_1/delo_0067/052.jpg,1,0.262,-0.037,0.846,1.051,0.685,32
data/opis_1/delo_0067/053.jpg,1,0.43,0.848,0.987,1.467,0.864,40
data/opis_1/delo_0067/054.jpg,1,0.59,1.0,1.153,1.345,0.774,40
data/opis_1/delo_0067/055.jpg,1,0.441,1.0,0.92,1.049,0.538,39
data/opis_1/delo_0067/056.jpg,0,0.212,-0.001,0.974,0.995,0.885,26
data/opis_1/delo_0067/057.jpg,0,0.233,0.188,0.793,0.962,0.866,43
data/opis_1/delo_0067/058.jpg,0,0.439,0.067,0.241,0.916,0.139,30
data/opis_1/delo_0067/059.jpg,1,0.238,0.245,1.434,0.857,1.079,12
data/opis_1/delo_0067/060.jpg,0,0.271,0.461,1.284,1.556,1.196,27
data/opis_1/delo_0067/061.jpg,0,0.58,0.567,1.483,1.222,0.543,15
data/opis_1/delo_0067/062.jpg,0,0.633,0.42,1.616,1.227,0.921,15
data/opis_1/delo_0067/063.jpg,0,0.535,0.513,1.323,1.251,0.686,11
data/opis_1/delo_0067/064.jpg,1,0.417,0.461,1.273,1.329,0.787,14
data/opis_1/delo_0067/065.jpg,1,0.612,0.913,1.324,1.636,1.557,31
data/opis_1/delo_0067/066.jpg,1,0.657,0.904,1.713,1.548,1.031,36
data/opis_1/delo_0067/067.jpg,1,0.733,1.0,1.398,1.415,1.234,19
data/opis_1/delo_0067/068.jpg,1,0.753,1.0,1.132,1.121,1.654,18
data/opis_1/delo_0067/069.jpg,1,0.349,0.026,1.532,0.923,2.963,32
data/opis_1/delo_0067/070.jpg,1,0.458,0.503,0.912,1.052,0.767,35
data/opis_1/delo_0067/071.jpg,1,0.678,1.0,1.27,1.366,0.796,10
data/opis_1/delo_0067/072.jpg,1,0.588,0.162,0.957,1.145,1.584,19
data/opis_1/delo_0067/073.jpg,0,0.573,1.0,0.911,1.576,0.86,22
data/opis_1/delo_0067/074.jpg,0,0.537,0.389,0.915,1.4,1.175,22
data/opis_1/delo_0067/075.jpg,1,0.706,1.0,1.186,1.538,1.986,17
data/opis_1/delo_0067/076.jpg,1,0.535,1.0,1.489,1.35,2.132,22
data/opis_1/delo_0067/077.jpg,0,0.612,1.0,1.792,1.979,1.496,7
data/opis_1/delo_0067/078.jpg,1,0.791,0.182,2.067,1.431,1.409,10
data/opis_1/delo_0067/080.jpg,0,0.581,0.286,0.426,0.907,0.445,29
data/opis_1/delo_0067/081.jpg,0,0.566,0.238,0.374,0.905,0.256,28
data/opis_1/delo_0067/082.jpg,1,0.738,1.0,1.152,1.295,1.596,12
data/opis_1/delo_0067/083.jpg,1,0.588,1.0,0.907,1.433,1.648,26
data/opis_1/delo_0067/084.jpg,1,0.831,1.0,1.439,1.31,1.096,20
data/opis_1/delo_0067/085.jpg,1,0.724,1.0,1.375,1.095,1.325,14
data/opis_1/delo_0067/086.jpg,1,0.616,1.0,1.015,1.409,1.469,21
data/opis_1/delo_0067/087.jpg,1,0.736,1.0,0.955,1.15,1.617,15
data/opis_1/delo_0067/088.jpg,1,0.752,1.0,1.624,1.376,1.284,11
data/opis_1/delo_0067/089.jpg,1,0.702,1.0,1.584,1.456,1.853,17
data/opis_1/delo_0067/090.jpg,1,0.81,1.0,1.389,1.381,1.051,14
data/opis_1/delo_0067/091.jpg,1,0.571,1.0,1.064,1.418,1.675,22
data/opis_1/delo_0067/092.jpg,1,0.829,1.0,1.486,1.229,1.33,7
data/opis_1/delo_0067/093.jpg,1,0.79,1.0,1.963,1.201,1.376,20
data/opis_1/delo_0067/094.jpg,1,0.594,1.0,0.904,1.329,1.396,18
data/opis_1/delo_0067/095.jpg,1,0.814,1.0,1.855,1.641,1.13,27
data/opis_1/delo_0047/000.jpg,1,0.781,0.37,1.666,1.778,1.237,8
data/opis_1/delo_0047/001.jpg,1,0.659,1.0,1.389,1.662,1.124,30
data/opis_1/delo_0047/002.jpg,1,0.722,0.608,2.578,1.177,2.135,9
data/opis_1/delo_0047/003.jpg,1,0.705,1.0,1.565,1.48,1.729,16
data/opis_1/delo_0047/004.jpg,1,0.725,1.0,0.997,1.355,2.351,15
data/opis_1/delo_0047/005.jpg,1,0.631,1.0,1.357,1.132,1.991,13
data/opis_1/delo_0047/006.jpg,0,0.805,1.0,1.485,1.286,2.234,15
data/opis_1/delo_0047/007.jpg,0,0.808,1.0,1.202,1.313,1.527,9
data/opis_1/delo_0047/008.jpg,0,0.847,0.717,1.472,1.326,1.861,9
data/opis_1/delo_0047/009.jpg,1,0.701,1.0,1.326,1.194,1.723,8
data/opis_1/delo_0047/010.jpg,0,0.785,1.0,1.361,1.732,2.169,11
data/opis_1/delo_0047/011.jpg,0,0.674,1.0,1.43,1.501,1.682,9
data/opis_1/delo_0047/012.jpg,1,0.693,1.0,1.002,1.113,1.687,17
data/opis_1/delo_0047/013.jpg,1,0.773,1.0,1.4,1.189,1.447,16
data/opis_1/delo_0047/014.jpg,0,0.84,1.0,1.398,1.169,1.589,8
data/opis_1/delo_0047/015.jpg,1,0.737,1.0,1.143,1.167,1.48,14
data/opis_1/delo_0047/016.jpg,0,0.624,1.0,1.186,0.977,1.629,9
data/opis_1/delo_0047/017.jpg,1,0.785,1.0,2.166,1.182,1.725,15
data/opis_1/delo_0047/018.jpg,0,0.776,1.0,1.609,1.168,1.996,10
data/opis_1/delo_0047/019.jpg,1,0.682,1.0,1.246,1.44,1.73,11
data/opis_1/delo_0047/020.jpg,1,0.743,1.0,1.51,1.33,2.368,11
data/opis_1/delo_0047/021.jpg,1,0.692,1.0,1.426,1.102,1.777,11
data/opis_1/delo_0047/022.jpg,0,0.715,1.0,1.331,1.143,2.725,16
data/opis_1/delo_0047/023.jpg,1,0.711,1.0,1.135,1.259,1.782,13
data/opis_1/delo_0047/024.jpg,1,0.667,1.0,0.915,1.188,2.152,16
data/opis_1/delo_0047/025.jpg,1,0.739,1.0,1.477,1.046,1.587,17
data/opis_1/delo_0047/026.jpg,1,0.742,0.778,1.439,1.151,2.155,17
data/opis_1/delo_0047/027.jpg,1,0.71,1.0,1.09,1.255,1.461,14
data/opis_1/delo_0047/028.jpg,1,0.567,0.831,1.029,1.15,2.434,17
data/opis_1/delo_0047/029.jpg,1,0.696,1.0,1.198,1.029,1.598,20
data/opis_1/delo_0047/030.jpg,0,0.77,1.0,1.386,2.069,1.957,11
data/opis_1/delo_0047/031.jpg,1,0.809,1.0,1.801,1.114,1.66,14
data/opis_1/delo_0047/032.jpg,1,0.845,0.727,2.66,1.1,1.553,10
data/opis_1/delo_0047/033.jpg,0,0.847,1.0,1.946,1.354,1.469,6
data/opis_1/delo_0047/034.jpg,1,0.76,0.773,2.368,1.202,1.549,16
data/opis_1/delo_0047/035.jpg,1,0.736,0.791,1.687,1.962,1.865,10
data/opis_1/delo_0047/036.jpg,1,0.89,0.568,2.192,1.246,1.606,7
data/opis_1/delo_0047/037.jpg,0,0.633,1.0,1.234,1.045,1.911,14
data/opis_1/delo_0047/038.jpg,0,0.772,1.0,1.251,1.208,1.842,11
data/opis_1/delo_0047/039.jpg,1,0.87,1.0,1.459,1.144,1.537,10
data/opis_1/delo_0047/040.jpg,1,0.762,1.0,1.107,1.127,1.845,10
data/opis_1/delo_0047/041.jpg,1,0.796,1.0,1.424,1.187,1.356,11
data/opis_1/delo_0047/042.jpg,1,0.628,1.0,0.874,1.185,2.27,14
data/opis_1/delo_0047/043.jpg,0,0.514,0.112,1.582,1.351,0.718,27
data/opis_1/delo_0047/044.jpg,1,0.742,0.924,1.351,1.745,1.833,9
data/opis_1/delo_0047/045.jpg,0,0.622,0.542,0.885,1.061,1.81,18
data/opis_1/delo_0047/046.jpg,1,0.695,1.0,0.948,1.047,1.412,23
data/opis_1/delo_0047/047.jpg,1,0.656,1.0,0.95,1.156,2.547,24
data/opis_1/delo_0047/048.jpg,1,0.753,0.618,1.191,1.288,1.819,16
data/opis_1/delo_0047/049.jpg,1,0.743,1.0,1.32,1.293,1.948,8
data/opis_1/delo_0047/050.jpg,1,0.776,1.0,1.17,1.093,1.598,18
data/opis_1/delo_0047/051.jpg,1,0.688,0.792,1.138,1.553,2.47,20
data/opis_1/delo_0047/052.jpg,1,0.681,0.642,1.135,1.129,1.495,19
data/opis_1/delo_0047/053.jpg,1,0.668,1.0,0.865,1.199,1.89,12
data/opis_1/delo_0047/054.jpg,0,0.639,1.0,0.934,1.204,1.847,26
data/opis_1/delo_0047/055.jpg,0,0.795,1.0,1.225,1.171,2.004,12
data/opis_1/delo_0047/056.jpg,1,0.781,1.0,1.579,1.27,1.752,10
data/opis_1/delo_0047/057.jpg,0,0.465,0.735,0.549,1.454,0.391,38
data/opis_1/delo_0047/058.jpg,0,0.413,0.916,0.516,1.37,0.333,37
data/opis_1/delo_0047/059.jpg,0,0.732,1.0,0.874,1.455,1.176,11
data/opis_1/delo_0047/060.jpg,1,0.677,0.705,1.614,2.022,1.185,7
data/opis_1/delo_0047/061.jpg,1,0.584,0.475,0.932,1.205,1.795,25
data/opis_1/delo_0047/062.jpg,1,0.76,1.0,1.356,1.403,1.547,13
data/opis_1/delo_0047/063.jpg,1,0.672,1.0,1.167,1.189,2.194,10
data/opis_1/delo_0047/064.jpg,1,0.76,1.0,1.305,1.159,2.078,11
data/opis_1/delo_0047/065.jpg,1,0.607,1.0,1.035,1.023,2.687,17
data/opis_1/delo_0047/066.jpg,1,0.553,1.0,0.952,1.213,1.711,22
data/opis_1/delo_0047/067.jpg,1,0.72,1.0,1.248,1.686,2.305,11
data/opis_1/delo_0047/068.jpg,1,0.821,0.428,1.452,1.21,1.407,12
data/opis_1/delo_0047/069.jpg,1,0.622,1.0,0.953,1.124,2.164,20
data/opis_1/delo_0047/070.jpg,1,0.719,1.0,1.079,1.042,2.026,18
data/opis_1/delo_0047/071.jpg,1,0.626,1.0,0.956,1.126,2.08,11
data/opis_1/delo_0047/072.jpg,1,0.809,1.0,1.342,1.283,1.732,8
data/opis_1/delo_0047/073.jpg,0,0.633,1.0,1.178,1.231,2.128,17
data/opis_1/delo_0047/074.jpg,0,0.706,1.0,1.144,1.164,1.625,25
data/opis_1/delo_0047/075.jpg,0,0.709,1.0,0.901,1.259,2.268,16
data/opis_1/delo_0047/076.jpg,0,0.611,1.0,1.062,1.329,2.296,16
data/opis_1/delo_0047/077.jpg,1,0.683,0.801,1.157,1.279,1.394,22
data/opis_1/delo_0047/078.jpg,1,0.623,1.0,1.051,1.127,1.751,21
data/opis_1/delo_0047/079.jpg,0,0.754,1.0,1.147,1.23,1.882,17
data/opis_1/delo_0047/080.jpg,1,0.7,1.0,1.293,1.074,1.78,17
data/opis_1/delo_0047/081.jpg,0,0.721,1.0,1.174,1.348,2.065,11
data/opis_1/delo_0047/082.jpg,1,0.651,1.0,0.967,1.092,1.914,17
data/opis_1/delo_0047/083.jpg,0,0.768,1.0,1.364,1.142,1.99,11
data/opis_1/delo_0047/084.jpg,1,0.799,1.0,1.567,1.546,1.355,11
data/opis_1/delo_0047/085.jpg,1,0.578,0.766,0.956,1.296,2.632,15
data/opis_1/delo_0047/086.jpg,0,0.583,1.0,1.062,1.28,1.694,16
data/opis_1/delo_0047/087.jpg,0,0.8,1.0,1.144,1.164,1.89,14
data/opis_1/delo_0047/088.jpg,1,0.78,1.0,1.307,1.108,1.381,14
data/opis_1/delo_0047/089.jpg,1,0.788,1.0,1.127,1.223,0.394,12
data/opis_1/delo_0047/090.jpg,0,0.704,1.0,1.075,1.178,1.754,25
data/opis_1/delo_0047/091.jpg,0,0.758,1.0,1.059,1.251,0.934,28
data/opis_1/delo_0047/092.jpg,1,0.765,1.0,1.18,1.492,0.59,28
data/opis_1/delo_0047/093.jpg,0,0.756,1.0,0.99,1.246,1.805,24
data/opis_1/delo_0047/094.jpg,1,0.773,1.0,1.045,1.366,1.039,30
data/opis_1/delo_0047/095.jpg,0,0.824,1.0,1.003,1.271,0.522,28
data/opis_1/delo_0047/096.jpg,0,0.791,1.0,1.199,1.288,0.758,29
data/opis_1/delo_0047/097.jpg,1,0.818,1.0,1.133,1.857,0.717,28
data/opis_1/delo_0047/098.jpg,0,0.75,0.869,1.12,1.426,0.478,30
data/opis_1/delo_0047/099.jpg,0,0.765,1.0,1.144,1.421,1.045,28
data/opis_1/delo_0047/100.jpg,1,0.807,1.0,1.356,1.466,0.546,31
data/opis_1/delo_0047/101.jpg,0,0.707,1.0,1.208,1.146,1.711,25
data/opis_1/delo_0047/103.jpg,0,0.753,1.0,1.246,1.445,0.543,31
data/opis_1/delo_0047/104.jpg,1,0.799,1.0,1.162,1.316,0.545,29
data/opis_1/delo_0047/105.jpg,0,0.763,1.0,1.246,1.395,0.641,28
data/opis_1/delo_0047/106.jpg,1,0.76,1.0,1.14,1.292,1.655,25
data/opis_1/delo_0047/107.jpg,0,0.809,1.0,1.378,1.111,0.375,32
data/opis_1/delo_0047/108.jpg,0,0.725,1.0,1.142,1.284,1.622,28
data/opis_1/delo_0047/109.jpg,1,0.739,1.0,1.389,1.203,1.07,31
data/opis_1/delo_0047/110.jpg,0,0.784,1.0,1.281,1.076,0.977,27
data/opis_1/delo_0047/111.jpg,1,0.823,1.0,1.23,1.117,0.34,31
data/opis_1/delo_0047/112.jpg,1,0.755,1.0,1.134,1.251,0.875,29
data/opis_1/delo_0047/113.jpg,1,0.734,1.0,1.255,1.175,0.843,28
data/opis_1/delo_0047/114.jpg,0,0.814,1.0,1.202,1.129,0.884,30
data/opis_1/delo_0047/115.jpg,1,0.503,1.0,1.255,1.021,0.856,40
data/opis_1/delo_0047/116.jpg,1,0.687,1.0,1.28,1.221,0.757,37
data/opis_1/delo_0047/117.jpg,1,0.743,0.827,1.43,1.215,0.482,32
data/opis_1/delo_0047/118.jpg,0,0.791,1.0,1.268,1.282,0.614,31
data/opis_1/delo_0047/119.jpg,1,0.796,1.0,1.062,1.339,0.361,32
data/opis_1/delo_0047/120.jpg,0,0.737,1.0,1.089,1.29,0.623,32
data/opis_1/delo_0047/121.jpg,0,0.671,0.867,1.219,1.059,1.212,29
data/opis_1/delo_0047/122.jpg,0,0.659,1.0,1.026,1.048,1.419,31
data/opis_1/delo_0047/123.jpg,1,0.72,1.0,1.188,1.411,2.105,15
data/opis_1/delo_0047/124.jpg,1,0.635,1.0,1.241,1.221,0.928,39
data/opis_1/delo_0047/125.jpg,1,0.667,1.0,0.987,1.222,0.659,36
data/opis_1/delo_0047/126.jpg,0,0.764,1.0,1.105,1.28,1.738,12
data/opis_1/delo_0047/127.jpg,0,0.708,1.0,1.382,1.313,1.774,13
data/opis_1/delo_0047/128.jpg,1,0.665,1.0,1.07,1.158,1.145,28
data/opis_1/delo_0047/129.jpg,1,0.746,1.0,1.19,1.522,0.751,19
data/opis_1/delo_0047/130.jpg,1,0.707,1.0,1.115,1.155,1.479,30
data/opis_1/delo_0047/131.jpg,1,0.439,0.442,1.299,1.159,0.855,29
data/opis_1/delo_0047/132.jpg,1,0.731,0.913,1.291,1.35,0.532,31
data/opis_1/delo_0047/133.jpg,1,0.716,0.907,1.009,1.125,0.96,27
data/opis_1/delo_0047/134.jpg,1,0.734,1.0,1.236,1.1,0.889,30
data/opis_1/delo_0047/135.jpg,0,0.702,1.0,0.99,1.041,2.407,24
data/opis_1/delo_0047/136.jpg,1,0.745,1.0,1.127,1.309,1.407,29
data/opis_1/delo_0047/137.jpg,0,0.684,1.0,1.043,1.108,1.222,29
data/opis_1/delo_0047/138.jpg,1,0.696,1.0,1.277,1.166,0.92,29
data/opis_1/delo_0047/139.jpg,0,0.626,0.208,1.113,1.241,2.016,24
data/opis_1/delo_0047/140.jpg,0,0.717,1.0,1.372,1.28,1.837,24
data/opis_1/delo_0047/141.jpg,1,0.592,1.0,0.91,1.287,1.665,24
data/opis_1/delo_0047/142.jpg,0,0.583,0.871,0.873,1.196,1.53,31
data/opis_1/delo_0047/143.jpg,0,0.789,0.886,1.435,1.182,1.536,17
data/opis_1/delo_0047/144.jpg,0,0.755,1.0,1.256,1.33,0.955,24
data/opis_1/delo_0047/145.jpg,0,0.726,1.0,1.058,1.288,0.689,26
data/opis_1/delo_0047/146.jpg,1,0.699,1.0,1.19,1.315,1.423,17
data/opis_1/delo_0047/147.jpg,1,0.729,1.0,1.416,1.288,1.609,10
data/opis_1/delo_0047/148.jpg,1,0.724,0.842,1.174,1.087,1.467,20
data/opis_1/delo_0047/149.jpg,0,0.641,1.0,0.96,1.173,1.698,22
data/opis_1/delo_0047/150.jpg,1,0.648,1.0,1.243,1.277,1.289,24
data/opis_1/delo_0047/151.jpg,1,0.541,1.0,1.106,1.203,2.164,13
data/opis_1/delo_0047/152.jpg,1,0.706,0.842,1.335,1.322,1.411,20
data/opis_1/delo_0047/153.jpg,1,0.615,1.0,1.016,1.182,1.553,29
data/opis_1/delo_0047/154.jpg,1,0.547,1.0,1.146,1.131,1.747,21
data/opis_1/delo_0047/155.jpg,1,0.698,0.719,1.162,1.221,2.002,16
data/opis_1/delo_0047/156.jpg,1,0.886,1.0,1.925,1.317,1.161,6
data/opis_1/delo_0047/157.jpg,1,0.643,1.0,1.172,1.302,2.148,24
data/opis_1/delo_0047/158.jpg,1,0.578,1.0,1.218,1.292,1.904,19
data/opis_1/delo_0047/159.jpg,1,0.749,1.0,1.236,1.275,1.923,28
data/opis_1/delo_0047/160.jpg,1,0.673,1.0,1.206,1.185,1.766,14
data/opis_1/delo_0047/161.jpg,1,0.729,1.0,1.222,1.322,1.982,18
data/opis_1/delo_0047/162.jpg,1,0.652,1.0,1.333,1.005,1.602,7
data/opis_1/delo_0047/163.jpg,1,0.713,1.0,1.184,1.268,2.06,17
data/opis_1/delo_0047/164.jpg,1,0.752,1.0,1.452,1.239,1.465,12
data/opis_1/delo_0047/165.jpg,0,0.656,1.0,1.076,1.163,2.51,17
data/opis_1/delo_0047/166.jpg,1,0.565,1.0,0.994,1.302,2.057,11
data/opis_1/delo_0047/167.jpg,1,0.785,1.0,1.691,1.398,2.092,10
data/opis_1/delo_0047/168.jpg,1,0.838,1.0,2.142,1.098,1.322,6
data/opis_1/delo_0047/169.jpg,1,0.751,1.0,1.112,1.165,2.129,13
data/opis_1/delo_0047/170.jpg,1,0.749,1.0,1.672,1.089,1.579,8
data/opis_1/delo_0047/171.jpg,1,0.811,0.736,1.582,1.507,1.924,11
data/opis_1/delo_0047/172.jpg,1,0.8,1.0,1.527,1.281,1.337,7
data/opis_1/delo_0047/173.jpg,1,0.742,1.0,1.715,1.692,1.345,13
data/opis_1/delo_0073/000.jpg,0,0.66,0.617,1.948,2.074,1.202,17
data/opis_1/delo_0073/001.jpg,1,0.868,1.0,1.869,1.688,1.204,12
data/opis_1/delo_0073/002.jpg,1,0.847,1.0,1.36,1.332,1.393,9
data/opis_1/delo_0073/003.jpg,1,0.493,0.405,0.448,2.043,0.98,41
data/opis_1/delo_0073/004.jpg,0,0.451,0.3,0.319,1.071,1.321,39
data/opis_1/delo_0073/005.jpg,1,0.471,0.32,0.388,2.281,0.651,41
data/opis_1/delo_0073/006.jpg,1,0.436,0.483,0.449,1.6,1.416,37
data/opis_1/delo_0073/007.jpg,0,0.418,0.292,0.367,0.99,0.843,34
data/opis_1/delo_0073/008.jpg,1,0.527,0.328,0.775,1.747,1.063,14
data/opis_1/delo_0073/009.jpg,1,0.512,0.579,0.981,1.294,1.906,17
data/opis_1/delo_0073/010.jpg,1,0.746,1.0,1.097,1.948,1.659,10
data/opis_1/delo_0073/011.jpg,0,0.451,0.404,0.365,1.256,1.023,36
data/opis_1/delo_0073/012.jpg,0,0.417,0.468,0.329,0.991,0.237,36
data/opis_1/delo_0073/013.jpg,0,0.392,0.225,0.326,1.081,0.298,38
data/opis_1/delo_0073/014.jpg,0,0.403,0.481,0.383,1.0,0.765,39
data/opis_1/delo_0073/015.jpg,0,0.409,0.287,0.394,1.062,1.353,28
data/opis_1/delo_0073/016.jpg,0,0.45,0.192,0.404,1.068,1.339,9
data/opis_1/delo_0073/017.jpg,1,0.738,0.621,1.413,1.099,1.655,11
data/opis_1/delo_0073/018.jpg,1,0.694,1.0,1.416,1.919,1.542,12
data/opis_1/delo_0073/019.jpg,1,0.832,1.0,2.326,1.217,1.605,12
data/opis_1/delo_0073/020.jpg,1,0.77,1.0,1.932,1.635,1.559,12
data/opis_1/delo_0063/000.jpg,0,0.736,0.664,1.979,2.157,1.23,22
data/opis_1/delo_0063/001.jpg,1,0.615,1.0,1.252,1.25,1.518,10
data/opis_1/delo_0063/002.jpg,1,0.427,-0.06,0.387,1.453,0.806,31
data/opis_1/delo_0063/003.jpg,1,0.746,1.0,2.1,1.347,1.398,14
data/opis_1/delo_0063/004.jpg,0,0.458,0.324,0.487,1.705,0.407,33
data/opis_1/delo_0063/005.jpg,1,0.58,1.0,1.118,1.278,1.648,12
data/opis_1/delo_0063/006.jpg,0,0.473,0.192,0.272,0.889,1.031,27
data/opis_1/delo_0063/007.jpg,0,0.677,1.0,1.343,1.152,1.637,20
data/opis_1/delo_0063/008.jpg,0,0.458,0.047,0.316,0.912,0.317,31
data/opis_1/delo_0063/009.jpg,1,0.619,1.0,1.382,1.221,1.702,21
data/opis_1/delo_0063/010.jpg,0,0.416,0.191,0.348,1.89,0.303,32
data/opis_1/delo_0063/011.jpg,1,0.469,0.53,1.585,0.982,1.93,43
data/opis_1/delo_0063/012.jpg,1,0.479,-0.03,1.702,0.963,2.02,8
data/opis_1/delo_0063/013.jpg,0,0.559,1.0,1.295,1.311,1.285,16
data/opis_1/delo_0063/014.jpg,0,0.375,0.212,0.274,0.876,0.217,29
data/opis_1/delo_0063/015.jpg,0,0.663,1.0,1.176,1.078,1.438,17
data/opis_1/delo_0063/016.jpg,0,0.416,0.144,0.292,0.983,0.216,28
data/opis_1/delo_0063/017.jpg,1,0.74,1.0,1.464,1.515,1.284,17
data/opis_1/delo_0063/018.jpg,0,0.409,0.173,0.303,0.884,0.044,24
data/opis_1/delo_0063/019.jpg,1,0.731,0.827,1.544,1.583,1.546,16
data/opis_1/delo_0063/020.jpg,0,0.44,0.057,0.302,0.848,0.083,28
data/opis_1/delo_0063/021.jpg,1,0.753,1.0,1.683,1.092,1.381,9
data/opis_1/delo_0063/022.jpg,0,0.414,0.232,0.3,1.03,0.133,31
data/opis_1/delo_0063/023.jpg,0,0.734,1.0,1.727,1.089,1.449,11
data/opis_1/delo_0063/024.jpg,0,0.412,0.088,0.332,0.998,0.103,29
data/opis_1/delo_0063/025.jpg,0,0.729,1.0,1.475,1.237,1.292,14
data/opis_1/delo_0063/026.jpg,0,0.398,0.307,0.346,0.886,0.095,27
data/opis_1/delo_0063/027.jpg,0,0.706,0.817,1.4,1.467,1.464,14
data/opis_1/delo_0063/028.jpg,0,0.413,0.076,0.281,0.879,0.131,29
data/opis_1/delo_0032/000.jpg,0,0.824,1.0,1.839,1.491,0.651,19
data/opis_1/delo_0032/001.jpg,0,0.554,1.0,0.913,1.288,1.23,41
data/opis_1/delo_0032/002.jpg,1,0.587,1.0,1.078,1.448,1.259,39
data/opis_1/delo_0032/003.jpg,0,0.73,1.0,1.108,1.32,0.446,14
data/opis_1/delo_0032/004.jpg,0,0.745,0.937,1.414,1.593,1.228,14
data/opis_1/delo_0032/005.jpg,1,0.901,1.0,1.909,1.569,1.238,4
data/opis_1/delo_0032/006.jpg,1,0.719,1.0,1.257,1.218,0.689,23
data/opis_1/delo_0032/007.jpg,0,0.793,1.0,1.084,1.783,0.26,18
data/opis_1/delo_0032/008.jpg,1,0.766,1.0,1.163,1.663,0.514,26
data/opis_1/delo_0032/010.jpg,1,0.84,1.0,1.377,1.393,0.445,7
data/opis_1/delo_0032/012.jpg,1,0.86,1.0,2.184,2.084,1.657,7
data/opis_1/delo_0032/013.jpg,0,0.716,0.818,2.281,1.503,1.147,5
data/opis_1/delo_0032/014.jpg,1,0.608,1.0,1.24,1.729,1.428,14
data/opis_1/delo_0032/018.jpg,1,0.908,0.939,2.999,2.12,1.618,15
data/opis_1/delo_0032/020.jpg,0,0.956,1.0,3.422,2.12,0.852,4
data/opis_1/delo_0032/021.jpg,1,0.759,0.155,2.166,0.968,1.476,7
data/opis_1/delo_0032/022.jpg,1,0.719,1.0,1.44,1.369,0.65,36
data/opis_1/delo_0032/023.jpg,1,0.755,1.0,1.099,1.319,0.541,24
data/opis_1/delo_0032/024.jpg,0,0.797,1.0,1.5,1.227,1.213,14
data/opis_1/delo_0032/025.jpg,0,0.646,1.0,1.505,1.33,1.446,34
data/opis_1/delo_0032/026.jpg,1,0.58,0.947,1.646,1.546,1.231,21
data/opis_1/delo_0032/028.jpg,0,0.758,1.0,1.388,1.431,1.415,25
data/opis_1/delo_0032/029.jpg,1,0.704,1.0,1.284,1.959,1.424,18
data/opis_1/delo_0032/031.jpg,1,0.566,1.0,1.127,1.365,1.781,30
data/opis_1/delo_0032/032.jpg,1,0.849,0.844,1.985,1.107,1.057,5
data/opis_1/delo_0032/033.jpg,1,0.57,0.681,1.206,1.329,0.999,34
data/opis_1/delo_0032/034.jpg,1,0.814,1.0,2.38,1.623,1.26,6
data/opis_1/delo_0032/035.jpg,1,0.738,1.0,2.001,1.771,1.171,12
data/opis_1/delo_0032/036.jpg,1,0.733,1.0,1.758,1.696,1.615,5
data/opis_1/delo_0032/037.jpg,1,0.802,0.92,1.558,2.203,1.376,8
data/opis_1/delo_0032/038.jpg,1,0.627,1.0,1.905,1.888,2.272,12
data/opis_1/delo_0032/039.jpg,1,0.779,1.0,1.059,1.566,0.376,22
data/opis_1/delo_0032/040.jpg,1,0.787,1.0,1.53,1.592,0.432,14
data/opis_1/delo_0032/041.jpg,0,0.746,1.0,1.652,2.08,0.935,9
data/opis_1/delo_0106/000.jpg,0,0.689,0.467,0.967,1.719,0.561,21
data/opis_1/delo_0106/001.jpg,1,0.43,1.0,0.843,1.354,1.631,14
data/opis_1/delo_0106/002.jpg,1,0.706,1.0,1.079,1.446,1.203,8
data/opis_1/delo_0106/003.jpg,1,0.783,1.0,1.523,1.17,1.327,9
data/opis_1/delo_0106/004.jpg,1,0.81,1.0,1.597,1.048,1.092,6
data/opis_1/delo_0106/005.jpg,1,0.858,1.0,2.206,1.69,0.965,7
data/opis_1/delo_0106/006.jpg,1,0.878,0.752,1.809,1.649,1.093,6
data/opis_1/delo_0106/007.jpg,1,0.844,1.0,2.632,1.199,1.223,13
data/opis_1/delo_0106/008.jpg,1,0.885,1.0,1.86,1.109,0.966,6
data/opis_1/delo_0106/009.jpg,1,0.893,1.0,2.27,1.039,0.988,7
data/opis_1/delo_0106/010.jpg,1,0.804,1.0,1.902,1.091,0.939,5
data/opis_1/delo_0106/011.jpg,1,0.767,1.0,1.856,1.496,1.403,10
data/opis_1/delo_0106/012.jpg,1,0.724,1.0,1.435,1.421,1.513,12
data/opis_1/delo_0106/013.jpg,1,0.764,0.811,1.663,1.48,0.999,26
data/opis_1/delo_0106/014.jpg,1,0.427,0.486,0.638,1.286,0.691,35
data/opis_1/delo_0106/015.jpg,1,0.716,1.0,1.585,1.038,1.049,10
data/opis_1/delo_0106/016.jpg,1,0.387,0.446,0.624,1.15,0.629,41
data/opis_1/delo_0106/017.jpg,0,0.49,0.273,0.531,1.189,0.18,31
data/opis_1/delo_0106/018.jpg,0,0.439,0.48,0.493,1.192,0.036,28
data/opis_1/delo_0106/019.jpg,0,0.431,0.618,0.557,1.206,0.275,19
data/opis_1/delo_0106/020.jpg,0,0.537,0.405,0.537,1.193,0.188,31
data/opis_1/delo_0106/021.jpg,0,0.473,0.424,0.527,1.205,0.042,28
data/opis_1/delo_0106/022.jpg,0,0.488,0.597,0.518,1.177,0.23,18
data/opis_1/delo_0106/023.jpg,1,0.429,0.637,0.327,1.1,0.283,29
data/opis_1/delo_0106/024.jpg,0,0.424,0.531,0.351,1.193,0.477,32
data/opis_1/delo_0106/025.jpg,0,0.367,0.901,0.356,1.053,0.072,26
data/opis_1/delo_0106/027.jpg,0,0.521,0.381,0.299,1.175,0.243,28
data/opis_1/delo_0106/028.jpg,0,0.575,-0.149,0.41,1.051,0.074,28
data/opis_1/delo_0106/029.jpg,0,0.452,0.109,0.331,1.027,0.063,26
data/opis_1/delo_0046/000.jpg,0,0.723,1.0,0.97,2.041,1.019,11
data/opis_1/delo_0046/001.jpg,1,0.828,1.0,1.68,2.224,1.116,9
data/opis_1/delo_0046/003.jpg,1,0.578,1.0,1.133,1.332,1.586,24
data/opis_1/delo_0046/004.jpg,0,0.691,1.0,1.056,1.417,0.227,30
data/opis_1/delo_0046/005.jpg,1,0.682,1.0,1.138,1.595,0.572,32
data/opis_1/delo_0046/006.jpg,1,0.697,1.0,0.989,1.35,0.348,33
data/opis_1/delo_0046/007.jpg,1,0.706,1.0,1.317,1.206,0.931,31
data/opis_1/delo_0046/008.jpg,1,0.714,1.0,1.034,1.328,0.548,27
data/opis_1/delo_0046/009.jpg,1,0.635,1.0,0.965,1.28,1.419,31
data/opis_1/delo_0046/010.jpg,1,0.658,1.0,1.038,1.165,0.821,28
data/opis_1/delo_0046/011.jpg,1,0.588,0.831,1.142,1.229,1.404,32
data/opis_1/delo_0046/012.jpg,0,0.71,1.0,1.016,1.312,0.383,28
data/opis_1/delo_0046/013.jpg,1,0.657,1.0,1.044,1.266,1.112,25
data/opis_1/delo_0046/014.jpg,1,0.511,0.831,0.777,1.431,0.903,32
data/opis_1/delo_0046/015.jpg,0,0.714,1.0,1.42,1.596,1.617,30
data/opis_1/delo_0046/016.jpg,1,0.684,1.0,0.989,1.481,0.924,11
data/opis_1/delo_0046/017.jpg,1,0.7,1.0,1.11,1.453,1.023,34
data/opis_1/delo_0046/018.jpg,1,0.756,1.0,1.11,1.309,0.533,30
data/opis_1/delo_0046/019.jpg,1,0.649,1.0,1.029,1.249,1.325,32
data/opis_1/delo_0046/020.jpg,1,0.63,1.0,0.933,1.454,0.66,34
data/opis_1/delo_0046/021.jpg,1,0.698,1.0,1.559,1.556,1.93,21
data/opis_1/delo_0046/022.jpg,0,0.701,1.0,1.034,1.357,0.767,25
data/opis_1/delo_0046/023.jpg,0,0.71,1.0,1.193,1.346,1.291,29
data/opis_1/delo_0046/024.jpg,0,0.647,1.0,0.973,1.232,0.729,28
data/opis_1/delo_0046/025.jpg,1,0.683,0.668,1.041,1.242,1.526,23
data/opis_1/delo_0046/026.jpg,1,0.61,1.0,1.023,1.429,0.581,32
data/opis_1/delo_0046/027.jpg,1,0.61,1.0,0.971,1.311,0.911,35
data/opis_1/delo_0046/028.jpg,1,0.607,1.0,0.99,1.386,1.11,43
data/opis_1/delo_0046/029.jpg,1,0.603,1.0,1.093,1.328,1.209,23
data/opis_1/delo_0046/030.jpg,1,0.659,1.0,0.991,1.335,0.623,33
data/opis_1/delo_0046/031.jpg,1,0.696,1.0,0.905,1.355,0.627,31
data/opis_1/delo_0046/032.jpg,1,0.6,1.0,1.037,1.382,0.702,32
data/opis_1/delo_0046/033.jpg,1,0.713,1.0,1.008,1.246,1.179,29
data/opis_1/delo_0046/034.jpg,1,0.687,1.0,0.978,1.368,1.028,30
data/opis_1/delo_0046/035.jpg,1,0.52,0.815,1.125,1.262,0.673,19
data/opis_1/delo_0046/036.jpg,1,0.629,1.0,1.176,1.296,1.458,26
data/opis_1/delo_0046/037.jpg,1,0.571,-0.022,0.865,1.325,0.766,39
data/opis_1/delo_0046/038.jpg,1,0.741,1.0,1.006,1.055,0.505,31
data/opis_1/delo_0046/039.jpg,1,0.765,1.0,1.061,1.424,0.212,28
data/opis_1/delo_0046/040.jpg,1,0.693,1.0,1.14,1.403,0.956,26
data/opis_1/delo_0046/041.jpg,1,0.609,1.0,0.912,1.37,0.406,31
data/opis_1/delo_0046/042.jpg,0,0.748,1.0,1.214,1.463,0.259,30
data/opis_1/delo_0046/043.jpg,1,0.646,1.0,0.901,1.331,0.352,33
data/opis_1/delo_0046/044.jpg,1,0.652,1.0,0.937,1.253,0.702,26
data/opis_1/delo_0046/045.jpg,1,0.659,1.0,0.866,1.341,1.029,28
data/opis_1/delo_0046/046.jpg,1,0.697,1.0,1.023,1.254,1.336,27
data/opis_1/delo_0046/047.jpg,1,0.696,1.0,0.916,1.371,0.643,33
data/opis_1/delo_0046/048.jpg,1,0.659,1.0,1.299,1.693,1.118,23
data/opis_1/delo_0046/049.jpg,1,0.68,1.0,1.125,1.446,1.049,26
data/opis_1/delo_0046/050.jpg,1,0.743,1.0,1.512,1.477,1.453,14
data/opis_1/delo_0046/051.jpg,1,0.656,1.0,1.054,1.378,1.211,30
data/opis_1/delo_0046/052.jpg,1,0.657,1.0,1.162,1.205,1.406,25
data/opis_1/delo_0046/053.jpg,1,0.686,1.0,1.148,1.346,0.849,28
data/opis_1/delo_0046/054.jpg,1,0.632,1.0,1.301,1.263,1.678,20
data/opis_1/delo_0046/055.jpg,1,0.64,1.0,0.961,1.269,1.314,26
data/opis_1/delo_0046/056.jpg,1,0.664,1.0,1.217,1.378,1.673,18
data/opis_1/delo_0046/057.jpg,1,0.605,1.0,1.135,1.201,1.622,15
data/opis_1/delo_0046/058.jpg,1,0.621,1.0,1.147,1.134,1.795,14
data/opis_1/delo_0046/059.jpg,1,0.643,1.0,1.076,1.463,1.379,25
data/opis_1/delo_0046/060.jpg,1,0.792,1.0,1.913,1.139,1.474,16
data/opis_1/delo_0046/061.jpg,1,0.627,1.0,1.39,1.137,1.624,23
data/opis_1/delo_0046/062.jpg,1,0.702,1.0,1.005,1.184,1.036,21
data/opis_1/delo_0046/063.jpg,1,0.71,1.0,0.992,1.377,0.272,31
data/opis_1/delo_0046/064.jpg,1,0.651,1.0,1.042,1.409,0.657,40
data/opis_1/delo_0046/065.jpg,1,0.643,1.0,1.009,1.405,0.482,37
data/opis_1/delo_0046/066.jpg,1,0.701,1.0,1.08,1.354,0.495,28
data/opis_1/delo_0046/067.jpg,0,0.707,1.0,1.033,1.33,0.575,29
data/opis_1/delo_0046/068.jpg,1,0.686,0.76,1.134,1.564,0.756,35
data/opis_1/delo_0046/069.jpg,0,0.735,1.0,1.091,1.365,0.889,28
data/opis_1/delo_0046/070.jpg,0,0.718,0.824,1.03,1.263,1.031,29
data/opis_1/delo_0046/071.jpg,0,0.722,1.0,1.021,1.448,0.52,27
data/opis_1/delo_0046/072.jpg,1,0.725,1.0,1.013,1.281,1.204,26
data/opis_1/delo_0046/073.jpg,1,0.387,0.452,0.448,1.718,0.638,32
data/opis_1/delo_0046/074.jpg,0,0.349,0.603,0.474,1.374,0.108,35
data/opis_1/delo_0046/075.jpg,0,0.408,0.484,0.478,2.096,0.633,38
data/opis_1/delo_0046/076.jpg,1,0.379,0.47,0.485,2.073,0.604,38
data/opis_1/delo_0046/077.jpg,1,0.328,0.339,0.497,1.651,0.636,39
data/opis_1/delo_0046/078.jpg,0,0.344,0.575,0.466,1.116,0.273,37
data/opis_1/delo_0046/079.jpg,0,0.259,0.457,0.445,1.109,0.089,32
data/opis_1/delo_0046/080.jpg,1,0.629,0.705,1.381,1.529,1.172,19
data/opis_1/delo_0046/081.jpg,0,0.328,0.46,0.444,1.174,0.043,37
data/opis_1/delo_0046/082.jpg,1,0.291,0.612,0.484,1.12,0.867,8
data/opis_1/delo_0046/083.jpg,0,0.402,0.468,0.454,1.317,0.83,37
data/opis_1/delo_0046/084.jpg,0,0.343,0.542,0.537,1.101,0.508,43
data/opis_1/delo_0046/085.jpg,0,0.347,0.441,0.471,1.115,0.427,37
data/opis_1/delo_0046/086.jpg,0,0.392,0.419,0.533,1.143,0.679,36
data/opis_1/delo_0046/087.jpg,0,0.345,0.598,0.48,1.252,0.163,36
data/opis_1/delo_0046/088.jpg,0,0.338,0.474,0.421,1.113,0.341,34
data/opis_1/delo_0046/089.jpg,1,0.38,0.292,0.448,1.205,0.037,24
data/opis_1/delo_0046/090.jpg,0,0.35,0.547,0.578,1.084,0.362,43
data/opis_1/delo_0046/091.jpg,0,0.447,0.606,0.432,2.347,0.231,37
data/opis_1/delo_0046/092.jpg,0,0.467,0.658,0.63,1.188,0.332,37
data/opis_1/delo_0046/093.jpg,0,0.403,0.665,0.582,1.935,1.182,23
data/opis_1/delo_0046/095.jpg,1,0.529,0.475,1.565,1.263,1.098,25
data/opis_1/delo_0046/096.jpg,1,0.664,1.0,1.225,1.549,1.377,29
data/opis_1/delo_0046/097.jpg,1,0.713,1.0,1.094,1.479,0.537,32
data/opis_1/delo_0046/098.jpg,0,0.709,1.0,1.209,1.209,1.205,31
data/opis_1/delo_0046/099.jpg,0,0.627,1.0,1.011,1.34,0.973,28
data/opis_1/delo_0046/100.jpg,1,0.646,1.0,1.151,1.468,1.17,27
data/opis_1/delo_0046/101.jpg,1,0.626,1.0,0.999,1.33,1.091,38
data/opis_1/delo_0046/102.jpg,1,0.631,1.0,1.009,1.079,0.929,28
data/opis_1/delo_0046/103.jpg,1,0.7,1.0,1.105,1.273,0.642,29
data/opis_1/delo_0046/104.jpg,1,0.707,1.0,1.073,1.126,1.139,28
data/opis_1/delo_0046/105.jpg,1,0.725,1.0,1.107,1.138,0.869,26
data/opis_1/delo_0046/106.jpg,1,0.766,1.0,1.174,1.183,0.649,31
data/opis_1/delo_0046/107.jpg,0,0.707,1.0,1.163,1.218,0.567,29
data/opis_1/delo_0046/108.jpg,1,0.764,1.0,1.217,1.088,1.129,28
data/opis_1/delo_0046/109.jpg,0,0.756,1.0,1.29,1.208,0.516,31
data/opis_1/delo_0046/110.jpg,0,0.785,1.0,1.163,1.331,0.794,28
data/opis_1/delo_0046/111.jpg,1,0.68,1.0,1.133,1.221,1.512,25
data/opis_1/delo_0046/112.jpg,1,0.652,1.0,1.263,1.187,1.403,23
data/opis_1/delo_0046/113.jpg,1,0.681,1.0,1.04,1.297,0.737,32
data/opis_1/delo_0046/114.jpg,1,0.728,1.0,1.431,1.142,1.465,27
data/opis_1/delo_0046/115.jpg,1,0.724,1.0,1.242,1.867,1.025,33
data/opis_1/delo_0046/116.jpg,1,0.775,1.0,1.884,1.646,1.47,27
data/opis_1/delo_0046/117.jpg,1,0.74,1.0,1.104,1.409,0.824,29
data/opis_1/delo_0046/118.jpg,1,0.746,1.0,1.251,1.405,1.067,25
data/opis_1/delo_0046/119.jpg,0,0.716,1.0,1.159,1.247,0.829,27
data/opis_1/delo_0046/120.jpg,1,0.74,1.0,1.275,1.264,1.193,26
data/opis_1/delo_0046/121.jpg,1,0.666,1.0,1.004,1.265,0.566,30
data/opis_1/delo_0046/122.jpg,1,0.748,1.0,1.189,1.188,1.091,26
data/opis_1/delo_0046/123.jpg,1,0.769,1.0,1.308,1.594,0.85,32
data/opis_1/delo_0046/124.jpg,1,0.828,1.0,1.382,1.104,1.224,25
data/opis_1/delo_0046/125.jpg,1,0.746,1.0,1.147,1.404,0.665,30
data/opis_1/delo_0046/126.jpg,1,0.776,1.0,1.004,1.179,0.653,27
data/opis_1/delo_0046/127.jpg,1,0.697,1.0,1.181,2.546,1.072,26
data/opis_1/delo_0046/128.jpg,0,0.702,0.618,1.033,1.45,0.578,17
data/opis_1/delo_0046/129.jpg,1,0.8,0.895,2.493,2.647,1.031,8
data/opis_1/delo_0046/130.jpg,1,0.779,1.0,1.475,1.343,1.154,23
data/opis_1/delo_0046/131.jpg,1,0.79,1.0,1.188,1.255,0.592,30
data/opis_1/delo_0046/132.jpg,0,0.448,0.546,1.381,1.329,1.185,22
data/opis_1/delo_0046/133.jpg,0,0.747,1.0,1.218,1.261,1.089,33
data/opis_1/delo_0046/134.jpg,1,0.723,1.0,1.042,1.312,0.543,32
data/opis_1/delo_0046/135.jpg,1,0.798,1.0,1.301,1.21,1.155,30
data/opis_1/delo_0046/136.jpg,0,0.748,1.0,1.101,1.28,0.562,27
data/opis_1/delo_0046/137.jpg,1,0.706,1.0,1.266,1.309,1.254,22
data/opis_1/delo_0046/138.jpg,1,0.734,1.0,1.276,1.414,1.282,22
data/opis_1/delo_0046/139.jpg,1,0.711,1.0,1.235,1.229,1.286,23
data/opis_1/delo_0046/140.jpg,1,0.725,1.0,1.128,1.447,0.935,28
data/opis_1/delo_0046/141.jpg,1,0.819,1.0,1.341,1.172,0.977,25
data/opis_1/delo_0046/142.jpg,1,0.719,1.0,1.034,1.383,1.541,29
data/opis_1/delo_0046/143.jpg,1,0.736,1.0,1.559,1.401,1.367,27
data/opis_1/delo_0046/144.jpg,0,0.76,1.0,1.337,1.328,0.665,30
data/opis_1/delo_0046/145.jpg,1,0.87,1.0,0.992,1.392,1.357,12
data/opis_1/delo_0046/146.jpg,0,0.417,0.885,0.535,1.501,0.251,19
data/opis_1/delo_0046/147.jpg,0,0.418,0.856,0.52,1.287,0.209,13
data/opis_1/delo_0046/148.jpg,0,0.422,0.747,0.57,1.265,0.318,17
data/opis_1/delo_0046/149.jpg,0,0.427,0.516,0.53,1.214,0.251,14
data/opis_1/delo_0046/150.jpg,1,0.695,1.0,1.369,1.449,1.379,30
data/opis_1/delo_0046/151.jpg,1,0.701,1.0,1.104,1.228,1.092,32
data/opis_1/delo_0046/152.jpg,1,0.761,1.0,1.496,1.2,1.692,23
data/opis_1/delo_0046/153.jpg,1,0.735,1.0,1.121,1.115,1.122,28
data/opis_1/delo_0046/154.jpg,1,0.759,1.0,1.352,1.099,1.432,25
data/opis_1/delo_0046/155.jpg,0,0.735,1.0,1.137,1.22,0.777,32
data/opis_1/delo_0046/156.jpg,1,0.67,1.0,1.316,1.16,2.491,26
data/opis_1/delo_0046/157.jpg,1,0.604,1.0,1.1,1.146,1.679,14
data/opis_1/delo_0046/158.jpg,1,0.694,1.0,1.213,1.385,1.726,14
data/opis_1/delo_0046/159.jpg,1,0.692,1.0,1.086,1.398,1.407,21
data/opis_1/delo_0046/160.jpg,1,0.666,1.0,1.335,1.137,1.943,15
data/opis_1/delo_0046/161.jpg,1,0.682,1.0,1.12,1.384,1.252,23
data/opis_1/delo_0046/162.jpg,1,0.751,1.0,1.805,1.198,1.682,16
data/opis_1/delo_0046/163.jpg,1,0.688,1.0,1.334,1.153,1.239,21
data/opis_1/delo_0046/164.jpg,1,0.784,1.0,1.893,1.074,1.288,18
data/opis_1/delo_0046/165.jpg,1,0.617,1.0,1.045,1.264,1.437,28
data/opis_1/delo_0046/166.jpg,1,0.702,1.0,1.21,1.11,1.813,17
data/opis_1/delo_0046/167.jpg,1,0.653,1.0,1.096,1.336,1.588,25
data/opis_1/delo_0046/168.jpg,1,0.691,1.0,1.399,1.047,1.393,24
data/opis_1/delo_0046/169.jpg,1,0.696,1.0,1.154,1.203,1.159,25
data/opis_1/delo_0046/170.jpg,1,0.725,1.0,1.404,1.463,1.382,27
data/opis_1/delo_0046/171.jpg,0,0.724,1.0,1.18,1.419,1.018,26
data/opis_1/delo_0046/172.jpg,1,0.769,1.0,1.368,1.095,1.416,20
data/opis_1/delo_0046/173.jpg,0,0.722,1.0,1.172,1.372,0.786,25
data/opis_1/delo_0046/174.jpg,1,0.736,1.0,1.156,2.316,1.034,26
data/opis_1/delo_0046/176.jpg,1,0.817,1.0,1.627,1.252,1.109,14
data/opis_1/delo_0046/177.jpg,1,0.639,0.676,1.506,1.224,1.993,17
data/opis_1/delo_0046/178.jpg,1,0.638,1.0,1.439,1.097,2.031,22
data/opis_1/delo_0046/179.jpg,1,0.749,1.0,1.873,1.331,1.671,11
data/opis_1/delo_0046/180.jpg,1,0.72,1.0,1.078,1.212,1.558,10
data/opis_1/delo_0046/182.jpg,1,0.677,1.0,1.413,1.299,1.63,10
data/opis_1/delo_0046/183.jpg,1,0.826,1.0,1.636,1.383,1.527,11
data/opis_1/delo_0122/000.jpg,1,0.699,0.511,1.241,1.958,0.838,19
data/opis_1/delo_0122/001.jpg,1,0.761,1.0,1.052,1.202,0.88,20
data/opis_1/delo_0122/002.jpg,1,0.56,1.0,0.895,1.086,1.32,12
data/opis_1/delo_0122/003.jpg,1,0.778,1.0,2.222,1.434,1.391,8
data/opis_1/delo_0122/004.jpg,1,0.773,1.0,1.749,1.42,1.554,8
data/opis_1/delo_0122/005.jpg,1,0.751,1.0,3.164,1.227,1.588,9
data/opis_1/delo_0122/007.jpg,1,0.867,1.0,1.738,1.387,1.259,13
data/opis_1/delo_0122/008.jpg,1,0.853,1.0,1.793,2.089,1.573,4
data/opis_1/delo_0122/009.jpg,1,0.789,1.0,2.064,1.799,1.581,8
data/opis_1/delo_0122/011.jpg,1,0.713,0.91,1.681,1.617,1.382,29
data/opis_1/delo_0122/012.jpg,1,0.723,1.0,2.229,1.276,1.588,4
data/opis_1/delo_0122/013.jpg,1,0.761,1.0,1.149,1.034,1.458,10
data/opis_1/delo_0122/014.jpg,1,0.846,1.0,1.57,1.089,1.265,8
data/opis_1/delo_0122/015.jpg,1,0.832,1.0,1.164,1.155,1.445,10
data/opis_1/delo_0122/016.jpg,1,0.789,1.0,1.864,1.576,1.658,15
data/opis_1/delo_0122/017.jpg,1,0.835,1.0,2.298,1.809,1.167,5
data/opis_1/delo_0122/018.jpg,1,0.738,0.434,1.931,1.21,1.406,9
data/opis_1/delo_0122/020.jpg,1,0.836,1.0,1.131,1.399,1.207,6
data/opis_1/delo_0122/021.jpg,1,0.762,1.0,1.746,2.038,1.485,11
data/opis_1/delo_0122/022.jpg,1,0.83,0.924,2.926,1.516,1.414,9
data/opis_1/delo_0122/023.jpg,0,0.881,1.0,2.195,1.44,1.15,7
data/opis_1/delo_0122/024.jpg,1,0.797,1.0,2.216,1.226,1.214,9
data/opis_1/delo_0122/025.jpg,1,0.647,0.773,2.081,1.267,1.252,8
data/opis_1/delo_0122/026.jpg,1,0.847,0.911,2.197,1.417,1.034,6
data/opis_1/delo_0122/027.jpg,0,0.565,0.164,0.301,0.986,0.292,27
data/opis_1/delo_0122/028.jpg,0,0.556,0.497,0.548,1.568,0.41,20
data/opis_1/delo_0122/029.jpg,0,0.553,0.471,0.766,1.811,1.528,16
data/opis_1/delo_0122/030.jpg,0,0.676,0.12,0.62,1.035,1.158,27
data/opis_1/delo_0122/031.jpg,0,0.688,0.124,0.518,0.988,0.252,27
data/opis_1/delo_0122/032.jpg,0,0.562,0.425,0.544,1.259,0.49,19
data/opis_1/delo_0122/033.jpg,0,0.593,0.294,0.7,1.353,0.983,44
data/opis_1/delo_0122/034.jpg,1,0.533,0.037,1.055,1.489,0.888,42
data/opis_1/delo_0122/035.jpg,1,0.558,1.0,1.211,1.724,1.283,42
data/opis_1/delo_0122/036.jpg,1,0.539,1.0,1.175,1.313,1.122,34
data/opis_1/delo_0122/037.jpg,1,0.346,0.075,1.033,1.069,1.19,43
data/opis_1/delo_0122/038.jpg,1,0.778,1.0,1.51,1.622,1.633,26
data/opis_1/delo_0122/039.jpg,1,0.698,1.0,1.391,1.741,1.149,25
data/opis_1/delo_0122/040.jpg,1,0.773,1.0,1.446,1.377,1.058,21
data/opis_1/delo_0122/041.jpg,1,0.673,1.0,1.183,1.747,0.932,19
data/opis_1/delo_0122/042.jpg,1,0.658,1.0,1.036,1.959,1.135,4
data/opis_1/delo_0122/043.jpg,1,0.545,1.0,0.921,1.685,1.574,9
data/opis_1/delo_0122/044.jpg,1,0.63,1.0,1.228,1.584,0.154,11
data/opis_1/delo_0122/045.jpg,1,0.512,1.0,0.969,1.543,0.46,14
data/opis_1/delo_0122/046.jpg,1,0.722,1.0,1.65,2.241,1.147,26
data/opis_1/delo_0122/047.jpg,1,0.471,1.0,0.881,1.307,1.421,19
data/opis_1/delo_0122/048.jpg,1,0.395,0.199,1.259,0.959,2.11,21
data/opis_1/delo_0122/050.jpg,1,0.59,1.0,1.051,1.642,1.062,11
data/opis_1/delo_0122/051.jpg,1,0.715,1.0,1.126,1.696,1.164,12
data/opis_1/delo_0122/052.jpg,1,0.749,1.0,1.204,1.93,1.042,9
data/opis_1/delo_0122/053.jpg,1,0.759,1.0,1.426,2.146,0.865,5
data/opis_1/delo_0122/054.jpg,1,0.819,0.916,1.843,2.046,0.99,7
data/opis_1/delo_0122/055.jpg,1,0.695,0.706,1.698,1.507,1.467,8
data/opis_1/delo_0122/056.jpg,1,0.389,0.257,1.594,0.992,2.385,37
data/opis_1/delo_0122/057.jpg,1,0.687,1.0,2.556,1.228,1.583,7
data/opis_1/delo_0122/058.jpg,1,0.783,1.0,1.579,2.408,1.2,5
data/opis_1/delo_0122/059.jpg,1,0.835,1.0,1.871,1.933,1.072,16
data/opis_1/delo_0122/061.jpg,1,0.763,1.0,1.926,1.601,0.992,5
data/opis_1/delo_0122/062.jpg,1,0.57,1.0,2.715,1.176,1.247,5
data/opis_1/delo_0122/063.jpg,1,0.431,0.409,0.909,2.007,1.69,68
data/opis_1/delo_0122/064.jpg,1,0.643,1.0,1.305,1.221,1.009,9
data/opis_1/delo_0122/066.jpg,1,0.709,1.0,0.986,1.415,0.42,23
data/opis_1/delo_0122/067.jpg,0,0.748,1.0,1.457,1.639,1.447,7
data/opis_1/delo_0122/068.jpg,1,0.725,0.365,2.915,1.382,0.899,4
data/opis_1/delo_0122/069.jpg,1,0.733,1.0,1.73,2.167,1.086,16
data/opis_1/delo_0122/070.jpg,0,0.37,0.191,0.306,0.83,0.232,24
data/opis_1/delo_0122/071.jpg,0,0.683,1.0,1.499,1.371,0.864,23
data/opis_1/delo_0033/000.jpg,1,0.663,0.942,1.704,1.752,1.139,17
data/opis_1/delo_0033/001.jpg,1,0.731,1.0,0.895,1.136,1.549,12
data/opis_1/delo_0033/002.jpg,1,0.785,1.0,1.214,1.174,1.364,17
data/opis_1/delo_0033/003.jpg,1,0.69,1.0,1.495,1.381,2.447,20
data/opis_1/delo_0033/004.jpg,1,0.805,1.0,1.435,1.715,0.777,33
data/opis_1/delo_0033/005.jpg,0,0.761,1.0,0.943,1.349,1.292,20
data/opis_1/delo_0033/006.jpg,1,0.75,1.0,0.946,1.162,1.465,24
data/opis_1/delo_0033/007.jpg,0,0.748,1.0,1.292,1.612,0.521,27
data/opis_1/delo_0033/008.jpg,1,0.861,1.0,1.46,1.384,0.52,25
data/opis_1/delo_0033/009.jpg,0,0.893,1.0,1.418,1.358,1.092,11
data/opis_1/delo_0033/010.jpg,0,0.822,1.0,1.206,1.267,1.427,13
data/opis_1/delo_0033/011.jpg,0,0.816,1.0,0.981,1.241,1.38,12
data/opis_1/delo_0033/012.jpg,1,0.794,1.0,1.37,1.039,1.295,12
data/opis_1/delo_0033/013.jpg,0,0.78,1.0,1.33,1.823,0.939,25
data/opis_1/delo_0033/014.jpg,0,0.419,0.68,0.595,1.133,0.951,28
data/opis_1/delo_0033/015.jpg,0,0.363,0.634,0.583,1.169,1.164,23
data/opis_1/delo_0116/000.jpg,0,0.608,0.131,0.736,1.363,0.654,20
data/opis_1/delo_0116/001.jpg,1,0.842,1.0,1.599,1.28,1.039,6
data/opis_1/delo_0116/002.jpg,1,0.869,0.323,2.353,1.178,1.35,8
data/opis_1/delo_0116/003.jpg,1,0.74,0.433,2.27,1.805,1.687,11
data/opis_1/delo_0116/004.jpg,1,0.918,1.0,2.516,1.238,0.985,5
data/opis_1/delo_0116/005.jpg,1,0.865,1.0,2.469,1.603,1.498,10
data/opis_1/delo_0116/006.jpg,1,0.92,1.0,2.429,1.507,1.141,7
data/opis_1/delo_0116/007.jpg,0,0.855,1.0,2.001,1.089,1.156,13
data/opis_1/delo_0116/008.jpg,1,0.791,1.0,2.779,1.229,0.975,4
data/opis_1/delo_0116/009.jpg,0,0.356,0.54,0.275,1.184,0.263,30
data/opis_1/delo_0116/010.jpg,1,0.49,0.434,0.311,1.616,0.307,28
data/opis_1/delo_0116/011.jpg,0,0.365,0.632,0.29,0.959,0.064,23
data/opis_1/delo_0116/012.jpg,0,0.416,0.676,0.274,0.929,0.232,29
data/opis_1/delo_0116/013.jpg,0,0.401,0.655,0.262,0.967,0.228,28
data/opis_1/delo_0116/014.jpg,0,0.42,0.718,0.252,0.962,0.075,26
data/opis_1/delo_0116/015.jpg,0,0.363,0.71,0.255,0.932,0.063,27
data/opis_1/delo_0116/016.jpg,0,0.404,0.847,0.261,0.954,0.2,28
data/opis_1/delo_0116/017.jpg,1,0.432,0.59,0.308,1.103,0.3,29
data/opis_1/delo_0116/018.jpg,0,0.426,0.461,0.259,0.948,0.168,28
data/opis_1/delo_0116/019.jpg,0,0.421,0.647,0.297,1.025,0.31,31
data/opis_1/delo_0116/020.jpg,0,0.441,0.513,0.294,0.953,0.283,31
data/opis_1/delo_0116/021.jpg,0,0.377,0.605,0.264,0.946,0.266,27
data/opis_1/delo_0116/022.jpg,0,0.413,0.599,0.292,0.918,0.324,30
data/opis_1/delo_0116/023.jpg,0,0.39,0.6,0.317,1.03,0.099,28
data/opis_1/delo_0116/024.jpg,0,0.371,0.607,0.304,0.945,0.226,27
data/opis_1/delo_0116/025.jpg,0,0.397,0.584,0.363,1.007,0.298,30
data/opis_1/delo_0116/026.jpg,0,0.431,0.368,0.333,0.991,0.343,28
data/opis_1/delo_0116/027.jpg,1,0.441,0.539,0.319,1.191,0.23,30
data/opis_1/delo_0116/028.jpg,1,0.448,0.229,0.408,1.113,0.499,24
data/opis_1/delo_0116/029.jpg,0,0.391,0.594,0.359,1.056,0.355,32
data/opis_1/delo_0116/030.jpg,0,0.476,0.499,0.279,0.99,0.241,29
data/opis_1/delo_0116/031.jpg,0,0.366,0.601,0.321,0.95,0.28,27
data/opis_1/delo_0116/032.jpg,0,0.423,0.623,0.307,0.964,0.187,28
data/opis_1/delo_0116/033.jpg,0,0.373,0.659,0.316,0.956,0.066,28
data/opis_1/delo_0116/034.jpg,0,0.377,0.535,0.352,0.956,0.193,27
data/opis_1/delo_0116/035.jpg,0,0.357,0.608,0.352,0.948,0.271,29
data/opis_1/delo_0116/036.jpg,0,0.43,0.344,0.367,1.054,1.023,24
data/opis_1/delo_0116/037.jpg,0,0.398,0.617,0.336,0.974,0.27,27
data/opis_1/delo_0116/038.jpg,0,0.461,0.21,0.314,0.993,0.412,19
data/opis_1/delo_0116/039.jpg,0,0.51,0.111,0.355,1.013,0.371,35
data/opis_1/delo_0116/040.jpg,0,0.622,1.0,0.376,1.043,0.223,29
data/opis_1/delo_0116/041.jpg,0,0.411,0.285,0.359,1.066,0.137,31
data/opis_1/delo_0116/042.jpg,0,0.479,0.134,0.351,0.981,0.291,32
data/opis_1/delo_0116/043.jpg,0,0.45,0.116,0.427,1.027,0.181,31
data/opis_1/delo_0116/044.jpg,0,0.485,0.134,0.326,0.998,0.216,32
data/opis_1/delo_0116/045.jpg,0,0.42,0.149,0.445,1.054,0.172,29
data/opis_1/delo_0116/046.jpg,0,0.438,0.261,0.372,0.985,0.4,30
data/opis_1/delo_0116/047.jpg,0,0.438,0.2,0.381,1.032,0.159,22
data/opis_1/delo_0116/048.jpg,0,0.379,0.684,0.362,1.011,0.359,32
data/opis_1/delo_0116/049.jpg,0,0.462,0.391,0.372,1.09,0.385,27
data/opis_1/delo_0116/050.jpg,0,0.34,0.616,0.384,1.007,0.108,23
data/opis_1/delo_0116/051.jpg,0,0.368,0.761,0.385,0.98,0.173,28
data/opis_1/delo_0076/000.jpg,1,0.697,0.475,1.628,2.173,0.759,18
data/opis_1/delo_0076/001.jpg,1,0.35,0.189,1.298,1.038,2.456,28
data/opis_1/delo_0076/002.jpg,1,0.854,0.876,2.042,1.254,1.488,14
data/opis_1/delo_0076/003.jpg,1,0.597,-0.126,0.517,1.088,0.169,29
data/opis_1/delo_0076/004.jpg,1,0.535,0.336,1.347,1.539,2.024,36
data/opis_1/delo_0076/005.jpg,0,0.567,1.0,0.485,1.148,0.274,31
data/opis_1/delo_0076/006.jpg,1,0.513,0.436,1.324,1.811,2.125,36
data/opis_1/delo_0076/007.jpg,0,0.62,1.0,0.544,1.051,0.165,29
data/opis_1/delo_0076/008.jpg,1,0.488,0.298,0.974,1.619,1.287,51
data/opis_1/delo_0076/009.jpg,0,0.544,1.0,0.481,1.104,0.095,29
data/opis_1/delo_0076/010.jpg,1,0.507,0.258,1.076,1.653,1.322,48
data/opis_1/delo_0076/011.jpg,0,0.572,0.181,0.475,1.21,0.295,31
data/opis_1/delo_0076/012.jpg,1,0.569,0.381,1.331,1.568,2.446,41
data/opis_1/delo_0076/013.jpg,0,0.573,0.199,0.516,1.123,0.343,35
data/opis_1/delo_0076/014.jpg,1,0.519,0.405,1.472,1.805,2.191,37
data/opis_1/delo_0076/015.jpg,0,0.507,0.16,0.419,1.04,0.097,28
data/opis_1/delo_0076/016.jpg,1,0.617,0.483,1.468,1.735,1.657,40
data/opis_1/delo_0076/017.jpg,0,0.587,0.314,0.559,1.078,0.257,32
data/opis_1/delo_0076/018.jpg,1,0.707,0.505,1.534,1.71,2.172,27
data/opis_1/delo_0076/019.jpg,0,0.619,0.199,0.675,1.03,0.676,20
data/opis_1/delo_0076/020.jpg,1,0.528,0.516,1.104,1.526,2.221,37
data/opis_1/delo_0076/021.jpg,0,0.619,1.0,0.439,1.28,0.215,29
data/opis_1/delo_0076/022.jpg,1,0.582,0.117,1.351,1.65,1.628,41
data/opis_1/delo_0076/023.jpg,0,0.539,1.0,0.505,1.028,0.145,28
data/opis_1/delo_0076/024.jpg,1,0.574,0.4,1.186,1.614,2.231,42
data/opis_1/delo_0076/025.jpg,1,0.609,0.324,0.464,1.29,0.12,29
data/opis_1/delo_0076/026.jpg,1,0.531,0.388,1.438,1.688,1.192,41
data/opis_1/delo_0076/027.jpg,0,0.538,0.193,0.41,1.169,0.084,30
data/opis_1/delo_0076/028.jpg,1,0.533,0.461,1.31,1.533,1.254,42
data/opis_1/delo_0076/029.jpg,0,0.545,0.315,0.523,1.028,0.087,28
data/opis_1/delo_0076/030.jpg,1,0.553,0.386,1.123,1.664,1.216,51
data/opis_1/delo_0076/031.jpg,1,0.442,0.074,0.429,1.082,0.16,29
data/opis_1/delo_0076/032.jpg,1,0.543,0.391,1.364,1.652,1.561,36
data/opis_1/delo_0076/033.jpg,0,0.495,0.092,0.424,1.044,0.232,28
data/opis_1/delo_0076/034.jpg,1,0.555,0.755,1.314,1.822,1.669,21
data/opis_1/delo_0076/035.jpg,1,0.523,1.0,1.341,1.256,1.828,32
data/opis_1/delo_0042/000.jpg,0,0.538,0.483,1.838,1.215,1.96,20
data/opis_1/delo_0042/001.jpg,1,0.692,1.0,1.601,1.741,1.784,24
data/opis_1/delo_0042/002.jpg,1,0.632,0.667,1.887,1.534,1.442,10
data/opis_1/delo_0042/003.jpg,1,0.601,1.0,1.241,1.53,1.042,40
data/opis_1/delo_0052/000.jpg,1,0.687,0.09,1.666,1.651,1.587,22
data/opis_1/delo_0052/001.jpg,1,0.697,0.694,1.268,1.468,0.931,28
data/opis_1/delo_0052/002.jpg,1,0.621,0.951,1.184,1.317,0.255,24
data/opis_1/delo_0052/003.jpg,1,0.605,0.607,1.041,1.74,1.394,34
data/opis_1/delo_0052/004.jpg,1,0.691,1.0,1.225,1.327,0.626,36
data/opis_1/delo_0283/000.jpg,1,0.501,0.885,1.647,0.986,2.126,23
data/opis_1/delo_0283/001.jpg,1,0.76,1.0,2.167,1.237,1.904,9
data/opis_1/delo_0283/002.jpg,1,0.831,0.736,1.942,1.234,1.651,11
data/opis_1/delo_0283/004.jpg,1,0.718,1.0,1.525,1.195,1.573,17
data/opis_1/delo_0283/005.jpg,1,0.881,0.896,2.44,1.194,1.411,21
data/opis_1/delo_0283/006.jpg,1,0.708,0.031,1.522,1.692,2.153,13
data/opis_1/delo_0283/007.jpg,1,0.841,1.0,2.2,1.238,1.73,16
data/opis_1/delo_0283/008.jpg,1,0.746,1.0,1.81,1.345,1.637,7
data/opis_1/delo_0283/009.jpg,1,0.872,1.0,2.49,1.253,1.56,16
data/opis_1/delo_0283/010.jpg,1,0.856,0.93,2.248,1.355,1.925,11
data/opis_1/delo_0283/011.jpg,1,0.844,0.879,2.227,1.495,1.778,15
data/opis_1/delo_0283/012.jpg,1,0.767,0.864,2.638,1.281,2.111,13
data/opis_1/delo_0283/013.jpg,1,0.86,1.0,2.235,1.17,1.658,13
data/opis_1/delo_0283/014.jpg,1,0.726,0.722,1.817,1.454,1.993,10
data/opis_1/delo_0283/015.jpg,1,0.759,1.0,1.262,2.09,1.496,17
data/opis_1/delo_0283/016.jpg,1,0.773,1.0,1.935,1.289,1.585,10
data/opis_1/delo_0283/017.jpg,1,0.786,1.0,2.04,1.367,1.856,21
data/opis_1/delo_0283/018.jpg,1,0.742,1.0,1.449,1.465,1.924,17
data/opis_1/delo_0283/019.jpg,1,0.771,1.0,2.205,1.264,1.248,25
data/opis_1/delo_0283/020.jpg,1,0.753,1.0,1.504,1.268,1.737,11
data/opis_1/delo_0283/021.jpg,1,0.821,1.0,1.937,1.289,1.319,21
data/opis_1/delo_0283/022.jpg,1,0.81,1.0,2.862,1.168,1.639,13
data/opis_1/delo_0283/023.jpg,1,0.86,1.0,1.985,1.524,1.509,16
data/opis_1/delo_0283/024.jpg,1,0.809,0.642,2.284,1.552,1.783,8
data/opis_1/delo_0283/025.jpg,1,0.79,1.0,1.67,1.571,1.443,17
data/opis_1/delo_0283/026.jpg,1,0.679,0.486,2.11,1.388,1.954,16
data/opis_1/delo_0283/027.jpg,1,0.65,1.0,1.26,2.005,1.675,19
data/opis_1/delo_0283/028.jpg,1,0.628,0.748,1.347,1.388,2.546,12
data/opis_1/delo_0283/029.jpg,1,0.738,0.887,1.954,1.427,1.736,21
data/opis_1/delo_0283/030.jpg,1,0.678,1.0,1.135,1.383,1.798,16
data/opis_1/delo_0283/031.jpg,1,0.832,1.0,1.669,1.416,1.455,19
data/opis_1/delo_0283/032.jpg,0,0.691,1.0,1.26,1.55,1.943,12
data/opis_1/delo_0283/033.jpg,1,0.778,1.0,1.484,1.897,2.097,16
data/opis_1/delo_0283/035.jpg,1,0.538,0.485,1.326,0.939,1.204,47
data/opis_1/delo_0283/036.jpg,1,0.808,0.697,2.29,1.484,1.487,6
data/opis_1/delo_0283/037.jpg,1,0.702,0.469,1.886,1.564,1.942,13
data/opis_1/delo_0283/038.jpg,1,0.82,0.631,2.048,1.475,2.277,12
data/opis_1/delo_0283/039.jpg,1,0.874,1.0,2.751,2.323,0.982,9
data/opis_1/delo_0283/040.jpg,1,0.645,0.718,1.441,1.374,0.705,13
data/opis_1/delo_0283/041.jpg,1,0.705,0.627,1.787,1.298,1.958,17
data/opis_1/delo_0283/043.jpg,1,0.777,1.0,1.897,2.69,2.072,12
data/opis_1/delo_0283/044.jpg,1,0.758,1.0,1.647,1.288,1.294,15
data/opis_1/delo_0283/045.jpg,1,0.691,1.0,1.51,1.4,1.925,15
data/opis_1/delo_0283/046.jpg,1,0.767,0.92,1.98,1.648,1.614,8
data/opis_1/delo_0283/048.jpg,1,0.601,0.504,1.531,1.182,2.22,18
data/opis_1/delo_0283/049.jpg,1,0.672,1.0,1.66,1.379,1.741,19
data/opis_1/delo_0283/050.jpg,1,0.438,0.204,0.573,1.214,0.549,24
data/opis_1/delo_0283/051.jpg,0,0.442,0.004,0.393,1.066,0.333,24
data/opis_1/delo_0283/052.jpg,0,0.375,-0.052,0.432,1.061,0.089,25
data/opis_1/delo_0283/053.jpg,0,0.441,0.082,0.476,1.116,0.154,24
data/opis_1/delo_0283/054.jpg,0,0.436,0.21,0.389,1.086,0.179,24
data/opis_1/delo_0283/055.jpg,0,0.468,0.201,0.554,1.19,0.388,29
data/opis_1/delo_0283/056.jpg,0,0.397,0.226,0.434,1.051,0.174,28
data/opis_1/delo_0283/057.jpg,0,0.399,0.114,0.507,1.126,0.087,25
data/opis_1/delo_0283/058.jpg,0,0.417,-0.222,0.464,1.078,0.068,26
data/opis_1/delo_0283/059.jpg,0,0.427,0.001,0.521,1.084,0.249,25
data/opis_1/delo_0283/060.jpg,0,0.392,0.08,0.452,1.117,0.205,29
data/opis_1/delo_0283/061.jpg,0,0.404,-0.162,0.685,1.108,0.202,25
data/opis_1/delo_0283/062.jpg,0,0.391,-0.004,0.549,1.169,0.061,25
data/opis_1/delo_0283/063.jpg,0,0.396,0.197,0.478,1.105,0.513,28
data/opis_1/delo_0037/000.jpg,1,0.698,0.782,2.023,2.107,1.491,18
data/opis_1/delo_0037/001.jpg,1,0.759,1.0,1.376,1.667,1.15,21
data/opis_1/delo_0037/002.jpg,1,0.675,1.0,1.277,1.337,1.587,23
data/opis_1/delo_0037/003.jpg,1,0.704,1.0,1.77,1.392,1.696,35
data/opis_1/delo_0037/004.jpg,1,0.784,1.0,1.7,1.746,1.524,17
data/opis_1/delo_0037/005.jpg,1,0.709,1.0,1.708,1.712,1.258,5
data/opis_1/delo_0037/006.jpg,1,0.599,0.842,1.292,1.666,0.672,37
data/opis_1/delo_0037/007.jpg,0,0.794,1.0,2.216,1.491,1.657,30
data/opis_1/delo_0037/008.jpg,0,0.807,1.0,1.995,0.965,1.544,9
data/opis_1/delo_0037/009.jpg,1,0.753,1.0,1.652,1.298,1.533,28
data/opis_1/delo_0037/010.jpg,1,0.709,1.0,2.16,1.52,2.027,21
data/opis_1/delo_0037/011.jpg,1,0.847,1.0,2.257,1.358,1.388,7
data/opis_1/delo_0037/012.jpg,1,0.854,1.0,1.634,1.378,1.821,13
data/opis_1/delo_0037/013.jpg,1,0.779,1.0,0.906,1.134,1.604,9
data/opis_1/delo_0037/014.jpg,1,0.815,1.0,1.891,1.94,1.667,8
data/opis_1/delo_0037/015.jpg,0,0.76,1.0,2.319,1.285,1.375,6
data/opis_1/delo_0037/016.jpg,0,0.881,1.0,2.491,1.925,1.398,11
data/opis_1/delo_0037/017.jpg,0,0.739,1.0,1.723,1.396,2.543,15
data/opis_1/delo_0037/018.jpg,1,0.849,1.0,2.129,1.271,1.996,12
data/opis_1/delo_0037/019.jpg,1,0.644,0.778,1.28,1.574,1.703,17
data/opis_1/delo_0037/020.jpg,1,0.902,1.0,2.209,1.769,0.928,4
data/opis_1/delo_0037/021.jpg,1,0.667,1.0,1.491,1.436,2.033,20
data/opis_1/delo_0037/022.jpg,1,0.644,1.0,1.147,1.621,1.445,7
data/opis_1/delo_0037/023.jpg,1,0.823,1.0,2.635,1.779,1.939,14
data/opis_1/delo_0037/024.jpg,1,0.753,1.0,1.952,1.33,1.602,8
data/opis_1/delo_0037/025.jpg,1,0.843,1.0,2.149,1.82,1.297,6
data/opis_1/delo_0037/026.jpg,1,0.829,1.0,2.805,1.72,1.309,6
data/opis_1/delo_0037/027.jpg,1,0.665,1.0,1.803,1.636,1.4,7
data/opis_1/delo_0037/028.jpg,1,0.779,1.0,1.734,1.495,2.214,17
data/opis_1/delo_0037/029.jpg,1,0.654,1.0,1.901,1.592,2.019,13
data/opis_1/delo_0037/031.jpg,1,0.859,1.0,1.867,1.321,1.595,9
data/opis_1/delo_0037/032.jpg,1,0.829,1.0,1.845,1.288,1.388,7
data/opis_1/delo_0037/034.jpg,0,0.72,1.0,2.159,1.369,1.468,7
data/opis_1/delo_0037/035.jpg,0,0.756,0.727,1.59,1.276,1.92,26
data/opis_1/delo_0037/036.jpg,0,0.71,0.742,1.242,1.51,2.445,13
data/opis_1/delo_0037/037.jpg,0,0.713,1.0,1.438,1.491,2.188,37
data/opis_1/delo_0066/000.jpg,1,0.769,0.813,1.971,1.608,1.11,18
data/opis_1/delo_0066/001.jpg,1,0.717,0.212,0.696,1.276,0.808,15
data/opis_1/delo_0066/002.jpg,1,0.817,1.0,1.242,1.144,1.471,8
data/opis_1/delo_0066/003.jpg,1,0.672,1.0,1.248,1.412,1.215,21
data/opis_1/delo_0066/004.jpg,1,0.651,1.0,1.229,1.428,1.338,16
data/opis_1/delo_0066/005.jpg,0,0.477,0.622,0.264,0.904,0.247,36
data/opis_1/delo_0066/006.jpg,0,0.363,0.538,0.289,0.863,0.074,38
data/opis_1/delo_0066/007.jpg,0,0.39,0.482,0.286,0.856,0.085,24
data/opis_1/delo_0066/008.jpg,0,0.535,0.171,0.265,0.945,0.205,37
data/opis_1/delo_0066/009.jpg,0,0.516,0.39,0.278,0.941,0.168,30
data/opis_1/delo_0066/010.jpg,0,0.518,-0.03,0.352,1.187,0.105,32
data/opis_1/delo_0066/011.jpg,0,0.521,0.198,0.312,0.964,0.31,39
data/opis_1/delo_0066/012.jpg,0,0.559,0.191,0.365,0.984,0.219,34
data/opis_1/delo_0066/013.jpg,0,0.646,-0.052,0.453,1.74,0.309,29
data/opis_1/delo_0066/014.jpg,0,0.549,0.184,0.36,1.589,0.373,40
data/opis_1/delo_0066/015.jpg,1,0.478,1.0,0.336,1.121,0.164,28
data/opis_1/delo_0066/016.jpg,0,0.349,0.284,0.297,1.071,0.164,36
data/opis_1/delo_0066/017.jpg,0,0.513,-0.076,0.337,0.931,0.143,36
data/opis_1/delo_0066/018.jpg,0,0.569,0.325,0.423,1.684,0.376,32
data/opis_1/delo_0066/019.jpg,0,0.585,0.323,0.385,1.739,0.519,35
data/opis_1/delo_0066/020.jpg,0,0.561,0.227,0.381,1.51,0.398,31
data/opis_1/delo_0066/021.jpg,1,0.53,0.329,1.158,1.265,1.508,34
data/opis_1/delo_0066/022.jpg,1,0.35,0.762,1.331,1.127,2.278,32
data/opis_1/delo_0066/023.jpg,0,0.49,0.51,0.369,0.945,0.282,36
data/opis_1/delo_0066/024.jpg,0,0.52,0.297,0.391,1.328,0.275,34
data/opis_1/delo_0066/025.jpg,0,0.493,1.0,0.36,1.21,0.314,32
data/opis_1/delo_0066/026.jpg,0,0.558,0.207,0.344,0.965,0.316,35
data/opis_1/delo_0066/027.jpg,0,0.461,0.053,0.305,1.05,0.143,33
data/opis_1/delo_0066/028.jpg,1,0.495,0.206,0.302,0.949,0.254,34
data/opis_1/delo_0066/029.jpg,1,0.496,0.014,0.281,0.894,0.251,37
data/opis_1/delo_0066/030.jpg,0,0.614,0.025,0.377,1.469,0.368,40
data/opis_1/delo_0066/031.jpg,0,0.46,0.174,0.279,0.923,0.313,34
data/opis_1/delo_0066/032.jpg,0,0.458,0.173,0.296,0.949,0.233,37
data/opis_1/delo_0066/033.jpg,0,0.477,0.159,0.293,0.936,0.243,37
data/opis_1/delo_0066/034.jpg,0,0.464,0.17,0.274,0.891,0.106,34
data/opis_1/delo_0066/035.jpg,0,0.599,0.258,0.387,1.183,0.351,31
data/opis_1/delo_0066/036.jpg,1,0.625,0.362,0.397,1.165,0.268,34
data/opis_1/delo_0066/037.jpg,0,0.444,0.204,0.311,0.904,0.273,32
data/opis_1/delo_0066/038.jpg,1,0.431,0.297,0.299,0.913,0.218,33
data/opis_1/delo_0066/039.jpg,0,0.439,0.224,0.313,1.249,0.252,34
data/opis_1/delo_0066/040.jpg,0,0.424,0.354,0.331,0.914,0.172,36
data/opis_1/delo_0066/041.jpg,1,0.397,0.502,0.351,1.118,0.198,37
data/opis_1/delo_0066/042.jpg,1,0.392,0.375,0.353,0.982,0.192,34
data/opis_1/delo_0066/043.jpg,0,0.391,0.305,0.336,0.919,0.208,40
data/opis_1/delo_0066/044.jpg,0,0.425,0.405,0.333,1.478,0.172,35
data/opis_1/delo_0066/045.jpg,0,0.572,-0.047,0.427,1.207,0.288,35
data/opis_1/delo_0066/046.jpg,0,0.432,0.192,0.331,0.989,0.209,36
data/opis_1/delo_0066/047.jpg,0,0.651,0.015,0.552,1.831,0.39,34
data/opis_1/delo_0066/048.jpg,0,0.563,-0.043,0.374,1.338,0.809,27
data/opis_1/delo_0066/049.jpg,1,0.485,0.299,0.35,1.411,0.284,31
data/opis_1/delo_0066/050.jpg,0,0.487,0.289,0.297,0.905,0.23,36
data/opis_1/delo_0066/051.jpg,0,0.578,0.146,0.308,0.964,0.253,35
data/opis_1/delo_0066/052.jpg,0,0.455,-0.022,0.291,0.884,0.051,33
data/opis_1/delo_0066/053.jpg,0,0.599,0.271,0.35,1.019,0.263,33
data/opis_1/delo_0066/054.jpg,0,0.515,-0.01,0.35,1.686,0.29,36
data/opis_1/delo_0066/055.jpg,0,0.623,-0.115,0.512,1.132,0.41,30
data/opis_1/delo_0066/056.jpg,0,0.491,-0.035,0.382,1.029,0.422,28
data/opis_1/delo_0066/057.jpg,0,0.468,0.271,0.294,1.045,0.158,33
data/opis_1/delo_0066/058.jpg,0,0.606,0.02,0.501,1.141,0.54,32
data/opis_1/delo_0066/059.jpg,0,0.577,0.196,0.467,1.296,0.427,33
data/opis_1/delo_0066/060.jpg,0,0.496,0.173,0.369,0.958,0.267,28
data/opis_1/delo_0066/061.jpg,0,0.453,0.194,0.32,1.152,0.234,32
data/opis_1/delo_0066/062.jpg,0,0.444,0.154,0.246,0.874,0.171,34
data/opis_1/delo_0066/063.jpg,0,0.522,0.033,0.311,1.132,0.133,34
data/opis_1/delo_0066/064.jpg,0,0.404,0.085,0.264,1.071,0.129,33
data/opis_1/delo_0066/065.jpg,0,0.429,0.292,0.27,0.93,0.072,35
data/opis_1/delo_0066/066.jpg,0,0.434,0.274,0.291,0.92,0.133,36
data/opis_1/delo_0066/067.jpg,0,0.402,0.414,0.312,0.942,0.247,38
data/opis_1/delo_0066/068.jpg,0,0.442,0.369,0.336,0.861,0.274,39
data/opis_1/delo_0066/069.jpg,0,0.381,0.183,0.306,0.85,0.07,36
data/opis_1/delo_0066/070.jpg,1,0.398,0.238,0.329,0.972,0.277,17
data/opis_3/delo_0105/000.jpg,1,0.743,0.777,1.401,1.328,1.347,17
data/opis_3/delo_0105/001.jpg,0,0.519,0.122,0.358,1.248,0.418,36
data/opis_3/delo_0105/002.jpg,0,0.465,0.035,0.32,0.962,0.145,36
data/opis_3/delo_0105/003.jpg,0,0.411,0.414,0.357,1.154,0.222,38
data/opis_3/delo_0105/004.jpg,0,0.433,0.227,0.375,1.434,0.254,37
data/opis_3/delo_0105/005.jpg,0,0.765,1.0,1.406,1.422,0.54,19
data/opis_3/delo_0105/006.jpg,1,0.825,-0.269,2.504,2.038,1.379,21
data/opis_3/delo_0105/007.jpg,1,0.753,1.0,1.185,1.989,0.243,9
data/opis_3/delo_0105/008.jpg,1,0.69,0.899,2.352,0.901,0.949,6
data/opis_3/delo_0105/009.jpg,0,0.526,0.081,0.369,1.287,0.455,36
data/opis_3/delo_0105/010.jpg,0,0.497,0.076,0.293,0.874,0.152,36
data/opis_3/delo_0105/011.jpg,0,0.436,0.164,0.32,0.924,0.626,35
data/opis_3/delo_0105/012.jpg,0,0.465,0.234,0.391,0.95,0.252,35
data/opis_3/delo_0105/013.jpg,0,0.618,1.0,1.111,1.506,0.577,20
data/opis_3/delo_0105/014.jpg,0,0.65,0.418,0.863,2.336,1.733,32
data/opis_3/delo_0105/015.jpg,1,0.646,0.787,1.199,1.591,0.653,19
data/opis_3/delo_0105/016.jpg,0,0.451,0.092,0.332,0.876,0.504,25
data/opis_3/delo_0105/017.jpg,0,0.609,0.137,1.602,1.605,2.725,20
data/opis_3/delo_0105/018.jpg,0,0.471,0.747,1.253,1.21,3.009,27
data/opis_3/delo_0105/019.jpg,0,0.553,0.497,0.784,2.549,0.542,46
data/opis_3/delo_0105/020.jpg,1,0.345,0.628,0.411,1.086,1.833,12
data/opis_3/delo_0105/021.jpg,1,0.612,0.441,0.775,1.955,0.677,17
data/opis_3/delo_0105/022.jpg,0,0.703,0.648,0.963,1.689,0.536,17
data/opis_3/delo_0105/023.jpg,1,0.739,0.621,1.086,1.169,1.389,11
data/opis_3/delo_0105/024.jpg,1,0.737,0.482,0.967,1.457,1.579,21
data/opis_3/delo_0105/025.jpg,1,0.608,0.392,1.036,2.163,0.539,22
data/opis_3/delo_0186/000.jpg,0,0.763,1.0,1.19,1.293,2.168,11
data/opis_3/delo_0186/001.jpg,1,0.653,1.0,1.449,1.304,1.32,8
data/opis_3/delo_0186/002.jpg,0,0.567,1.0,1.232,1.37,1.045,6
data/opis_3/delo_0186/003.jpg,1,0.754,1.0,1.858,1.373,0.977,15
data/opis_3/delo_0104/000.jpg,0,0.627,0.534,1.551,1.678,0.687,14
data/opis_3/delo_0104/001.jpg,0,0.611,0.743,0.799,1.467,0.366,28
data/opis_3/delo_0104/002.jpg,1,0.779,0.896,1.541,1.779,1.056,21
data/opis_3/delo_0104/003.jpg,1,0.506,1.0,0.792,1.268,0.503,14
data/opis_3/delo_0104/004.jpg,1,0.807,1.0,1.139,1.383,1.124,19
data/opis_3/delo_0104/005.jpg,1,0.754,1.0,1.369,1.297,1.674,11
data/opis_3/delo_0104/006.jpg,1,0.731,1.0,1.238,1.402,1.494,16
data/opis_3/delo_0104/007.jpg,1,0.857,1.0,2.525,1.216,1.609,11
data/opis_3/delo_0104/008.jpg,1,0.852,1.0,1.316,1.299,1.498,7
data/opis_3/delo_0104/009.jpg,1,0.841,1.0,2.276,1.398,1.046,4
data/opis_3/delo_0104/010.jpg,1,0.724,1.0,2.154,1.135,1.035,6
data/opis_3/delo_0104/011.jpg,1,0.93,1.0,2.74,1.593,1.137,5
data/opis_3/delo_0104/012.jpg,1,0.776,1.0,1.982,1.243,1.495,6
data/opis_3/delo_0018/000.jpg,0,0.608,0.157,2.049,1.332,1.894,23
data/opis_3/delo_0018/001.jpg,1,0.789,1.0,1.09,1.418,0.689,25
data/opis_3/delo_0018/002.jpg,1,0.58,1.0,1.096,1.696,0.72,20
data/opis_3/delo_0018/004.jpg,0,0.484,0.39,0.983,1.425,2.471,26
data/opis_3/delo_0018/005.jpg,0,0.574,0.185,0.446,1.204,0.947,20
data/opis_3/delo_0018/006.jpg,1,0.508,0.191,0.9,2.163,0.619,17
data/opis_3/delo_0018/007.jpg,0,0.516,0.299,0.687,2.294,0.793,20
data/opis_3/delo_0018/008.jpg,1,0.58,0.385,0.696,1.945,0.603,27
data/opis_3/delo_0018/009.jpg,1,0.723,0.663,1.44,1.499,1.592,7
data/opis_3/delo_0018/011.jpg,1,0.598,0.385,1.251,2.267,0.796,25
data/opis_3/delo_0018/012.jpg,1,0.568,0.258,1.838,1.597,1.287,13
data/opis_3/delo_0018/013.jpg,0,0.705,1.0,1.085,1.055,0.296,9
data/opis_3/delo_0018/014.jpg,1,0.686,0.341,1.344,2.945,0.9,19
data/opis_3/delo_0018/015.jpg,0,0.606,0.399,0.964,1.309,1.373,35
data/opis_3/delo_0018/016.jpg,1,0.486,0.385,0.512,2.37,1.598,21
data/opis_3/delo_0018/018.jpg,0,0.345,0.339,0.536,1.101,0.263,40
data/opis_3/delo_0018/019.jpg,0,0.316,0.457,0.462,1.056,0.163,36
data/opis_3/delo_0018/020.jpg,0,0.356,0.44,0.582,1.056,0.137,37
data/opis_3/delo_0018/021.jpg,1,0.386,0.451,0.515,1.084,1.006,22
data/opis_3/delo_0018/022.jpg,0,0.518,0.473,0.371,2.06,1.272,27
data/opis_3/delo_0018/023.jpg,0,0.473,0.229,0.27,0.911,0.387,20
data/opis_3/delo_0018/024.jpg,0,0.566,0.516,0.217,1.035,1.481,15
data/opis_3/delo_0018/025.jpg,0,0.556,0.582,0.333,1.238,0.52,33
data/opis_3/delo_0018/026.jpg,1,0.714,0.212,1.729,2.674,0.735,5
data/opis_3/delo_0018/027.jpg,0,0.793,0.475,1.81,2.9,0.986,7
data/opis_3/delo_0018/028.jpg,0,0.525,0.281,0.543,1.006,1.176,27
data/opis_3/delo_0018/030.jpg,0,0.606,0.369,0.308,1.073,0.857,34
data/opis_3/delo_0018/031.jpg,0,0.577,0.423,0.254,0.958,0.317,22
data/opis_3/delo_0018/032.jpg,1,0.391,0.385,0.637,1.868,0.945,16
data/opis_3/delo_0018/034.jpg,1,0.703,1.0,1.919,1.849,1.534,23
data/opis_3/delo_0018/035.jpg,0,0.749,0.237,1.827,1.687,1.542,22
data/opis_3/delo_0018/036.jpg,0,0.493,0.094,0.308,0.88,0.403,33
data/opis_3/delo_0018/037.jpg,0,0.468,1.0,0.257,0.903,0.314,15
data/opis_3/delo_0018/039.jpg,1,0.859,1.0,1.913,1.318,1.26,6
data/opis_3/delo_0018/040.jpg,1,0.938,1.0,2.059,1.975,1.345,4
data/opis_3/delo_0018/041.jpg,1,0.889,1.0,2.095,1.694,1.048,5
data/opis_3/delo_0018/042.jpg,1,0.91,1.0,2.746,1.37,1.249,6
data/opis_3/delo_0018/043.jpg,1,0.726,1.0,1.44,1.792,1.757,5
data/opis_3/delo_0018/044.jpg,1,0.71,0.896,1.013,2.038,1.461,21
data/opis_3/delo_0018/045.jpg,1,0.68,0.399,1.598,1.525,2.034,26
data/opis_3/delo_0018/046.jpg,0,0.742,1.0,1.218,1.699,1.46,17
data/opis_3/delo_0018/047.jpg,1,0.712,0.509,1.45,1.68,2.822,24
data/opis_3/delo_0018/049.jpg,1,0.899,1.0,2.061,1.761,1.075,7
data/opis_3/delo_0018/050.jpg,1,0.426,0.341,0.584,3.721,2.902,18
data/opis_3/delo_0018/051.jpg,0,0.405,0.566,0.357,1.047,0.262,42
data/opis_3/delo_0018/052.jpg,0,0.412,0.634,0.339,1.101,0.232,28
data/opis_3/delo_0108/000.jpg,1,0.783,0.743,2.443,1.859,1.426,16
data/opis_3/delo_0108/001.jpg,1,0.618,1.0,0.941,1.244,0.719,30
data/opis_3/delo_0108/002.jpg,1,0.393,1.0,1.265,0.987,0.678,32
data/opis_3/delo_0108/003.jpg,0,0.527,0.496,0.552,2.195,0.962,27
data/opis_3/delo_0108/004.jpg,1,0.646,0.299,1.539,1.507,1.281,13
data/opis_3/delo_0108/005.jpg,0,0.725,0.249,1.142,2.068,0.51,10
data/opis_3/delo_0108/006.jpg,1,0.732,1.0,0.851,1.624,0.731,15
data/opis_3/delo_0108/007.jpg,1,0.676,1.0,1.484,1.31,1.215,18
data/opis_3/delo_0108/008.jpg,1,0.795,1.0,1.019,1.583,0.273,13
data/opis_3/delo_0108/009.jpg,1,0.788,0.66,1.257,2.403,0.817,15
data/opis_3/delo_0108/010.jpg,0,0.387,0.596,0.493,1.346,0.306,29
data/opis_3/delo_0108/011.jpg,1,0.83,1.0,1.608,2.022,0.548,14
data/opis_3/delo_0108/012.jpg,0,0.416,0.695,0.466,1.342,0.31,29
data/opis_3/delo_0108/013.jpg,0,0.804,1.0,1.518,1.373,0.435,11
data/opis_3/delo_0108/014.jpg,0,0.416,0.626,0.496,1.334,0.372,30
data/opis_3/delo_0108/015.jpg,0,0.507,-0.076,0.466,1.153,0.196,23
data/opis_3/delo_0108/016.jpg,1,0.596,0.413,0.868,1.755,0.389,31
data/opis_3/delo_0108/017.jpg,1,0.921,1.0,1.304,1.859,1.215,7
data/opis_3/delo_0108/018.jpg,1,0.804,1.0,0.939,1.255,0.395,18
data/opis_3/delo_0108/019.jpg,0,0.594,0.378,0.62,3.207,0.438,14
data/opis_3/delo_0108/020.jpg,1,0.624,0.694,1.165,1.57,1.757,7
data/opis_3/delo_0108/021.jpg,0,0.446,0.288,0.403,1.108,0.327,29
data/opis_3/delo_0108/022.jpg,0,0.557,1.0,0.632,1.437,0.321,14
data/opis_3/delo_0108/023.jpg,0,0.467,0.223,0.492,1.132,0.669,32
data/opis_3/delo_0108/024.jpg,0,0.567,1.0,0.569,1.238,0.421,28
data/opis_3/delo_0108/025.jpg,1,0.357,0.166,0.676,1.04,0.795,24
data/opis_3/delo_0108/026.jpg,1,0.728,1.0,1.738,1.182,1.416,15
data/opis_3/delo_0108/027.jpg,1,0.768,1.0,1.199,2.014,0.934,15
data/opis_3/delo_0108/028.jpg,0,0.568,0.12,0.525,1.116,0.322,9
data/opis_3/delo_0108/029.jpg,0,0.41,0.379,1.058,1.407,0.218,32
data/opis_3/delo_0103/000.jpg,0,0.711,0.642,1.664,1.695,0.534,15
data/opis_3/delo_0103/001.jpg,1,0.516,0.533,1.216,1.388,0.443,40
data/opis_3/delo_0103/002.jpg,1,0.46,0.494,1.223,1.279,0.256,23
data/opis_3/delo_0103/003.jpg,0,0.692,1.0,1.236,1.401,0.654,15
data/opis_3/delo_0103/004.jpg,1,0.474,0.892,1.304,1.288,0.744,46
data/opis_3/delo_0103/005.jpg,1,0.691,1.0,1.407,1.389,0.894,18
data/opis_3/delo_0102a/000.jpg,1,0.763,0.471,0.902,1.814,0.525,18
data/opis_3/delo_0102a/001.jpg,1,0.84,1.0,1.034,1.325,0.29,24
data/opis_3/delo_0102a/002.jpg,1,0.825,1.0,1.193,1.292,0.474,25
data/opis_3/delo_0102a/003.jpg,1,0.833,1.0,0.943,1.415,0.318,23
data/opis_3/delo_0102a/004.jpg,1,0.817,1.0,1.096,1.141,0.225,23
data/opis_3/delo_0102a/005.jpg,1,0.88,1.0,1.26,1.173,0.598,34
data/opis_3/delo_0102a/006.jpg,1,0.849,1.0,1.027,1.137,0.387,31
data/opis_3/delo_0102a/007.jpg,1,0.847,1.0,1.144,1.06,0.229,27
data/opis_3/delo_0102a/008.jpg,1,0.851,1.0,1.075,1.205,0.459,29
data/opis_3/delo_0102a/009.jpg,1,0.679,1.0,1.21,1.033,0.345,22
data/opis_3/delo_0102a/010.jpg,0,0.86,1.0,1.646,1.658,1.714,9
data/opis_3/delo_0102a/011.jpg,1,0.718,1.0,1.002,1.263,0.172,15
data/opis_3/delo_0102a/012.jpg,1,0.848,1.0,1.421,1.434,1.325,10
data/opis_3/delo_0102a/013.jpg,1,0.621,1.0,0.986,1.146,0.285,18
data/opis_3/delo_0102a/014.jpg,1,0.725,1.0,1.123,1.349,1.232,12
data/opis_3/delo_0102a/015.jpg,1,0.747,1.0,1.067,1.136,0.218,15
data/opis_3/delo_0102a/016.jpg,1,0.769,1.0,0.853,1.115,1.719,10
data/opis_3/delo_0107/000.jpg,0,0.74,0.587,1.181,1.357,0.45,17
data/opis_3/delo_0107/001.jpg,1,0.752,1.0,1.131,1.276,1.622,13
data/opis_3/delo_0107/002.jpg,1,0.714,1.0,1.431,1.322,1.349,19
data/opis_3/delo_0107/003.jpg,0,0.439,0.181,0.313,1.031,0.323,31
data/opis_3/delo_0107/004.jpg,1,0.602,0.308,1.495,1.16,0.674,15
data/opis_3/delo_0107/005.jpg,0,0.517,0.105,0.316,1.022,0.258,27
data/opis_3/delo_0107/006.jpg,1,0.461,0.215,0.603,1.777,0.625,25
data/opis_3/delo_0107/007.jpg,0,0.602,0.109,0.295,1.151,0.433,14
data/opis_3/delo_0107/008.jpg,1,0.653,1.0,1.471,1.405,1.445,7
data/opis_3/delo_0107/009.jpg,1,0.542,0.224,1.083,1.371,0.705,10
data/opis_3/delo_0107/010.jpg,0,0.477,0.061,0.51,1.166,0.517,10
data/opis_3/delo_0107/011.jpg,0,0.434,0.165,0.74,1.509,0.315,15
data/opis_3/delo_0107/012.jpg,0,0.602,1.0,1.291,1.896,1.002,9
data/opis_3/delo_0107/013.jpg,1,0.685,1.0,1.34,1.687,0.845,13
data/opis_3/delo_0107/014.jpg,0,0.625,0.437,0.293,1.166,0.481,24
data/opis_3/delo_0107/015.jpg,0,0.514,0.613,0.275,0.977,0.364,21
data/opis_3/delo_0107/016.jpg,1,0.798,1.0,2.097,1.932,1.509,12
data/opis_3/delo_0107/018.jpg,0,0.675,0.038,0.237,1.079,0.152,13
data/opis_3/delo_0107/019.jpg,0,0.737,1.0,1.13,1.558,1.134,18
data/opis_3/delo_0107/020.jpg,1,0.532,0.204,0.957,1.484,0.5,16
data/opis_3/delo_0107/021.jpg,1,0.678,1.0,1.487,1.357,1.136,12
data/opis_3/delo_0107/022.jpg,1,0.589,0.256,1.253,1.523,0.759,17
data/opis_3/delo_0107/023.jpg,0,0.692,1.0,0.712,1.043,0.079,20
data/opis_3/delo_0107/024.jpg,1,0.539,0.446,0.738,1.724,0.583,8
data/opis_3/delo_0107/025.jpg,0,0.694,0.67,0.882,1.634,0.626,20
data/opis_3/delo_0106/000.jpg,1,0.776,0.939,1.285,1.905,1.324,15
data/opis_3/delo_0106/001.jpg,1,0.522,0.449,0.437,3.551,0.204,50
data/opis_3/delo_0106/002.jpg,1,0.763,1.0,1.888,1.277,0.634,14
data/opis_3/delo_0106/003.jpg,1,0.582,0.49,0.491,2.47,0.289,30
data/opis_3/delo_0106/004.jpg,1,0.768,1.0,1.056,1.613,0.938,11
data/opis_3/delo_0102/000.jpg,0,0.77,0.667,1.625,1.458,2.178,10
data/opis_3/delo_0102/001.jpg,1,0.735,1.0,1.145,1.459,1.587,21
data/opis_3/delo_0102/002.jpg,1,0.662,-0.057,1.132,1.164,1.362,32
data/opis_3/delo_0102/003.jpg,1,0.745,1.0,1.084,1.289,1.224,19
data/opis_3/delo_0102/004.jpg,0,0.838,1.0,1.763,1.19,2.225,11
data/opis_3/delo_0102/005.jpg,0,0.386,0.089,0.645,1.147,0.274,29
data/opis_3/delo_0102/006.jpg,0,0.366,0.216,0.517,1.12,0.24,25
data/opis_3/delo_0095/000.jpg,0,0.762,0.706,2.041,1.569,2.093,8
data/opis_3/delo_0095/001.jpg,1,0.459,0.487,0.708,2.556,0.486,26
data/opis_3/delo_0095/002.jpg,1,0.849,1.0,1.873,1.218,0.986,5
data/opis_3/delo_0095/003.jpg,1,0.85,1.0,2.909,2.874,0.824,5
data/opis_3/delo_0095/005.jpg,0,0.52,0.111,0.638,1.427,0.322,25
data/opis_3/delo_0095/006.jpg,0,0.562,0.436,0.368,1.508,0.59,10
data/opis_3/delo_0095/007.jpg,0,0.529,0.388,0.436,1.658,0.521,20
data/opis_3/delo_0095/008.jpg,1,0.917,0.456,1.596,1.697,0.962,7
data/opis_3/delo_0184/000.jpg,1,0.706,0.605,1.471,1.641,2.794,17
data/opis_3/delo_0184/001.jpg,1,0.665,1.0,1.416,1.097,1.244,13
data/opis_3/delo_0184/002.jpg,1,0.592,0.412,1.757,1.408,2.017,42
data/opis_3/delo_0126/000.jpg,0,0.772,0.702,2.021,1.743,1.123,16
data/opis_3/delo_0126/001.jpg,0,0.681,0.694,0.809,1.479,0.279,27
data/opis_3/delo_0126/002.jpg,0,0.674,0.587,0.742,1.219,0.35,30
data/opis_3/delo_0126/003.jpg,1,0.7,0.677,1.143,1.439,1.236,11
data/opis_3/delo_0126/004.jpg,1,0.674,1.0,1.61,1.088,1.345,7
data/opis_3/delo_0126/005.jpg,0,0.688,-0.01,0.477,1.666,0.651,22
data/opis_4/delo_0012а/000.jpg,1,0.782,1.0,1.722,3.309,1.57,15
data/opis_4/delo_0012а/001.jpg,1,0.739,1.0,1.161,1.127,1.467,5
data/opis_4/delo_0012а/002.jpg,1,0.879,1.0,1.821,2.001,0.81,4
data/opis_4/delo_0012а/003.jpg,0,0.477,0.488,0.477,1.711,0.605,31
data/opis_4/delo_0670/000.jpg,1,0.828,0.644,1.162,2.1,0.506,13
data/opis_4/delo_0670/001.jpg,1,0.478,1.0,0.992,1.263,0.213,16
data/opis_4/delo_0670/002.jpg,1,0.719,0.646,1.129,1.055,1.661,9
data/opis_4/delo_0670/003.jpg,1,0.562,1.0,0.92,1.199,1.002,31
data/opis_4/delo_0670/005.jpg,1,0.608,1.0,0.943,1.071,0.393,22
data/opis_4/delo_0670/006.jpg,1,0.641,1.0,0.865,1.247,0.06,20
data/opis_4/delo_0670/007.jpg,0,0.737,1.0,1.013,1.368,0.585,11
data/opis_4/delo_0670/008.jpg,1,0.677,1.0,1.182,1.31,1.109,21
data/opis_4/delo_0670/009.jpg,0,0.706,1.0,1.04,1.27,0.826,17
data/opis_4/delo_0670/011.jpg,1,0.526,1.0,0.898,1.222,0.695,13
data/opis_4/delo_0670/012.jpg,1,0.928,1.0,1.298,1.259,1.431,7
data/opis_4/delo_0670/013.jpg,0,0.428,0.531,0.444,2.359,0.281,38
data/opis_4/delo_0534/000.jpg,0,0.825,0.258,0.948,1.433,0.398,18
data/opis_4/delo_0534/001.jpg,0,0.407,0.82,0.736,1.789,0.142,33
data/opis_4/delo_0534/003.jpg,1,0.628,1.0,1.437,1.326,1.398,10
data/opis_4/delo_0534/006.jpg,1,0.696,1.0,0.839,1.587,0.304,19
data/opis_4/delo_0534/007.jpg,0,0.687,1.0,0.817,1.573,0.247,19
data/opis_4/delo_0534/008.jpg,1,0.691,1.0,0.971,1.297,1.668,7
data/opis_4/delo_0112/000.jpg,0,0.709,0.383,1.101,1.392,0.553,20
data/opis_4/delo_0112/001.jpg,0,0.513,1.0,0.811,1.434,0.505,43
data/opis_4/delo_0112/002.jpg,1,0.695,0.429,1.197,1.463,1.236,10
data/opis_4/delo_0112/003.jpg,1,0.801,0.168,0.918,2.032,1.033,11
data/opis_2/delo_0100/000.jpg,0,0.697,0.709,1.839,1.486,2.077,19
data/opis_2/delo_0100/001.jpg,0,0.802,1.0,0.836,2.299,0.504,20
data/opis_2/delo_0100/002.jpg,0,0.433,0.985,0.507,1.164,0.037,31
data/opis_2/delo_0100/003.jpg,0,0.518,0.533,0.492,1.149,0.343,38
data/opis_2/delo_0100/004.jpg,0,0.536,0.434,0.614,1.252,0.219,27
data/opis_2/delo_0100/005.jpg,0,0.762,0.501,1.263,1.699,0.907,8
data/opis_2/delo_0100/006.jpg,0,0.541,0.521,0.601,2.933,0.806,26
data/opis_2/delo_0100/007.jpg,1,0.705,0.887,2.67,1.878,1.596,15
data/opis_2/delo_0100/008.jpg,0,0.686,0.864,1.205,1.28,1.936,14
data/opis_2/delo_0100/010.jpg,1,0.683,0.544,0.929,1.373,0.38,20
data/opis_2/delo_0100/011.jpg,0,0.734,1.0,0.487,1.238,0.676,17
data/opis_2/delo_0100/012.jpg,0,0.689,0.533,0.737,1.426,0.423,20
data/opis_2/delo_0100/013.jpg,1,0.694,0.497,0.525,1.26,0.761,18
data/opis_2/delo_0100/014.jpg,1,0.66,0.597,0.84,1.249,0.414,20
data/opis_2/delo_0100/015.jpg,1,0.679,0.436,0.469,1.187,0.822,19
data/opis_2/delo_0100/016.jpg,0,0.636,0.61,0.484,0.932,1.264,20
data/opis_2/delo_0100/017.jpg,0,0.77,0.822,0.689,1.311,1.77,15
data/opis_2/delo_0100/018.jpg,1,0.842,1.0,0.456,1.419,1.677,12
data/opis_2/delo_0100/020.jpg,1,0.715,0.506,0.929,3.486,0.86,8
data/opis_2/delo_0100/022.jpg,1,0.68,0.528,0.8,1.66,0.873,4
data/opis_2/delo_0100/024.jpg,1,0.675,0.523,1.018,2.812,0.902,8
data/opis_2/delo_0100/026.jpg,1,0.578,0.482,0.98,2.744,1.423,8
data/opis_2/delo_0100/028.jpg,1,0.754,1.0,0.853,1.537,0.641,5
data/opis_2/delo_0100/030.jpg,1,0.842,1.0,0.458,1.327,0.741,4
data/opis_2/delo_0100/031.jpg,0,0.581,0.314,0.49,1.0,1.531,22
data/opis_2/delo_0100/032.jpg,0,0.584,0.227,0.536,1.099,1.606,24
data/opis_2/delo_0100/033.jpg,1,0.529,0.337,0.53,1.085,1.578,23
data/opis_2/delo_0100/034.jpg,1,0.73,0.25,0.529,1.992,1.138,9
data/opis_2/delo_0100/035.jpg,1,0.498,0.727,0.414,0.976,1.251,4
data/opis_2/delo_0100/036.jpg,1,0.502,0.819,0.671,1.937,1.737,51
data/opis_2/delo_0100/037.jpg,0,0.686,0.647,0.823,1.532,1.576,11
data/opis_2/delo_0100/039.jpg,1,0.603,0.387,0.582,3.886,0.526,8
data/opis_2/delo_0100/041.jpg,0,0.682,0.785,1.771,0.884,1.934,9
data/opis_2/delo_0100/043.jpg,0,0.598,0.7,0.387,3.559,0.239,12
data/opis_2/delo_0100/044.jpg,1,0.74,1.0,0.394,1.259,1.075,8
data/opis_2/delo_0100/046.jpg,0,0.52,0.645,0.51,1.194,0.262,10
data/opis_2/delo_0100/047.jpg,1,0.576,0.75,0.482,1.445,0.246,29
data/opis_2/delo_0100/048.jpg,0,0.481,0.238,0.506,1.141,0.279,18
data/opis_2/delo_0100/049.jpg,0,0.578,0.174,0.454,1.205,0.278,19
data/opis_2/delo_0100/050.jpg,0,0.493,0.58,0.503,1.07,0.192,20
data/opis_2/delo_0100/051.jpg,0,0.545,0.705,0.533,1.142,0.277,25
data/opis_2/delo_0100/052.jpg,0,0.533,0.254,0.55,1.2,0.594,22
data/opis_2/delo_0100/053.jpg,0,0.529,0.446,0.502,1.22,0.406,24
data/opis_2/delo_0100/054.jpg,0,0.49,0.446,0.526,1.076,0.336,26
data/opis_2/delo_0100/055.jpg,0,0.561,0.506,0.557,1.241,0.396,26
data/opis_2/delo_0100/056.jpg,0,0.5,0.34,0.514,0.948,0.467,30
data/opis_2/delo_0100/057.jpg,0,0.523,0.542,0.508,1.097,0.454,26
data/opis_2/delo_0100/058.jpg,0,0.521,0.4,0.467,0.995,0.419,30
data/opis_2/delo_0100/059.jpg,0,0.516,0.643,0.526,1.86,0.321,31
data/opis_2/delo_0100/060.jpg,0,0.532,0.317,0.53,1.169,0.366,27
data/opis_2/delo_0100/061.jpg,0,0.536,0.265,0.477,1.034,0.322,25
data/opis_2/delo_0100/062.jpg,0,0.451,0.525,0.505,1.086,0.31,27
data/opis_2/delo_0100/063.jpg,0,0.553,0.471,0.532,1.143,0.406,25
data/opis_2/delo_0100/064.jpg,0,0.495,0.374,0.516,0.976,0.422,27
data/opis_2/delo_0100/065.jpg,0,0.581,0.399,0.445,1.206,0.349,16
data/opis_2/delo_0100/066.jpg,0,0.537,0.506,0.647,1.352,0.279,33
data/opis_2/delo_0100/067.jpg,0,0.542,0.505,0.683,2.127,0.256,30
data/opis_2/delo_0100/069.jpg,0,0.742,0.493,1.125,1.932,0.963,9
data/opis_2/delo_0100/070.jpg,0,0.58,0.468,0.61,2.665,0.685,28
data/opis_2/delo_0168/000.jpg,0,0.752,0.425,0.717,1.234,0.601,21
data/opis_2/delo_0079/000.jpg,0,0.696,0.482,1.046,1.539,0.554,19
data/opis_2/delo_0079/001.jpg,1,0.471,0.432,0.475,1.796,0.33,33
data/opis_2/delo_0079/002.jpg,0,0.411,0.576,0.525,1.129,0.244,30
data/opis_2/delo_0079/003.jpg,0,0.38,0.473,0.538,1.154,0.194,30
data/opis_2/delo_0079/004.jpg,0,0.431,0.437,0.457,1.128,0.102,26
data/opis_2/delo_0079/005.jpg,0,0.44,0.538,0.465,1.151,0.082,26
data/opis_2/delo_0079/006.jpg,0,0.41,0.399,0.504,1.157,0.089,28
data/opis_2/delo_0079/007.jpg,0,0.415,0.387,0.567,1.142,0.108,29
data/opis_2/delo_0079/008.jpg,0,0.401,0.505,0.474,1.152,0.382,31
data/opis_2/delo_0079/009.jpg,0,0.371,0.453,0.482,1.195,0.088,27
data/opis_2/delo_0079/010.jpg,0,0.374,0.349,0.464,1.151,0.186,29
data/opis_2/delo_0079/011.jpg,0,0.366,0.463,0.52,1.199,0.246,29
data/opis_2/delo_0079/012.jpg,0,0.412,0.437,0.429,1.19,0.031,26
data/opis_2/delo_0079/013.jpg,0,0.403,0.54,0.395,1.131,0.233,30
data/opis_2/delo_0079/014.jpg,0,0.419,0.375,0.362,1.125,0.088,27
data/opis_2/delo_0079/015.jpg,0,0.353,0.618,0.372,1.1,0.046,27
data/opis_2/delo_0079/016.jpg,0,0.387,0.407,0.395,1.16,0.06,28
data/opis_2/delo_0079/017.jpg,0,0.404,0.493,0.388,1.206,0.075,26
data/opis_2/delo_0079/018.jpg,0,0.446,0.41,0.418,1.178,0.443,31
data/opis_2/delo_0079/019.jpg,0,0.429,0.621,0.438,1.223,0.118,26
data/opis_2/delo_0079/020.jpg,0,0.467,0.428,0.486,1.149,0.124,30
data/opis_2/delo_0079/021.jpg,0,0.459,0.469,0.45,1.186,0.422,33
data/opis_2/delo_0079/022.jpg,0,0.465,0.342,0.465,1.195,0.286,28
data/opis_2/delo_0079/024.jpg,0,0.434,-0.169,0.524,1.136,0.076,28
data/opis_2/delo_0079/025.jpg,0,0.404,0.27,0.548,1.136,0.055,29
data/opis_2/delo_0079/026.jpg,0,0.424,0.313,0.414,1.114,0.206,29
data/opis_2/delo_0079/027.jpg,0,0.401,0.214,0.484,1.122,0.051,30
data/opis_2/delo_0079/028.jpg,0,0.403,0.322,0.451,1.122,0.07,26
data/opis_2/delo_0038/000.jpg,0,0.689,0.693,2.116,1.883,1.162,20
data/opis_2/delo_0038/001.jpg,1,0.47,0.398,0.588,1.131,0.435,31
data/opis_2/delo_0038/002.jpg,0,0.389,0.398,0.433,1.082,0.872,35
data/opis_2/delo_0038/003.jpg,1,0.55,0.259,0.501,1.832,0.428,28
data/opis_2/delo_0038/004.jpg,1,0.37,0.468,0.477,1.105,0.37,37
data/opis_2/delo_0038/005.jpg,1,0.355,0.475,0.438,1.126,1.746,34
data/opis_2/delo_0038/006.jpg,0,0.523,0.304,0.584,2.044,0.478,26
data/opis_2/delo_0079а/000.jpg,1,0.835,1.0,2.878,1.501,0.916,17
data/opis_2/delo_0079а/001.jpg,0,0.531,0.319,0.497,1.18,0.385,28
data/opis_2/delo_0079а/002.jpg,0,0.432,0.769,0.578,1.157,0.226,31
data/opis_2/delo_0079а/003.jpg,0,0.458,0.76,0.506,1.146,0.147,29
data/opis_2/delo_0079а/004.jpg,0,0.414,0.774,0.486,1.161,0.195,25
data/opis_2/delo_0079а/005.jpg,0,0.407,0.499,0.493,1.148,0.077,28
data/opis_2/delo_0079а/006.jpg,0,0.438,0.441,0.587,1.21,0.474,36
data/opis_2/delo_0079а/007.jpg,0,0.413,0.816,0.511,1.13,0.074,28
data/opis_2/delo_0079а/008.jpg,0,0.409,0.478,0.538,1.179,0.074,24
data/opis_2/delo_0079а/009.jpg,0,0.438,0.748,0.497,1.137,0.096,28
data/opis_2/delo_0079а/010.jpg,0,0.452,0.947,0.528,1.214,0.108,23
data/opis_2/delo_0079а/011.jpg,0,0.404,0.337,0.51,1.147,0.322,30
data/opis_2/delo_0079а/012.jpg,0,0.417,0.737,0.518,1.199,0.414,18
data/opis_2/delo_0079а/013.jpg,0,0.476,0.346,0.491,1.157,0.34,29
data/opis_2/delo_0079а/014.jpg,0,0.426,0.453,0.542,1.213,0.34,28
data/opis_2/delo_0079а/015.jpg,0,0.416,0.495,0.492,1.145,0.214,26
data/opis_2/delo_0079а/016.jpg,0,0.531,0.882,0.521,1.19,0.171,22
data/opis_2/delo_0079а/017.jpg,0,0.401,0.506,0.488,1.133,0.091,28
data/opis_2/delo_0079а/018.jpg,0,0.4,0.373,0.563,1.145,0.108,27
data/opis_2/delo_0079а/019.jpg,0,0.462,0.82,0.501,1.114,0.397,28
data/opis_2/delo_0079а/020.jpg,0,0.42,0.889,0.588,1.208,0.096,29
data/opis_2/delo_0079а/021.jpg,0,0.475,0.646,0.497,1.135,0.26,23
data/opis_2/delo_0079а/022.jpg,0,0.428,0.76,0.51,1.19,0.279,29
data/opis_2/delo_0079а/023.jpg,0,0.398,0.377,0.537,1.131,0.14,28
data/opis_2/delo_0079а/024.jpg,0,0.45,0.807,0.536,1.171,0.273,25
data/opis_2/delo_0079а/025.jpg,0,0.425,0.372,0.501,1.143,0.213,29
data/opis_2/delo_0079а/026.jpg,0,0.431,0.47,0.538,1.164,0.352,33
data/opis_2/delo_0079а/027.jpg,0,0.44,0.809,0.524,1.138,0.161,25
data/opis_2/delo_0079а/028.jpg,0,0.379,0.825,0.514,1.131,0.133,27
data/opis_2/delo_0079а/029.jpg,0,0.389,0.887,0.488,1.144,0.075,29
data/opis_2/delo_0079а/030.jpg,0,0.396,0.772,0.551,1.167,0.132,29
data/opis_2/delo_0079а/031.jpg,0,0.405,0.474,0.566,1.121,0.238,30
data/opis_2/delo_0079а/032.jpg,0,0.414,0.437,0.553,1.144,0.275,26
data/opis_2/delo_0079а/033.jpg,0,0.395,0.971,0.514,1.155,0.149,28
data/opis_2/delo_0079а/034.jpg,0,0.421,0.492,0.586,1.144,0.134,29
data/opis_2/delo_0093а/000.jpg,1,0.776,0.66,1.52,1.384,1.076,15
data/opis_2/delo_0093а/001.jpg,0,0.392,0.774,0.282,0.942,0.34,30
data/opis_2/delo_0093а/002.jpg,0,0.459,0.543,0.292,0.98,0.273,27
data/opis_2/delo_0093а/003.jpg,0,0.377,0.608,0.324,0.956,0.075,23
data/opis_2/delo_0093а/004.jpg,0,0.412,0.715,0.3,0.922,0.179,28
data/opis_2/delo_0093а/005.jpg,0,0.397,0.643,0.316,0.967,0.105,27
data/opis_2/delo_0093а/006.jpg,0,0.411,0.673,0.334,0.957,0.079,27
data/opis_2/delo_0103/000.jpg,0,0.663,0.543,0.975,1.373,0.444,19
data/opis_2/delo_0103/001.jpg,1,0.343,0.561,0.652,1.519,1.077,52
data/opis_2/delo_0103/002.jpg,0,0.395,0.729,0.655,1.565,0.732,24
data/opis_2/delo_0103/003.jpg,1,0.364,0.366,0.611,1.291,1.159,55
data/opis_2/delo_0103/004.jpg,1,0.337,0.411,0.593,1.216,1.758,34
data/opis_2/delo_0103/005.jpg,0,0.35,0.308,0.542,1.159,0.894,61
data/opis_2/delo_0103/006.jpg,0,0.415,0.466,0.57,1.138,0.269,62
data/opis_2/delo_0103/007.jpg,0,0.374,0.694,0.522,1.101,0.217,58
data/opis_2/delo_0103/008.jpg,0,0.38,0.953,0.546,1.088,0.296,23
data/opis_2/delo_0103/009.jpg,0,0.394,0.338,0.472,1.06,0.414,35
data/opis_2/delo_0103/010.jpg,0,0.384,0.251,0.52,1.154,0.347,35
data/opis_2/delo_0103/011.jpg,0,0.389,0.223,0.451,1.116,0.675,31
data/opis_2/delo_0103/012.jpg,0,0.532,0.507,0.578,1.405,0.514,12
data/opis_2/delo_0103/013.jpg,0,0.394,0.246,0.54,1.149,0.446,35
data/opis_2/delo_0103/014.jpg,0,0.399,0.446,0.59,1.156,0.289,34
data/opis_2/delo_0103/015.jpg,0,0.342,0.348,0.497,1.126,0.23,31
data/opis_2/delo_0103/016.jpg,0,0.361,0.274,0.485,1.111,0.373,33
data/opis_2/delo_0103/017.jpg,0,0.365,0.155,0.499,1.157,0.403,31
data/opis_2/delo_0103/018.jpg,0,0.314,0.203,0.554,1.147,0.278,31
data/opis_2/delo_0103/019.jpg,0,0.354,0.199,0.476,1.131,0.277,31
data/opis_2/delo_0103/020.jpg,0,0.329,0.266,0.534,1.136,0.215,31
data/opis_2/delo_0103/021.jpg,0,0.338,0.365,0.493,1.184,0.333,30
data/opis_2/delo_0103/022.jpg,0,0.337,0.307,0.499,1.241,0.159,30
data/opis_2/delo_0103/023.jpg,0,0.417,0.331,0.461,1.154,0.359,18
data/opis_2/delo_0157а/005.jpg,0,0.878,1.0,1.484,1.198,1.019,4
data/opis_2/delo_0157а/007.jpg,1,0.913,1.0,1.52,1.24,1.205,30
data/opis_2/delo_0157а/008.jpg,1,0.92,1.0,1.532,1.26,1.137,26
data/opis_2/delo_0157а/010.jpg,0,0.753,0.739,1.096,0.924,1.148,5
data/opis_2/delo_0157а/014.jpg,0,0.593,1.0,1.406,0.621,1.432,7
data/opis_2/delo_0157а/018.jpg,0,0.665,1.0,1.081,0.762,0.816,4
data/opis_2/delo_0157а/020.jpg,0,0.671,1.0,0.736,0.694,1.464,14
data/opis_2/delo_0157а/021.jpg,0,0.597,1.0,1.149,0.662,1.832,13
data/opis_2/delo_0157а/022.jpg,0,0.577,1.0,1.192,0.699,1.634,9
data/opis_2/delo_0157а/025.jpg,0,0.823,1.0,1.612,0.44,1.09,4
data/opis_2/delo_0157а/026.jpg,1,0.93,1.0,1.607,0.288,1.53,7
data/opis_2/delo_0163/000.jpg,1,0.691,0.422,1.191,1.449,0.92,19
data/opis_2/delo_0163/002.jpg,0,0.516,0.235,0.325,1.044,1.98,7
data/opis_2/delo_0163/003.jpg,1,0.904,1.0,1.594,2.14,1.087,7
data/opis_2/delo_0163/004.jpg,0,0.629,0.454,1.761,1.151,2.516,18
data/opis_2/delo_0163/005.jpg,1,0.971,1.0,2.261,1.825,0.734,5
data/opis_2/delo_0163/006.jpg,1,0.723,0.377,0.469,1.306,1.492,12
data/opis_2/delo_0163/007.jpg,1,0.854,0.863,0.884,0.776,0.715,11
data/opis_2/delo_0163/008.jpg,0,0.898,1.0,1.066,1.105,0.954,5
data/opis_2/delo_0163/009.jpg,0,0.878,1.0,1.019,1.394,1.151,5
data/opis_2/delo_0163/010.jpg,0,0.874,1.0,1.352,1.4,1.283,9
data/opis_2/delo_0163/011.jpg,0,0.803,1.0,2.204,1.929,2.186,16
data/opis_2/delo_0163/012.jpg,1,0.95,0.687,2.172,1.594,2.369,13
data/opis_2/delo_0163/015.jpg,0,0.582,0.338,0.478,0.964,2.19,6
data/opis_2/delo_0163/016.jpg,0,0.951,1.0,1.371,1.026,1.391,7
data/opis_2/delo_0163/017.jpg,0,0.827,1.0,1.019,1.938,1.608,14
data/opis_2/delo_0163/018.jpg,0,0.8,0.805,0.99,1.128,1.31,23
data/opis_2/delo_0163/021.jpg,0,0.947,1.0,0.779,0.897,1.393,8
data/opis_2/delo_0163/022.jpg,0,0.942,1.0,1.436,1.12,1.84,13
data/opis_2/delo_0163/023.jpg,0,0.903,1.0,1.5,2.269,1.213,9
data/opis_2/delo_0163/025.jpg,0,0.875,1.0,1.564,2.39,1.171,5
data/opis_2/delo_0163/026.jpg,0,0.926,1.0,1.342,1.511,1.125,10
data/opis_2/delo_0163/029.jpg,0,0.942,1.0,1.475,1.584,1.661,4
data/opis_2/delo_0163/030.jpg,0,0.75,0.643,0.82,1.489,1.266,36
data/opis_2/delo_0163/031.jpg,0,0.819,0.561,0.797,1.246,1.018,22
data/opis_2/delo_0163/032.jpg,0,0.883,-0.186,1.039,2.156,1.258,9
data/opis_2/delo_0163/033.jpg,0,0.517,0.571,0.353,1.259,1.79,10
data/opis_2/delo_0163/034.jpg,0,0.742,0.479,0.867,2.162,2.757,18
data/opis_2/delo_0163/035.jpg,0,0.961,1.0,0.658,0.963,1.516,6
data/opis_2/delo_0163/036.jpg,0,0.954,0.802,1.661,1.814,1.723,7
data/opis_2/delo_0163/037.jpg,0,0.745,0.871,1.261,1.799,1.632,31
data/opis_2/delo_0163/038.jpg,0,0.737,0.646,1.308,1.838,1.525,28
data/opis_2/delo_0163/039.jpg,1,0.807,0.265,1.039,1.168,1.595,13
data/opis_2/delo_0163/040.jpg,0,0.455,0.572,0.384,1.201,2.178,6
data/opis_2/delo_0163/043.jpg,0,0.767,1.0,1.761,1.318,1.454,4
data/opis_2/delo_0163/046.jpg,0,0.536,0.473,0.325,1.067,1.909,8
data/opis_2/delo_0163/047.jpg,1,0.921,1.0,1.49,1.103,1.5,9
data/opis_2/delo_0163/048.jpg,0,0.786,0.668,2.222,1.625,2.686,23
data/opis_2/delo_0163/049.jpg,1,0.907,1.0,1.428,1.96,1.802,28
data/opis_2/delo_0163/050.jpg,0,0.747,0.538,0.8,1.076,1.91,5
data/opis_2/delo_0163/052.jpg,0,0.592,0.285,0.727,1.071,0.228,41
data/opis_2/delo_0163/053.jpg,0,0.811,1.0,1.341,1.173,1.894,5
data/opis_2/delo_0190/000.jpg,1,0.908,0.856,1.982,1.855,1.412,11
data/opis_2/delo_0190/003.jpg,0,0.812,1.0,0.634,0.949,0.423,16
data/opis_2/delo_0190/004.jpg,0,0.454,0.662,0.513,0.955,2.049,22
data/opis_2/delo_0190/005.jpg,0,0.495,0.59,0.509,1.137,0.413,25
data/opis_2/delo_0190/006.jpg,0,0.5,0.619,0.522,1.098,0.326,25
data/opis_2/delo_0190/007.jpg,0,0.444,0.56,0.546,1.051,0.366,28
data/opis_2/delo_0190/008.jpg,0,0.501,0.62,0.518,1.063,0.112,19
data/opis_2/delo_0190/009.jpg,0,0.512,0.796,0.5,1.189,0.13,22
data/opis_2/delo_0190/010.jpg,0,0.52,0.614,0.546,1.083,0.131,19
data/opis_2/delo_0190/011.jpg,0,0.38,0.579,0.468,1.033,0.091,26
data/opis_2/delo_0190/012.jpg,1,0.833,0.371,0.93,1.176,0.215,22
data/opis_2/delo_0190/013.jpg,0,0.463,0.573,0.474,1.011,0.334,32
data/opis_2/delo_0190/014.jpg,0,0.489,0.526,0.458,1.146,0.266,31
data/opis_2/delo_0190/015.jpg,0,0.453,0.765,0.474,1.202,0.112,26
data/opis_2/delo_0190/016.jpg,0,0.454,0.773,0.498,1.148,0.064,31
data/opis_2/delo_0190/017.jpg,0,0.461,0.522,0.473,1.175,0.248,30
data/opis_2/delo_0190/018.jpg,0,0.447,0.705,0.463,1.186,0.212,35
data/opis_2/delo_0190/019.jpg,0,0.431,0.752,0.491,1.155,0.317,34
data/opis_2/delo_0190/020.jpg,0,0.413,0.598,0.463,1.251,0.6,21
data/opis_2/delo_0190/021.jpg,1,0.509,0.639,0.468,1.196,0.433,26
data/opis_2/delo_0013/001.jpg,0,0.46,0.504,0.601,1.243,1.217,20
data/opis_2/delo_0013/002.jpg,0,0.507,0.059,0.546,1.679,1.018,26
data/opis_2/delo_0013/003.jpg,0,0.46,0.49,0.381,2.138,0.271,31
data/opis_2/delo_0013/004.jpg,0,0.437,0.486,0.367,1.216,0.193,31
data/opis_2/delo_0013/005.jpg,0,0.49,0.453,0.388,1.878,0.618,29
data/opis_2/delo_0013/006.jpg,0,0.439,0.254,0.432,1.03,0.926,30
data/opis_2/delo_0013/007.jpg,0,0.476,0.526,0.418,2.177,1.182,24
data/opis_2/delo_0013/008.jpg,0,0.606,0.022,0.782,1.816,1.021,22
data/opis_2/delo_0013/009.jpg,0,0.496,0.041,0.325,1.028,0.38,31
data/opis_2/delo_0013/010.jpg,1,0.576,0.242,1.248,1.709,0.855,27
data/opis_2/delo_0013/011.jpg,0,0.451,0.201,0.319,1.023,1.187,27
data/opis_2/delo_0013/012.jpg,1,0.819,1.0,2.343,1.265,1.587,10
data/opis_2/delo_0013/013.jpg,1,0.767,1.0,1.977,1.259,2.117,9
data/opis_2/delo_0013/014.jpg,1,0.798,1.0,2.453,0.869,1.5,7
data/opis_2/delo_0013/015.jpg,0,0.447,0.367,0.406,1.498,1.367,25
data/opis_2/delo_0013/016.jpg,0,0.466,0.458,0.441,1.522,0.224,31
data/opis_2/delo_0013/017.jpg,1,0.748,1.0,1.707,1.319,1.292,14
data/opis_2/delo_0013/018.jpg,0,0.453,0.393,0.598,1.663,0.586,31
data/opis_2/delo_0013/019.jpg,0,0.394,0.132,0.367,0.991,0.242,31
data/opis_2/delo_0013/020.jpg,0,0.458,0.321,0.444,1.119,0.834,32
data/opis_2/delo_0013/021.jpg,0,0.481,0.226,0.315,1.004,1.09,29
data/opis_2/delo_0013/022.jpg,0,0.415,0.256,0.487,1.055,0.215,30
data/opis_2/delo_0013/023.jpg,1,0.876,1.0,1.952,1.347,1.574,8
data/opis_2/delo_0013/024.jpg,1,0.809,1.0,1.799,1.018,1.704,5
data/opis_2/delo_0013/025.jpg,1,0.501,0.385,0.693,1.592,0.169,31
data/opis_2/delo_0013/026.jpg,0,0.802,1.0,1.517,1.566,0.494,14
data/opis_2/delo_0013/027.jpg,1,0.792,1.0,1.684,1.358,1.754,7
data/opis_2/delo_0013/028.jpg,0,0.469,0.613,0.418,2.125,0.127,31
data/opis_2/delo_0013/029.jpg,0,0.488,0.521,0.376,2.644,1.068,31
data/opis_2/delo_0013/030.jpg,1,0.468,0.317,1.052,1.396,1.08,33
data/opis_2/delo_0013/031.jpg,1,0.83,1.0,1.641,1.291,1.723,6
data/opis_2/delo_0013/032.jpg,0,0.787,1.0,1.619,1.218,1.092,10
data/opis_2/delo_0013/033.jpg,1,0.543,0.308,0.91,1.614,0.452,30
data/opis_2/delo_0013/034.jpg,0,0.469,0.499,0.377,2.067,1.309,27
data/opis_2/delo_0013/035.jpg,0,0.437,0.216,0.45,1.076,0.812,28
data/opis_2/delo_0013/036.jpg,0,0.444,0.405,0.398,1.166,0.897,27
data/opis_2/delo_0013/037.jpg,1,0.548,0.279,1.083,1.852,1.387,36
data/opis_2/delo_0013/038.jpg,1,0.862,1.0,2.045,1.326,0.763,14
data/opis_2/delo_0013/039.jpg,0,0.538,0.095,0.239,0.954,0.111,30
data/opis_2/delo_0013/040.jpg,1,0.635,1.0,1.244,1.684,1.418,19
data/opis_2/delo_0013/041.jpg,0,0.473,0.078,0.361,0.909,0.254,31
data/opis_2/delo_0013/042.jpg,0,0.548,0.042,0.326,1.116,0.235,30
data/opis_2/delo_0013/043.jpg,0,0.512,0.113,0.333,2.237,0.193,31
data/opis_2/delo_0013/044.jpg,0,0.494,0.167,0.458,1.77,0.181,29
data/opis_2/delo_0013/045.jpg,0,0.522,0.167,0.386,1.916,0.379,32
data/opis_2/delo_0013/046.jpg,0,0.482,0.108,0.444,1.272,0.536,31
data/opis_2/delo_0013/047.jpg,0,0.499,0.153,0.44,1.803,0.209,28
data/opis_2/delo_0013/048.jpg,0,0.518,0.342,0.38,1.42,0.058,28
data/opis_2/delo_0013/049.jpg,0,0.432,0.372,0.499,1.572,1.288,31
data/opis_2/delo_0013/050.jpg,0,0.467,0.172,0.45,1.087,0.209,28
data/opis_2/delo_0013/051.jpg,0,0.479,0.342,0.446,1.724,0.453,32
data/opis_2/delo_0013/052.jpg,0,0.47,0.504,0.475,1.725,0.093,26
data/opis_2/delo_0013/053.jpg,0,0.432,0.138,0.542,1.234,1.309,30
data/opis_2/delo_0013/054.jpg,0,0.464,0.47,0.471,1.426,1.082,24
data/opis_2/delo_0013/055.jpg,0,0.483,0.671,0.361,1.088,0.134,30
data/opis_2/delo_0013/056.jpg,0,0.488,0.318,0.524,2.1,1.048,26
data/opis_2/delo_0013/057.jpg,0,0.469,0.398,0.384,1.501,0.832,27
data/opis_2/delo_0013/058.jpg,1,0.546,0.53,0.976,1.276,0.694,35
data/opis_2/delo_0013/059.jpg,0,0.378,0.54,0.516,1.589,1.767,27
data/opis_2/delo_0013/060.jpg,1,0.502,0.527,0.824,1.641,0.781,32
data/opis_2/delo_0013/061.jpg,0,0.404,0.573,0.505,1.605,1.966,30
data/opis_2/delo_0013/062.jpg,0,0.458,0.217,0.364,1.931,0.044,29
data/opis_2/delo_0013/063.jpg,0,0.486,0.546,0.349,2.027,0.457,30
data/opis_2/delo_0013/064.jpg,0,0.445,0.429,0.449,2.017,0.34,32
data/opis_2/delo_0013/065.jpg,0,0.449,0.439,0.423,1.619,1.049,29
data/opis_2/delo_0013/066.jpg,0,0.35,0.733,0.467,1.027,0.141,30
data/opis_2/delo_0013/067.jpg,0,0.447,0.563,0.454,1.666,0.523,32
data/opis_2/delo_0013/068.jpg,0,0.424,0.424,0.525,1.355,0.418,31
data/opis_2/delo_0013/069.jpg,0,0.426,0.463,0.475,1.287,0.372,32
data/opis_2/delo_0013/070.jpg,0,0.475,0.584,0.465,1.09,1.188,30
data/opis_2/delo_0013/071.jpg,1,0.781,1.0,2.065,1.429,1.916,8
data/opis_2/delo_0013/072.jpg,1,0.909,1.0,2.133,1.216,0.946,4
data/opis_2/delo_0013/073.jpg,1,0.866,1.0,1.701,2.388,0.266,11
data/opis_2/delo_0013/074.jpg,1,0.832,0.879,1.954,1.444,0.884,15
data/opis_2/delo_0013/075.jpg,1,0.558,0.545,1.258,2.207,1.77,26
data/opis_2/delo_0013/077.jpg,1,0.552,0.445,1.146,1.521,0.48,40
data/opis_2/delo_0013/078.jpg,0,0.679,0.093,1.623,1.686,0.67,33
data/opis_2/delo_0013/079.jpg,1,0.753,1.0,2.858,1.024,1.571,4
data/opis_2/delo_0013/080.jpg,1,0.756,1.0,1.341,1.263,1.645,6
data/opis_2/delo_0013/081.jpg,1,0.859,1.0,2.883,1.456,1.244,7
data/opis_2/delo_0013/083.jpg,1,0.811,1.0,1.546,1.45,1.474,5
data/opis_2/delo_0013/084.jpg,1,0.786,1.0,2.323,1.236,1.413,6
data/opis_2/delo_0013/085.jpg,1,0.776,1.0,2.172,1.308,1.936,9
data/opis_2/delo_0013/086.jpg,1,0.744,1.0,1.656,1.287,1.533,12
data/opis_2/delo_0013/087.jpg,0,0.418,0.431,0.286,0.919,0.108,30
data/opis_2/delo_0013/088.jpg,1,0.665,1.0,1.136,1.223,1.355,11
data/opis_2/delo_0013/089.jpg,0,0.441,0.283,0.263,0.866,0.074,29
data/opis_2/delo_0013/090.jpg,1,0.766,1.0,1.769,1.963,1.124,25
data/opis_2/delo_0013/091.jpg,1,0.383,0.353,0.404,1.216,0.645,29
data/opis_2/delo_0013/092.jpg,1,0.576,1.0,0.879,1.353,1.752,27
data/opis_2/delo_0013/093.jpg,0,0.446,0.028,0.35,0.954,0.224,25
data/opis_2/delo_0013/094.jpg,1,0.727,1.0,1.34,1.14,1.463,12
data/opis_2/delo_0013/095.jpg,0,0.465,0.116,0.303,1.252,0.226,26
data/opis_2/delo_0013/096.jpg,1,0.33,0.253,0.912,1.209,1.999,26
data/opis_2/delo_0013/097.jpg,0,0.35,0.324,0.47,1.334,1.294,26
data/opis_2/delo_0013/098.jpg,1,0.761,1.0,1.407,1.345,1.299,10
data/opis_2/delo_0013/099.jpg,0,0.444,0.146,0.325,1.029,0.262,27
data/opis_2/delo_0013/100.jpg,1,0.459,1.0,1.095,1.155,2.048,7
data/opis_2/delo_0013/101.jpg,0,0.486,0.094,0.312,0.993,0.319,26
data/opis_2/delo_0013/102.jpg,1,0.835,1.0,1.546,1.128,1.056,26
data/opis_2/delo_0013/103.jpg,0,0.544,0.152,0.312,0.943,0.368,28
data/opis_2/delo_0013/104.jpg,1,0.592,1.0,1.189,1.184,1.605,17
data/opis_2/delo_0013/105.jpg,0,0.516,0.364,0.499,1.288,0.416,25
data/opis_2/delo_0013/106.jpg,1,0.662,1.0,1.259,1.125,1.788,15
data/opis_2/delo_0013/107.jpg,0,0.416,0.232,0.292,0.909,0.213,24
data/opis_2/delo_0013/108.jpg,1,0.625,-0.301,1.068,1.305,1.706,12
data/opis_2/delo_0013/109.jpg,0,0.427,0.362,0.29,0.965,0.166,24
data/opis_2/delo_0013/110.jpg,1,0.79,1.0,1.666,1.256,1.084,15
data/opis_2/delo_0013/111.jpg,0,0.43,0.276,0.311,0.914,0.803,28
data/opis_2/delo_0013/112.jpg,1,0.694,0.277,1.421,1.325,1.532,17
data/opis_2/delo_0013/113.jpg,0,0.367,0.431,0.469,1.013,0.292,26
data/opis_2/delo_0013/114.jpg,1,0.81,1.0,2.525,1.751,1.488,8
data/opis_2/delo_0013/115.jpg,0,0.64,0.171,0.213,0.871,0.551,31
data/opis_2/delo_0013/116.jpg,1,0.753,1.0,1.62,1.198,1.376,26
data/opis_2/delo_0013/117.jpg,0,0.375,0.19,0.354,0.97,0.443,33
data/opis_2/delo_0013/118.jpg,1,0.437,-0.14,0.905,1.581,1.087,32
data/opis_2/delo_0013/119.jpg,0,0.424,0.246,0.281,0.933,0.334,31
data/opis_2/delo_0013/120.jpg,1,0.631,0.249,1.143,1.693,0.626,24
data/opis_2/delo_0013/121.jpg,0,0.369,0.378,0.283,0.881,0.262,29
data/opis_2/delo_0013/122.jpg,1,0.526,0.846,1.076,1.149,1.371,21
data/opis_2/delo_0013/123.jpg,0,0.471,0.018,0.554,0.949,0.532,33
data/opis_2/delo_0013/124.jpg,1,0.781,1.0,1.689,1.251,0.961,22
data/opis_2/delo_0013/125.jpg,1,0.691,0.891,1.505,1.321,1.51,19
data/opis_2/delo_0013/126.jpg,0,0.447,0.003,0.406,1.694,0.353,29
data/opis_2/delo_0013/127.jpg,1,0.481,0.231,0.908,1.349,1.431,30
data/opis_2/delo_0013/128.jpg,1,0.418,0.022,0.406,1.253,0.477,27
data/opis_2/delo_0013/129.jpg,1,0.725,1.0,1.383,1.268,1.318,20
data/opis_2/delo_0013/130.jpg,0,0.471,-0.12,0.414,1.416,0.405,29
data/opis_2/delo_0013/131.jpg,1,0.619,1.0,1.096,1.703,0.487,28
data/opis_2/delo_0013/132.jpg,0,0.453,0.089,0.405,1.353,0.495,34
data/opis_2/delo_0013/133.jpg,1,0.56,1.0,1.05,1.05,1.624,16
data/opis_2/delo_0013/134.jpg,0,0.375,0.33,0.303,0.873,0.21,28
data/opis_2/delo_0013/135.jpg,1,0.523,0.428,1.27,1.272,2.221,24
data/opis_2/delo_0013/136.jpg,0,0.444,0.172,0.339,1.015,0.292,31
data/opis_2/delo_0013/137.jpg,1,0.629,0.361,1.776,1.348,2.148,21
data/opis_2/delo_0013/138.jpg,0,0.382,0.343,0.306,0.896,0.317,31
data/opis_2/delo_0013/139.jpg,1,0.712,1.0,1.422,1.347,1.119,15
data/opis_2/delo_0013/140.jpg,0,0.406,0.283,0.31,0.97,1.1,32
data/opis_2/delo_0013/141.jpg,1,0.641,1.0,1.261,1.426,1.771,20
data/opis_2/delo_0013/142.jpg,0,0.396,0.037,0.391,0.936,0.217,30
data/opis_2/delo_0013/143.jpg,1,0.697,1.0,1.141,1.713,1.63,12
data/opis_2/delo_0013/144.jpg,0,0.411,0.263,0.325,0.894,0.265,30
data/opis_2/delo_0013/145.jpg,1,0.748,1.0,1.82,1.64,0.779,21
data/opis_2/delo_0013/146.jpg,0,0.369,0.523,0.35,1.065,0.208,30
data/opis_2/delo_0013/147.jpg,1,0.447,-0.267,1.141,0.963,1.271,23
data/opis_2/delo_0013/148.jpg,0,0.432,0.365,0.233,0.869,0.207,29
data/opis_2/delo_0013/149.jpg,1,0.642,1.0,1.204,1.325,1.869,11
data/opis_2/delo_0013/150.jpg,0,0.38,0.411,0.285,0.854,0.111,31
data/opis_2/delo_0013/151.jpg,1,0.578,0.221,1.909,1.162,1.886,8
data/opis_2/delo_0013/152.jpg,0,0.419,0.426,0.307,0.908,0.287,33
data/opis_2/delo_0013/153.jpg,1,0.838,1.0,2.011,1.605,1.634,6
data/opis_2/delo_0013/154.jpg,1,0.739,0.694,2.853,1.251,2.177,7
data/opis_2/delo_0013/155.jpg,1,0.509,-0.007,0.948,2.353,2.052,19
data/opis_2/delo_0013/156.jpg,1,0.747,1.0,1.686,1.085,1.882,7
data/opis_2/delo_0013/157.jpg,1,0.523,-0.036,1.031,1.078,1.922,11
data/opis_2/delo_0013/158.jpg,0,0.473,0.406,0.347,1.218,0.336,27
data/opis_2/delo_0013/159.jpg,1,0.742,1.0,2.095,1.178,1.987,9
data/opis_2/delo_0013/161.jpg,1,0.611,1.0,1.271,1.053,1.634,10
data/opis_2/delo_0013/162.jpg,0,0.41,0.518,0.359,0.99,0.593,31
data/opis_2/delo_0013/163.jpg,1,0.546,1.0,0.893,1.553,1.483,15
data/opis_2/delo_0013/164.jpg,1,0.502,1.0,0.966,1.158,1.472,18
data/opis_2/delo_0013/165.jpg,0,0.398,0.368,0.244,0.848,0.297,33
data/opis_2/delo_0013/166.jpg,1,0.73,1.0,1.538,1.152,1.997,20
data/opis_2/delo_0013/167.jpg,1,0.909,1.0,2.415,1.509,1.284,17
data/opis_2/delo_0013/168.jpg,1,0.933,1.0,2.703,1.322,1.015,21
data/opis_2/delo_0013/169.jpg,1,0.609,0.143,0.91,2.276,1.095,26
data/opis_2/delo_0013/170.jpg,0,0.404,0.217,0.531,1.069,0.23,30
data/opis_2/delo_0013/171.jpg,0,0.458,0.326,0.871,1.033,0.149,31
data/opis_2/delo_0013/172.jpg,0,0.4,0.408,0.398,1.042,0.551,31
data/opis_2/delo_0013/173.jpg,0,0.391,0.319,0.401,1.074,0.374,32
data/opis_2/delo_0013/174.jpg,0,0.43,0.29,0.284,0.992,0.223,27
data/opis_2/delo_0013/175.jpg,0,0.521,0.288,0.423,1.07,0.268,25
data/opis_2/delo_0013/176.jpg,0,0.459,0.035,0.318,0.995,0.106,27
data/opis_2/delo_0013/177.jpg,0,0.415,0.051,0.455,1.051,0.281,29
data/opis_2/delo_0013/178.jpg,0,0.438,0.155,0.325,1.011,0.379,31
data/opis_2/delo_0013/179.jpg,0,0.42,0.066,0.398,1.035,0.286,30
data/opis_2/delo_0013/180.jpg,0,0.441,0.476,0.452,1.819,0.387,30
data/opis_2/delo_0013/181.jpg,0,0.416,0.241,0.505,1.039,0.272,31
data/opis_2/delo_0013/182.jpg,0,0.351,0.323,0.327,0.996,0.139,29
data/opis_2/delo_0013/183.jpg,0,0.485,0.39,0.518,1.093,0.306,32
data/opis_2/delo_0013/184.jpg,0,0.391,0.359,0.336,1.122,0.469,29
data/opis_2/delo_0013/185.jpg,0,0.341,0.633,0.329,1.057,0.048,28
data/opis_2/delo_0013/186.jpg,0,0.388,0.328,0.321,1.041,0.268,29
data/opis_2/delo_0013/187.jpg,0,0.398,0.496,0.401,1.133,0.298,32
data/opis_2/delo_0013/188.jpg,0,0.503,0.453,0.362,1.16,0.204,31
data/opis_2/delo_0013/189.jpg,0,0.433,0.357,0.366,1.057,0.271,32
data/opis_2/delo_0013/190.jpg,0,0.438,0.07,0.476,1.181,0.176,29
data/opis_2/delo_0013/191.jpg,0,0.514,0.451,0.467,1.192,0.271,29
data/opis_2/delo_0013/192.jpg,0,0.427,0.131,0.34,1.034,0.186,29
data/opis_2/delo_0013/193.jpg,0,0.427,0.203,0.502,1.2,0.331,31
data/opis_2/delo_0013/194.jpg,0,0.411,0.294,0.358,0.997,0.283,31
data/opis_2/delo_0013/195.jpg,0,0.432,0.372,0.413,1.026,0.142,30
data/opis_2/delo_0013/196.jpg,0,0.421,0.159,0.37,1.17,0.318,32
data/opis_2/delo_0013/197.jpg,0,0.437,0.291,0.4,1.023,0.187,31
data/opis_2/delo_0013/198.jpg,0,0.367,0.493,0.379,1.052,0.098,29
data/opis_2/delo_0013/199.jpg,0,0.425,0.319,0.406,1.086,0.335,31
data/opis_2/delo_0013/200.jpg,0,0.33,0.346,0.364,1.257,0.156,31
data/opis_2/delo_0013/201.jpg,0,0.441,0.236,0.54,1.127,0.225,28
data/opis_2/delo_0013/202.jpg,0,0.397,0.572,0.357,1.094,0.222,29
data/opis_2/delo_0013/203.jpg,0,0.415,0.456,0.553,1.092,0.224,29
data/opis_2/delo_0013/204.jpg,0,0.408,0.4,0.346,1.334,0.723,27
data/opis_2/delo_0013/205.jpg,0,0.388,0.585,0.344,1.027,0.159,29
data/opis_2/delo_0013/206.jpg,0,0.405,0.61,0.341,1.033,0.164,25
data/opis_2/delo_0013/207.jpg,0,0.378,0.181,0.523,1.036,0.182,29
data/opis_2/delo_0013/208.jpg,0,0.471,0.274,0.387,1.522,0.83,24
data/opis_2/delo_0013/209.jpg,0,0.472,0.442,0.485,1.156,0.242,31
data/opis_2/delo_0013/210.jpg,0,0.395,0.393,0.357,1.028,0.206,27
data/opis_2/delo_0013/211.jpg,0,0.425,0.216,0.455,1.034,0.114,28
data/opis_2/delo_0013/212.jpg,0,0.529,0.182,0.405,1.29,0.251,30
data/opis_2/delo_0013/213.jpg,0,0.515,-0.076,0.44,1.042,0.07,29
data/opis_2/delo_0013/214.jpg,0,0.53,0.101,0.311,1.103,0.231,29
data/opis_2/delo_0013/215.jpg,0,0.59,0.402,0.519,1.074,0.049,30
data/opis_2/delo_0013/216.jpg,0,0.476,0.205,0.31,1.069,0.04,29
data/opis_2/delo_0013/217.jpg,0,0.486,0.404,0.332,1.088,0.095,30
data/opis_2/delo_0013/218.jpg,0,0.462,0.065,0.271,1.004,0.086,29
data/opis_2/delo_0013/219.jpg,0,0.464,0.076,0.384,0.996,0.187,29
data/opis_2/delo_0013/220.jpg,0,0.43,0.486,0.292,1.015,0.114,30
data/opis_2/delo_0013/221.jpg,0,0.507,0.478,0.29,0.983,0.172,29
data/opis_2/delo_0013/222.jpg,0,0.462,0.32,0.29,1.271,0.067,29
data/opis_2/delo_0013/223.jpg,0,0.427,0.503,0.337,0.991,0.282,33
data/opis_2/delo_0013/224.jpg,0,0.502,0.611,0.251,0.983,0.161,28
data/opis_2/delo_0013/225.jpg,1,0.797,1.0,1.753,1.593,1.199,5
data/opis_2/delo_0013/226.jpg,1,0.642,0.133,1.166,1.419,0.556,12
data/opis_2/delo_0013/227.jpg,1,0.532,-0.2,0.502,1.075,0.073,10
data/opis_2/delo_0013/228.jpg,0,0.415,0.382,0.398,1.083,0.786,31
data/opis_2/delo_0013/229.jpg,0,0.391,0.557,0.427,0.992,1.756,29
data/opis_2/delo_0013/231.jpg,1,0.797,1.0,0.921,1.231,0.7,11
data/opis_2/delo_0013/232.jpg,0,0.635,0.234,0.653,1.368,0.359,28
data/opis_2/delo_0013/233.jpg,0,0.533,0.442,0.564,1.407,0.034,28
data/opis_2/delo_0013/234.jpg,0,0.595,0.655,0.801,1.41,0.214,23
data/opis_2/delo_0013/235.jpg,0,0.571,1.0,0.737,1.109,0.04,12
data/opis_2/delo_0013/236.jpg,0,0.59,0.109,0.706,1.348,0.251,28
data/opis_2/delo_0013/237.jpg,1,0.636,1.0,0.722,1.148,0.048,8
data/opis_2/delo_0013/238.jpg,0,0.608,0.665,0.8,1.708,0.312,26
data/opis_2/delo_0013/239.jpg,0,0.543,0.512,0.564,1.168,0.277,27
data/opis_2/delo_0013/240.jpg,0,0.581,0.667,0.638,1.252,0.083,26
data/opis_2/delo_0013/241.jpg,0,0.567,0.64,0.567,1.297,0.346,28
data/opis_2/delo_0013/242.jpg,0,0.597,0.667,0.723,1.249,0.04,25
data/opis_2/delo_0013/243.jpg,0,0.612,0.647,0.61,1.183,0.141,19
data/opis_2/delo_0013/244.jpg,0,0.585,0.657,0.604,1.197,0.282,27
data/opis_2/delo_0013/245.jpg,0,0.586,0.807,0.577,1.264,0.031,20
data/opis_2/delo_0013/246.jpg,0,0.59,0.481,0.649,1.24,0.159,26
data/opis_2/delo_0013/247.jpg,0,0.574,0.516,0.581,1.231,0.046,24
data/opis_2/delo_0013/248.jpg,1,0.553,0.641,0.627,1.217,0.264,26
data/opis_2/delo_0013/249.jpg,1,0.625,0.268,0.661,1.153,0.251,25
data/opis_2/delo_0013/250.jpg,0,0.616,0.476,0.654,1.656,0.25,26
data/opis_2/delo_0013/252.jpg,1,0.567,0.352,0.57,1.463,0.253,25
data/opis_2/delo_0013/253.jpg,0,0.557,0.621,0.502,1.361,0.329,26
data/opis_2/delo_0013/254.jpg,1,0.572,1.0,0.836,1.404,0.518,18
data/opis_2/delo_0013/255.jpg,0,0.545,0.341,0.535,1.227,0.281,26
data/opis_2/delo_0013/256.jpg,0,0.535,0.802,0.472,1.784,0.214,19
data/opis_1/delo_0291/000.jpg,1,0.713,0.357,0.99,1.366,0.579,21
data/opis_1/delo_0291/001.jpg,1,0.697,-0.038,1.177,1.586,0.689,26
data/opis_1/delo_0291/002.jpg,1,0.651,0.589,1.031,1.192,0.701,13
data/opis_1/delo_0291/003.jpg,1,0.563,1.0,0.987,1.164,1.046,20
data/opis_1/delo_0291/005.jpg,1,0.65,1.0,1.352,1.4,2.211,14
data/opis_1/delo_0291/006.jpg,1,0.685,1.0,1.044,1.405,1.9,19
data/opis_1/delo_0291/007.jpg,1,0.774,0.942,1.514,1.777,1.611,17
data/opis_1/delo_0291/008.jpg,1,0.69,1.0,1.299,1.312,1.25,17
data/opis_1/delo_0291/009.jpg,1,0.724,1.0,1.43,1.648,2.367,12
data/opis_1/delo_0291/010.jpg,1,0.773,1.0,1.565,2.192,1.266,18
data/opis_1/delo_0291/011.jpg,0,0.781,0.712,1.694,2.21,1.55,15
data/opis_1/delo_0291/012.jpg,1,0.792,1.0,1.481,1.369,1.744,11
data/opis_1/delo_0291/013.jpg,1,0.814,0.94,1.897,2.509,1.474,16
data/opis_1/delo_0291/014.jpg,1,0.657,1.0,1.212,1.837,1.911,18
data/opis_1/delo_0291/015.jpg,0,0.719,1.0,1.667,1.507,2.024,19
data/opis_1/delo_0291/016.jpg,1,0.716,1.0,1.481,1.903,1.223,25
data/opis_1/delo_0291/017.jpg,1,0.787,0.912,1.774,1.765,0.631,30
data/opis_1/delo_0291/018.jpg,0,0.405,0.072,0.416,1.018,0.216,26
data/opis_1/delo_0291/019.jpg,1,0.725,0.912,1.643,1.759,0.685,30
data/opis_1/delo_0291/020.jpg,0,0.385,0.543,0.364,1.084,0.274,27
data/opis_1/delo_0291/021.jpg,1,0.782,1.0,1.603,1.408,0.791,31
data/opis_1/delo_0291/022.jpg,0,0.445,0.056,0.349,1.038,0.231,26
data/opis_1/delo_0291/023.jpg,1,0.789,1.0,1.722,1.487,0.573,28
data/opis_1/delo_0291/024.jpg,1,0.511,0.386,0.634,1.687,0.482,28
data/opis_1/delo_0291/025.jpg,1,0.801,0.95,1.798,2.067,0.629,23
data/opis_1/delo_0291/026.jpg,1,0.85,0.952,2.177,1.618,0.701,26
data/opis_1/delo_0291/027.jpg,1,0.647,0.631,1.626,1.382,1.16,12
data/opis_1/delo_0291/029.jpg,1,0.761,1.0,1.471,1.747,1.937,16
data/opis_1/delo_0291/030.jpg,1,0.789,1.0,1.474,1.705,1.855,15
data/opis_1/delo_0291/031.jpg,1,0.813,0.932,2.137,1.652,1.771,12
data/opis_1/delo_0291/032.jpg,1,0.804,1.0,1.891,1.633,1.392,17
data/opis_1/delo_0291/033.jpg,0,0.485,0.683,0.335,1.024,0.176,30
data/opis_1/delo_0291/034.jpg,0,0.353,0.783,0.369,0.983,0.064,29
data/opis_1/delo_0291/035.jpg,0,0.399,0.636,0.377,1.537,0.054,32
data/opis_1/delo_0291/036.jpg,1,0.344,0.645,0.394,1.041,0.226,34
data/opis_1/delo_0291/037.jpg,1,0.375,0.565,0.473,1.422,0.186,35
data/opis_1/delo_0291/038.jpg,0,0.325,0.852,0.401,1.06,0.069,31
data/opis_1/delo_0291/039.jpg,0,0.394,0.711,0.375,1.022,0.23,30
data/opis_1/delo_0291/040.jpg,0,0.393,0.548,0.533,1.114,0.202,34
data/opis_3/delo_0187/000.jpg,1,0.756,0.916,2.047,1.302,2.658,14
data/opis_3/delo_0187/001.jpg,1,0.414,0.666,1.438,1.0,1.817,7
data/opis_3/delo_0187/002.jpg,1,0.587,0.763,0.76,1.229,0.351,7
data/opis_3/delo_0187/003.jpg,1,0.586,0.113,0.427,2.023,0.819,21
data/opis_3/delo_0187/004.jpg,1,0.806,0.798,2.524,1.68,1.468,6
data/opis_4/delo_0808/000.jpg,1,0.813,0.631,0.893,1.229,0.645,25
data/opis_4/delo_0808/001.jpg,1,0.676,1.0,0.907,1.147,0.604,23
data/opis_4/delo_0808/002.jpg,1,0.702,0.447,0.971,1.973,1.602,15
data/opis_4/delo_0808/003.jpg,1,0.805,0.782,1.242,1.872,1.763,9
data/opis_4/delo_0808/004.jpg,1,0.6,1.0,0.891,1.223,0.298,28
data/opis_4/delo_0808/006.jpg,1,0.352,0.569,0.492,1.3,1.369,49
data/opis_4/delo_0808/007.jpg,1,0.701,0.548,2.3,1.127,1.444,29
data/opis_4/delo_0808/008.jpg,0,0.454,0.179,0.494,1.205,0.897,57
data/opis_4/delo_0808/009.jpg,1,0.481,0.15,0.378,1.247,0.724,47
data/opis_4/delo_0808/010.jpg,1,0.42,0.519,0.752,1.865,0.931,6
data/opis_4/delo_0808/011.jpg,1,0.717,0.553,1.467,1.472,1.143,6
data/opis_4/delo_0808/012.jpg,1,0.657,0.284,1.221,1.513,1.658,13
data/opis_4/delo_0808/013.jpg,0,0.604,0.45,0.637,1.767,0.805,11
data/opis_4/delo_0818/000.jpg,1,0.808,0.243,0.94,1.194,0.547,20
data/opis_4/delo_0818/001.jpg,1,0.796,0.497,1.772,2.028,1.213,5
data/opis_4/delo_0818/002.jpg,1,0.646,1.0,0.891,1.627,0.558,17
data/opis_4/delo_0799/000.jpg,1,0.747,0.717,1.118,1.424,0.717,18
data/opis_4/delo_0799/001.jpg,1,0.816,1.0,0.896,1.324,0.386,24
data/opis_4/delo_0799/002.jpg,1,0.8,1.0,1.241,1.541,1.752,12
data/opis_4/delo_0789/000.jpg,1,0.813,0.694,1.257,1.291,0.707,21
data/opis_4/delo_0789/001.jpg,1,0.467,1.0,1.028,1.339,1.282,15
data/opis_4/delo_0789/002.jpg,1,0.597,0.431,0.93,1.191,2.032,11
data/opis_4/delo_0789/003.jpg,1,0.927,1.0,0.94,1.543,0.88,7
data/opis_4/delo_0828/000.jpg,1,0.755,0.22,0.906,1.259,0.699,17
data/opis_4/delo_0828/001.jpg,0,0.661,1.0,1.258,1.299,2.164,12
data/opis_4/delo_0828/002.jpg,0,0.632,1.0,1.303,1.558,1.728,6
data/opis_4/delo_0828/003.jpg,1,0.777,0.341,0.631,1.129,1.981,13
data/opis_4/delo_0828/004.jpg,0,0.614,0.221,0.566,3.01,0.677,17
data/opis_4/delo_0798/000.jpg,0,0.826,0.714,1.369,1.617,0.555,19
data/opis_4/delo_0798/001.jpg,1,0.767,1.0,0.906,1.347,0.29,22
data/opis_4/delo_0798/002.jpg,1,0.769,1.0,0.993,1.243,0.197,23
data/opis_4/delo_0798/003.jpg,1,0.805,0.889,1.189,1.262,0.834,18
data/opis_4/delo_0798/004.jpg,1,0.78,1.0,1.043,1.29,0.412,15
data/opis_4/delo_0798/005.jpg,1,0.777,0.442,1.329,1.692,1.418,19
data/opis_4/delo_0788/000.jpg,1,0.865,0.782,1.623,1.573,1.686,18
data/opis_4/delo_0788/001.jpg,1,0.501,0.421,2.005,1.202,1.424,22
data/opis_4/delo_0788/002.jpg,1,0.668,0.787,2.501,1.324,1.287,11
data/opis_4/delo_0788/003.jpg,0,0.729,0.378,0.99,1.959,1.939,11
data/opis_4/delo_0788/004.jpg,1,0.632,0.337,1.21,3.117,1.498,13
data/opis_4/delo_0829/000.jpg,0,0.791,0.25,1.092,1.296,0.668,21
data/opis_4/delo_0829/001.jpg,1,0.437,-0.245,0.97,1.082,2.159,13
data/opis_4/delo_0809/000.jpg,1,0.768,0.604,1.248,1.444,0.561,19
data/opis_4/delo_0809/001.jpg,1,0.523,0.146,1.847,1.277,2.115,14
data/opis_4/delo_0809/002.jpg,1,0.599,-0.196,1.498,1.369,2.398,15
data/opis_4/delo_0809/003.jpg,1,0.593,0.143,1.572,1.004,1.771,10
data/opis_4/delo_0809/005.jpg,1,0.668,0.45,0.926,1.601,2.78,16
data/opis_4/delo_0819/000.jpg,1,0.79,0.622,1.201,1.603,0.709,23
data/opis_4/delo_0819/001.jpg,1,0.758,1.0,0.89,1.199,0.382,30
data/opis_4/delo_0819/002.jpg,1,0.743,0.194,0.963,1.572,1.664,12
data/opis_4/delo_0797/000.jpg,1,0.819,0.284,1.321,1.609,0.513,19
data/opis_4/delo_0797/001.jpg,1,0.714,0.788,0.9,1.597,0.454,19
data/opis_4/delo_0797/003.jpg,1,0.634,0.452,0.922,1.372,2.042,18
data/opis_4/delo_0764/000.jpg,1,0.807,0.764,0.845,1.361,0.666,22
data/opis_4/delo_0764/001.jpg,0,0.432,0.415,0.363,1.023,0.318,23
data/opis_4/delo_0802/000.jpg,1,0.755,0.223,1.072,1.249,0.611,18
data/opis_4/delo_0802/001.jpg,1,0.57,1.0,0.784,1.118,0.467,25
data/opis_4/delo_0802/002.jpg,1,0.772,1.0,1.565,1.902,1.37,16
data/opis_4/delo_0750/000.jpg,1,0.839,0.718,1.077,1.423,0.852,22
data/opis_4/delo_0750/001.jpg,1,0.576,0.492,0.956,1.153,0.548,39
data/opis_4/delo_0750/002.jpg,1,0.685,1.0,1.056,1.493,0.293,5
data/opis_4/delo_0750/003.jpg,1,0.876,1.0,1.005,1.214,1.274,4
data/opis_4/delo_0812/000.jpg,1,0.792,0.71,0.978,1.228,0.66,25
data/opis_4/delo_0812/001.jpg,1,0.749,1.0,0.955,1.554,1.047,25
data/opis_4/delo_0812/002.jpg,1,0.777,1.0,1.041,1.467,0.989,12
data/opis_4/delo_0812/003.jpg,1,0.756,1.0,1.277,1.484,1.552,6
data/opis_4/delo_0826/000.jpg,1,0.817,0.225,1.171,1.408,0.595,18
data/opis_4/delo_0826/001.jpg,1,0.552,0.497,0.737,2.314,0.537,18
data/opis_4/delo_0774/000.jpg,1,0.803,0.727,1.259,1.286,0.621,20
data/opis_4/delo_0774/001.jpg,1,0.839,1.0,0.947,1.365,0.529,17
data/opis_4/delo_0774/002.jpg,0,0.721,0.616,0.999,1.416,1.854,17
data/opis_4/delo_0774/003.jpg,1,0.7,0.596,0.713,2.75,1.884,9
data/opis_4/delo_0787/000.jpg,0,0.792,0.762,1.249,1.608,1.559,20
data/opis_4/delo_0787/001.jpg,1,0.594,1.0,1.078,1.149,1.714,19
data/opis_4/delo_0787/002.jpg,0,0.577,1.0,1.054,1.32,0.68,24
data/opis_4/delo_0787/003.jpg,1,0.701,0.629,1.151,1.379,1.615,7
data/opis_4/delo_0787/004.jpg,1,0.884,1.0,0.889,1.5,1.122,12
data/opis_4/delo_0754/000.jpg,1,0.762,0.607,0.951,1.413,0.717,20
data/opis_4/delo_0754/001.jpg,1,0.712,0.173,1.338,1.405,1.581,13
data/opis_4/delo_0754/002.jpg,1,0.755,1.0,0.898,1.524,1.537,8
data/opis_4/delo_0806/000.jpg,0,0.803,0.203,1.283,1.352,0.477,19
data/opis_4/delo_0806/001.jpg,0,0.397,0.353,0.369,1.149,0.258,11
data/opis_4/delo_0806/002.jpg,0,0.338,0.217,0.34,1.065,0.319,14
data/opis_4/delo_0806/003.jpg,1,0.779,1.0,1.031,2.21,1.37,6
data/opis_4/delo_0793/000.jpg,1,0.807,0.76,0.952,1.503,0.618,21
data/opis_4/delo_0793/001.jpg,1,0.521,0.568,0.971,2.715,1.101,14
data/opis_4/delo_0793/002.jpg,0,0.844,-0.144,1.091,1.874,1.406,12
data/opis_4/delo_0760/000.jpg,1,0.733,0.287,0.922,1.173,0.641,23
data/opis_4/delo_0760/001.jpg,1,0.69,1.0,0.921,1.229,0.604,24
data/opis_4/delo_0760/002.jpg,1,0.729,1.0,1.204,1.64,1.966,8
data/opis_4/delo_0770/000.jpg,1,0.786,0.717,1.492,1.896,0.745,18
data/opis_4/delo_0770/001.jpg,1,0.807,0.727,1.757,1.5,1.921,10
data/opis_4/delo_0770/002.jpg,1,0.637,1.0,0.986,1.238,0.441,19
data/opis_4/delo_0822/000.jpg,1,0.756,0.233,1.149,1.441,0.626,19
data/opis_4/delo_0822/001.jpg,1,0.584,1.0,0.913,1.201,0.799,25
data/opis_4/delo_0822/002.jpg,1,0.558,0.387,0.773,1.649,1.811,12
data/opis_4/delo_0783/000.jpg,0,0.828,0.759,1.411,1.747,1.454,20
data/opis_4/delo_0783/001.jpg,1,0.572,1.0,0.946,1.437,1.576,22
data/opis_4/delo_0783/002.jpg,1,0.659,1.0,1.246,1.291,1.471,8
data/opis_4/delo_0783/003.jpg,1,0.701,0.349,0.816,1.555,0.902,13
data/opis_4/delo_0816/000.jpg,1,0.807,0.792,0.963,1.791,0.602,20
data/opis_4/delo_0816/001.jpg,1,0.768,1.0,0.879,1.238,0.614,34
data/opis_4/delo_0816/002.jpg,1,0.946,1.0,2.07,1.671,1.401,4
data/opis_4/delo_0744/000.jpg,0,0.807,0.701,1.203,1.528,0.692,18
data/opis_4/delo_0744/001.jpg,1,0.888,1.0,1.322,1.701,1.562,5
data/opis_4/delo_0744/002.jpg,1,0.769,1.0,0.835,1.106,0.267,12
data/opis_4/delo_0755/000.jpg,0,0.769,0.596,1.295,1.463,0.558,18
data/opis_4/delo_0755/001.jpg,1,0.591,1.0,1.61,1.298,1.096,7
data/opis_4/delo_0755/003.jpg,1,0.683,0.524,0.97,1.631,2.271,17
data/opis_4/delo_0807/000.jpg,1,0.829,0.227,1.274,1.195,0.554,18
data/opis_4/delo_0807/001.jpg,0,0.358,0.394,0.9,1.309,0.329,26
data/opis_4/delo_0807/002.jpg,1,0.363,0.951,0.979,1.273,0.372,25
data/opis_4/delo_0792/000.jpg,0,0.794,0.709,1.025,1.385,0.794,20
data/opis_4/delo_0792/001.jpg,0,0.727,1.0,1.023,1.908,0.801,19
data/opis_4/delo_0792/002.jpg,0,0.801,0.688,1.34,1.883,0.758,19
data/opis_4/delo_0761/000.jpg,1,0.776,0.238,1.131,1.307,0.512,21
data/opis_4/delo_0761/001.jpg,1,0.471,0.679,0.967,2.147,1.353,19
data/opis_4/delo_0761/002.jpg,1,0.641,0.399,0.932,1.353,2.069,13
data/opis_4/delo_0823/000.jpg,1,0.789,0.243,1.105,1.341,0.605,20
data/opis_4/delo_0823/001.jpg,1,0.687,0.551,0.862,1.439,0.449,19
data/opis_4/delo_0823/002.jpg,1,0.636,0.761,1.137,1.787,1.781,8
data/opis_4/delo_0782/000.jpg,1,0.783,0.714,1.253,1.597,1.043,26
data/opis_4/delo_0782/001.jpg,1,0.509,0.448,1.02,1.369,0.643,37
data/opis_4/delo_0782/002.jpg,1,0.631,1.0,1.02,1.367,0.578,14
data/opis_4/delo_0817/000.jpg,1,0.813,0.274,0.918,1.26,0.665,20
data/opis_4/delo_0817/001.jpg,1,0.421,0.86,0.921,1.244,0.331,26
data/opis_4/delo_0817/002.jpg,1,0.353,0.805,0.889,1.186,0.318,23
data/opis_4/delo_0817/003.jpg,1,0.393,1.0,0.844,1.348,0.107,20
data/opis_4/delo_0817/004.jpg,1,0.399,1.0,0.809,1.266,0.338,27
data/opis_4/delo_0817/005.jpg,1,0.641,0.254,1.089,1.686,1.93,17
data/opis_4/delo_0745/000.jpg,0,0.826,0.79,0.957,1.383,0.671,23
data/opis_4/delo_0745/001.jpg,1,0.774,1.0,1.426,1.996,1.555,7
data/opis_4/delo_0745/002.jpg,1,0.565,1.0,0.931,0.923,0.271,28
data/opis_4/delo_0745/003.jpg,1,0.752,1.0,1.257,1.291,1.135,4
data/opis_4/delo_0745/004.jpg,1,0.446,1.0,0.832,0.988,0.266,32
data/opis_4/delo_0745/005.jpg,0,0.474,0.524,0.378,1.668,0.145,33
data/opis_4/delo_0805a/000.jpg,1,0.809,0.235,1.284,1.602,0.532,19
data/opis_4/delo_0805a/001.jpg,1,0.82,1.0,0.756,1.278,0.166,20
data/opis_4/delo_0805a/002.jpg,1,0.584,1.0,1.194,1.141,0.617,33
data/opis_4/delo_0805a/003.jpg,1,0.452,0.18,1.544,0.824,0.561,18
data/opis_4/delo_0805a/004.jpg,1,0.792,1.0,1.383,1.798,1.104,8
data/opis_4/delo_0796/000.jpg,1,0.776,0.787,1.436,1.445,0.822,19
data/opis_4/delo_0796/001.jpg,1,0.698,1.0,0.946,1.513,0.188,21
data/opis_4/delo_0796/002.jpg,1,0.73,1.0,1.083,1.581,0.27,25
data/opis_4/delo_0796/003.jpg,1,0.716,1.0,0.967,1.535,0.207,18
data/opis_4/delo_0765/000.jpg,1,0.79,0.298,1.117,1.368,0.614,21
data/opis_4/delo_0765/001.jpg,1,0.768,1.0,1.14,1.188,0.368,15
data/opis_4/delo_0765/002.jpg,1,0.723,1.0,0.875,1.631,0.696,29
data/opis_4/delo_0803/000.jpg,1,0.837,0.621,1.353,1.462,0.527,18
data/opis_4/delo_0803/001.jpg,1,0.529,1.0,0.862,1.014,0.327,28
data/opis_4/delo_0803/002.jpg,1,0.66,0.658,1.299,1.733,2.553,14
data/opis_4/delo_0751/000.jpg,1,0.807,0.732,1.094,1.247,0.625,21
data/opis_4/delo_0751/001.jpg,1,0.714,1.0,1.085,1.29,0.701,21
data/opis_4/delo_0751/002.jpg,0,0.718,1.0,0.971,1.278,0.659,17
data/opis_4/delo_0751/003.jpg,1,0.789,1.0,1.396,1.662,0.709,6
data/opis_4/delo_0813/000.jpg,0,0.786,0.756,1.168,1.267,0.602,20
data/opis_4/delo_0813/001.jpg,1,0.549,0.503,1.14,1.495,0.576,29
data/opis_4/delo_0813/002.jpg,1,0.7,0.255,1.442,1.677,1.587,6
data/opis_4/delo_0827/000.jpg,0,0.802,0.248,1.283,1.42,0.498,17
data/opis_4/delo_0827/001.jpg,0,0.634,1.0,0.805,1.618,0.252,10
data/opis_4/delo_0827/002.jpg,1,0.631,1.0,0.894,1.788,0.035,11
data/opis_4/delo_0827/003.jpg,1,0.669,1.0,0.783,1.6,0.119,9
data/opis_4/delo_0827/004.jpg,1,0.731,1.0,0.82,1.556,0.308,17
data/opis_4/delo_0827/005.jpg,1,0.793,1.0,1.169,1.242,0.81,14
data/opis_4/delo_0775/000.jpg,0,0.796,0.736,1.179,1.373,0.687,21
data/opis_4/delo_0775/001.jpg,0,0.545,1.0,0.763,1.241,0.565,23
data/opis_4/delo_0775/002.jpg,1,0.616,0.208,0.836,1.298,1.37,9
data/opis_4/delo_0786/000.jpg,0,0.788,0.609,0.91,1.31,0.578,19
data/opis_4/delo_0786/001.jpg,1,0.585,0.578,1.556,1.66,1.374,26
data/opis_4/delo_0786/002.jpg,1,0.606,0.495,1.682,1.379,1.43,13
data/opis_4/delo_0786/003.jpg,1,0.784,1.0,1.193,1.763,1.128,6
data/opis_4/delo_0804/000.jpg,1,0.837,0.591,1.294,1.489,0.458,17
data/opis_4/delo_0804/001.jpg,1,0.789,1.0,0.952,1.355,0.148,17
data/opis_4/delo_0804/002.jpg,1,0.776,1.0,1.12,1.37,0.513,25
data/opis_4/delo_0804/003.jpg,1,0.767,1.0,0.906,1.462,0.276,12
data/opis_4/delo_0804/004.jpg,1,0.841,1.0,1.912,2.001,1.291,6
data/opis_4/delo_0756/000.jpg,0,0.77,0.682,1.265,1.335,1.559,20
data/opis_4/delo_0756/001.jpg,0,0.629,1.0,0.952,1.298,0.749,21
data/opis_4/delo_0756/002.jpg,0,0.644,1.0,0.879,1.284,0.662,25
data/opis_4/delo_0756/003.jpg,1,0.821,1.0,1.076,1.085,1.236,6
data/opis_4/delo_0762/000.jpg,1,0.849,0.203,1.024,1.431,0.476,19
data/opis_4/delo_0762/001.jpg,1,0.361,0.73,1.091,1.116,0.231,19
data/opis_4/delo_0762/002.jpg,1,0.476,0.727,1.196,1.251,0.776,10
data/opis_4/delo_0791/000.jpg,0,0.751,0.607,0.89,1.32,0.681,20
data/opis_4/delo_0791/001.jpg,0,0.388,0.397,0.938,1.324,1.197,37
data/opis_4/delo_0791/002.jpg,0,0.533,1.0,0.977,1.382,1.399,23
data/opis_4/delo_0791/003.jpg,1,0.26,0.045,1.191,0.966,1.315,22
data/opis_4/delo_0781/000.jpg,0,0.825,0.702,1.095,1.38,1.342,23
data/opis_4/delo_0781/001.jpg,1,0.649,1.0,0.97,1.417,1.899,23
data/opis_4/delo_0781/003.jpg,1,0.831,1.0,1.465,1.676,1.186,9
data/opis_4/delo_0820/000.jpg,1,0.823,0.266,1.209,1.218,0.599,19
data/opis_4/delo_0820/001.jpg,0,0.772,1.0,0.956,1.552,0.474,22
data/opis_4/delo_0820/002.jpg,1,0.739,1.0,0.909,1.428,0.284,21
data/opis_4/delo_0820/003.jpg,0,0.696,0.416,0.764,1.801,1.501,13
data/opis_4/delo_0820/004.jpg,0,0.616,0.436,0.749,3.138,0.569,17
data/opis_4/delo_0772/000.jpg,1,0.787,0.606,0.927,1.396,0.64,22
data/opis_4/delo_0772/001.jpg,0,0.648,0.284,0.598,2.205,1.182,10
data/opis_4/delo_0746/000.jpg,0,0.794,0.622,0.977,1.319,0.679,23
data/opis_4/delo_0746/001.jpg,0,0.834,1.0,1.143,1.279,1.062,13
data/opis_4/delo_0746/002.jpg,0,0.857,1.0,0.975,1.301,0.363,16
data/opis_4/delo_0746/003.jpg,0,0.846,1.0,1.064,1.434,0.424,19
data/opis_4/delo_0746/004.jpg,1,0.858,1.0,0.907,1.194,0.366,20
data/opis_4/delo_0746/005.jpg,1,0.779,1.0,1.802,1.136,1.09,8
data/opis_4/delo_0814/000.jpg,0,0.783,0.722,0.837,1.276,0.482,19
data/opis_4/delo_0814/001.jpg,1,0.779,1.0,0.798,1.179,0.783,26
data/opis_4/delo_0814/003.jpg,1,0.669,0.559,0.794,1.453,2.003,13
data/opis_4/delo_0766/000.jpg,0,0.777,0.615,1.391,1.525,0.573,18
data/opis_4/delo_0766/001.jpg,1,0.815,1.0,1.33,1.152,0.926,5
data/opis_4/delo_0795/000.jpg,1,0.842,0.281,0.98,1.37,0.741,21
data/opis_4/delo_0795/001.jpg,1,0.676,1.0,0.883,1.315,0.153,26
data/opis_4/delo_0795/002.jpg,1,0.724,1.0,0.841,1.376,0.346,22
data/opis_4/delo_0752/000.jpg,0,0.775,0.745,0.901,1.392,0.675,24
data/opis_4/delo_0752/001.jpg,1,0.66,1.0,1.003,1.253,0.591,26
data/opis_4/delo_0752/002.jpg,0,0.734,1.0,0.955,1.117,0.248,23
data/opis_4/delo_0752/003.jpg,1,0.695,0.212,1.021,1.308,1.47,10
data/opis_4/delo_0752/004.jpg,1,0.934,1.0,0.979,1.577,0.637,5
data/opis_4/delo_0800/000.jpg,0,0.781,0.235,1.065,1.314,0.627,19
data/opis_4/delo_0800/001.jpg,1,0.542,1.0,0.634,1.348,0.885,30
data/opis_4/delo_0800/002.jpg,1,0.758,1.0,0.873,1.872,1.773,18
data/opis_4/delo_0800/003.jpg,1,0.718,0.302,1.279,1.037,1.8,9
data/opis_4/delo_0810/000.jpg,0,0.784,0.243,0.935,1.457,0.506,20
data/opis_4/delo_0810/001.jpg,0,0.782,1.0,1.352,1.499,1.67,6
data/opis_4/delo_0810/002.jpg,0,0.828,1.0,1.163,1.42,1.356,9
data/opis_4/delo_0810/003.jpg,1,0.739,0.426,0.965,1.466,1.305,14
data/opis_4/delo_0785/000.jpg,1,0.743,0.702,1.403,1.234,0.556,18
data/opis_4/delo_0785/001.jpg,1,0.744,0.464,1.402,1.49,1.735,19
data/opis_4/delo_0785/003.jpg,1,0.724,0.236,1.026,1.393,1.762,8
data/opis_4/delo_0776/000.jpg,0,0.826,0.727,1.235,1.377,0.627,20
data/opis_4/delo_0776/001.jpg,1,0.714,0.604,0.838,1.212,0.55,15
data/opis_4/delo_0824/000.jpg,0,0.775,0.25,1.241,1.517,0.587,21
data/opis_4/delo_0824/001.jpg,1,0.709,1.0,0.907,1.49,0.331,17
data/opis_4/delo_0824/002.jpg,0,0.768,0.38,1.096,1.376,1.816,12
data/opis_4/delo_0767/000.jpg,0,0.815,0.257,1.245,1.417,0.599,19
data/opis_4/delo_0767/001.jpg,1,0.542,1.0,0.97,1.301,0.307,26
data/opis_4/delo_0767/002.jpg,1,0.609,1.0,0.98,1.263,0.3,21
data/opis_4/delo_0767/003.jpg,1,0.597,0.33,0.721,1.459,2.069,20
data/opis_4/delo_0794/000.jpg,1,0.802,0.717,1.218,1.403,0.591,18
data/opis_4/delo_0794/001.jpg,1,0.733,1.0,0.985,1.297,0.432,34
data/opis_4/delo_0794/002.jpg,1,0.817,1.0,1.665,1.452,1.46,8
data/opis_4/delo_0753/000.jpg,0,0.758,0.607,0.805,1.363,0.712,20
data/opis_4/delo_0753/001.jpg,1,0.814,1.0,0.907,1.795,0.168,19
data/opis_4/delo_0753/002.jpg,1,0.783,0.477,0.943,1.967,0.357,22
data/opis_4/delo_0753/003.jpg,1,0.818,1.0,0.853,1.584,0.316,18
data/opis_4/delo_0753/004.jpg,1,0.844,1.0,0.969,1.536,0.584,12
data/opis_4/delo_0801/000.jpg,0,0.817,0.305,0.92,1.404,0.615,22
data/opis_4/delo_0801/001.jpg,1,0.64,1.0,0.681,1.305,1.262,24
data/opis_4/delo_0801/002.jpg,1,0.662,1.0,1.054,1.2,1.681,12
data/opis_4/delo_0801/003.jpg,1,0.58,-0.057,0.711,1.553,2.146,12
data/opis_4/delo_0811/000.jpg,0,0.784,0.725,1.086,1.211,0.674,24
data/opis_4/delo_0811/001.jpg,1,0.503,0.067,1.015,1.635,1.892,16
data/opis_4/delo_0784/000.jpg,1,0.791,0.595,1.333,1.406,0.588,19
data/opis_4/delo_0784/001.jpg,1,0.794,0.872,1.71,1.945,1.752,13
data/opis_4/delo_0784/002.jpg,0,0.76,0.25,1.005,1.577,1.448,10
data/opis_4/delo_0777/000.jpg,1,0.762,0.622,1.043,1.19,0.723,23
data/opis_4/delo_0777/001.jpg,1,0.834,1.0,1.275,1.447,1.789,11
data/opis_4/delo_0777/002.jpg,1,0.803,0.568,1.287,2.163,1.16,7
data/opis_4/delo_0825/000.jpg,0,0.829,0.22,1.171,1.306,0.477,17
data/opis_4/delo_0825/001.jpg,0,0.607,1.0,0.826,1.519,0.245,26
data/opis_4/delo_0825/002.jpg,1,0.686,1.0,0.899,1.547,0.258,24
data/opis_4/delo_0825/003.jpg,1,0.843,0.225,0.951,1.496,0.953,16
data/opis_4/delo_0805/000.jpg,1,0.763,0.783,1.037,1.417,0.554,18
data/opis_4/delo_0805/001.jpg,1,0.762,-0.322,1.163,1.274,0.337,19
data/opis_4/delo_0805/002.jpg,1,0.778,0.501,1.08,1.599,0.736,14
data/opis_4/delo_0805/003.jpg,1,0.595,0.349,1.227,2.706,0.875,15
data/opis_4/delo_0757/000.jpg,1,0.831,0.591,1.363,1.295,0.518,17
data/opis_4/delo_0757/001.jpg,1,0.78,1.0,1.312,1.406,1.6,6
data/opis_4/delo_0757/002.jpg,1,0.699,1.0,0.988,1.515,1.834,12
data/opis_4/delo_0757/003.jpg,1,0.783,1.0,1.159,1.448,1.525,9
data/opis_4/delo_0757/004.jpg,1,0.658,1.0,0.956,1.459,1.882,8
data/opis_4/delo_0757/005.jpg,1,0.782,1.0,1.154,1.585,1.7,10
data/opis_4/delo_0763/000.jpg,0,0.78,0.712,1.46,1.392,0.612,17
data/opis_4/delo_0763/001.jpg,0,0.587,0.338,0.589,1.234,0.494,16
data/opis_4/delo_0790/000.jpg,1,0.804,0.258,1.128,1.438,0.82,22
data/opis_4/delo_0790/001.jpg,1,0.783,1.0,1.417,1.354,1.323,6
data/opis_4/delo_0790/002.jpg,1,0.675,0.14,1.218,1.769,1.886,6
data/opis_4/delo_0780/000.jpg,0,0.806,0.732,1.629,1.173,1.208,21
data/opis_4/delo_0780/001.jpg,1,0.465,0.256,1.161,0.914,1.145,47
data/opis_4/delo_0780/002.jpg,0,0.561,-0.056,1.162,1.046,0.893,53
data/opis_4/delo_0780/004.jpg,1,0.778,0.33,1.553,2.098,1.942,8
data/opis_4/delo_0821/000.jpg,1,0.824,0.225,1.122,1.303,0.489,18
data/opis_4/delo_0821/001.jpg,1,0.497,1.0,0.822,1.089,0.362,21
data/opis_4/delo_0821/003.jpg,1,0.804,1.0,1.387,1.27,0.878,10
data/opis_4/delo_0773/000.jpg,0,0.831,0.717,1.177,1.36,0.601,18
data/opis_4/delo_0773/002.jpg,1,0.61,1.0,0.957,1.252,0.55,17
data/opis_4/delo_0747/000.jpg,1,0.776,0.717,1.461,1.439,0.585,18
data/opis_4/delo_0747/001.jpg,1,0.539,1.0,0.883,1.219,0.417,28
data/opis_4/delo_0747/002.jpg,1,0.55,0.763,0.874,1.121,0.663,24
data/opis_4/delo_0747/003.jpg,0,0.636,0.376,0.932,1.432,2.129,10
data/opis_4/delo_0815/000.jpg,0,0.778,0.722,1.13,1.387,0.572,19
data/opis_4/delo_0815/001.jpg,1,0.741,1.0,0.782,1.191,1.026,47
data/opis_4/delo_0815/002.jpg,1,0.739,1.0,0.746,1.22,0.92,45
data/opis_4/delo_0815/003.jpg,1,0.75,1.0,0.922,1.106,0.954,36
data/opis_4/delo_0815/004.jpg,1,0.64,0.42,1.032,1.164,1.897,16
data/opis_4/delo_0768/000.jpg,1,0.851,0.717,1.104,1.279,0.666,20
data/opis_4/delo_0768/001.jpg,1,0.636,0.465,1.537,1.069,1.704,7
data/opis_4/delo_0768/002.jpg,1,0.714,1.0,2.163,0.884,1.847,8
data/opis_4/delo_0768/003.jpg,1,0.727,1.0,0.998,2.104,1.519,7
data/opis_4/delo_0778/000.jpg,1,0.793,0.663,1.373,1.367,0.538,19
data/opis_4/delo_0778/001.jpg,1,0.444,0.187,0.846,1.672,1.649,27
data/opis_4/delo_0778/002.jpg,1,0.503,0.411,0.808,1.362,1.6,18
data/opis_4/delo_0778/003.jpg,1,0.68,1.0,1.182,1.646,1.751,14
data/opis_4/delo_0778/004.jpg,1,0.807,1.0,1.891,1.691,1.558,10
data/opis_4/delo_0758/000.jpg,0,0.778,0.727,1.365,1.357,0.844,20
data/opis_4/delo_0758/001.jpg,1,0.714,1.0,1.429,1.539,1.423,5
data/opis_4/delo_0758/002.jpg,1,0.665,1.0,1.023,1.438,0.875,18
data/opis_4/delo_0748/000.jpg,1,0.806,0.632,0.949,1.641,0.645,20
data/opis_4/delo_0748/001.jpg,1,0.366,1.0,0.842,1.066,0.581,19
data/opis_4/delo_0748/002.jpg,1,0.754,0.181,1.766,1.661,2.506,17
data/opis_4/delo_0759/000.jpg,0,0.785,0.606,0.88,1.364,0.635,21
data/opis_4/delo_0759/001.jpg,1,0.583,0.286,1.097,1.173,0.736,51
data/opis_4/delo_0759/003.jpg,1,0.873,1.0,1.25,1.297,1.298,7
data/opis_4/delo_0749/000.jpg,1,0.792,0.6,1.693,1.528,0.624,18
data/opis_4/delo_0749/001.jpg,1,0.299,0.394,1.021,1.147,0.2,17
data/opis_4/delo_0749/002.jpg,1,0.738,1.0,1.427,1.63,0.975,12
data/opis_4/delo_0749/003.jpg,1,0.808,0.162,1.514,1.773,1.079,12
data/opis_4/delo_0769/000.jpg,1,0.81,0.681,1.584,1.464,0.771,18
data/opis_4/delo_0769/001.jpg,1,0.776,1.0,0.992,1.377,0.443,22
data/opis_4/delo_0769/002.jpg,1,0.807,1.0,1.118,1.196,0.659,22
data/opis_4/delo_0769/003.jpg,0,0.749,0.39,0.844,1.19,2.486,18
data/opis_4/delo_0779/000.jpg,0,0.836,0.676,1.524,1.846,1.669,24
data/opis_4/delo_0779/001.jpg,1,0.665,1.0,0.924,1.479,1.095,18
