portal_id,title_ru,title_en
1,"Статья К.Э. Циолковского ""К вопросу о летании посредством крыльев""","Article by K. E. Tsiolkovsky ""On the question of flying by means of wings"""
2,"Статья К.Э. Циолковского ""Давление жидкости на двигающуюся плоскость"" [Влияние продолговатости пластинки, движущейся в жидкости, на давление, производимое на нее последней]","Article by K. E. Tsiolkovsky ""Pressure of a liquid on a moving plane"" [The influence of the elongation of a plate moving in a liquid on the pressure exerted on it by the latter]"
3,"Позднейшие замечания К.Э. Циолковского к работе ""Летание посредством крыльев""","Later remarks by K. E. Tsiolkovsky on the work ""Flying by means of wings"""
4,"(Письмо) К.Э. Циолковского ""Первые планы по сопротивлению воздуха"" в С.-Петербургское физико-химическое общество","(Letter) by K. E. Tsiolkovsky ""First plans on air resistance"" to the St. Petersburg Physico-Chemical Society"
5,"Письмо К.Э. Циолковского ""Первые планы опытов по сопротивлению воздуха"" в Императорскую Академию наук (не окончено)","Letter by K. E. Tsiolkovsky ""First plans of experiments on air resistance"" to the Imperial Academy of Sciences (unfinished)"
6,"Доклад К.Э. Циолковского в Императорскую академию наук об опытах по сопротивлению воздуха, производимых на средства Академии с 1-го марта 1900 г. по 1-е октября 1901 г. и в 1901 и 1902 гг","Report by K. E. Tsiolkovsky to the Imperial Academy of Sciences on experiments on air resistance, conducted with the funds of the Academy from March 1, 1900 to October 1, 1901 and in 1901 and 1902"
7,"Копии чертежей к отчету К.Э. Циолковского об опытах по сопротивлению воздуха, проводившихся в 1900 – 1901 гг. и чертежи к продолжению отчета (опыты 1901 – 1902 гг.)",Copies of drawings for K. E. Tsiolkovsky's report on experiments on air resistance conducted in 1900-1901 and drawings for the continuation of the report (experiments of 1901-1902)
8,"Доклад К.Э. Циолковского в Императорскую Академию Наук об опытах по сопротивлению воздуха, производимых на средства Академии с 1-го марта 1900 г. по 1-е октября 1901 г. 2-й вариант","Report by K. E. Tsiolkovsky to the Imperial Academy of Sciences on experiments on air resistance, conducted with the funds of the Academy from March 1, 1900 to October 1, 1901. 2nd variant"
9,"Атлас чертежей к отчету К.Э. Циолковского об опытах по сопротивлению воздуха, производимые на средства Императорской Академии Наук с 1-го марта 1900 г. до 1-го октября 1901 г. и пояснения к чертежам","Atlas of drawings for K. E. Tsiolkovsky's report on experiments on air resistance, conducted with the funds of the Imperial Academy of Sciences from March 1, 1900 to October 1, 1901, and explanations to the drawings"
10,"Фрагмент статьи К.Э. Циолковского ""Аэроплан""","Fragment of an article by K. E. Tsiolkovsky ""Aeroplane"""
11,"Статья К.Э. Циолковского ""Трение и сопротивление воздуха""","Article by K. E. Tsiolkovsky ""Friction and air resistance"""
12,"Черновые таблицы К.Э. Циолковского ""Трение"", наброски и вставки к работе ""Трение и сопротивление воздуха""","Draft tables by K. E. Tsiolkovsky ""Friction"", sketches and insertions for the work ""Friction and air resistance"""
13,"Статья К.Э. Циолковского ""Трение и сопротивление воздуха""","Article by K. E. Tsiolkovsky ""Friction and air resistance"""
14,"Добавление к ""Сопротивлению воздуха"" К.Э. Циолковского. Таблицы и формулы","Addition to K. E. Tsiolkovsky's ""Air resistance"". Tables and formulas"
15,"Формулы и вычисления К.Э. Циолковского ""Новый пропеллер""","Formulas and calculations by K. E. Tsiolkovsky ""New propeller"""
16,"Отрывки работ К.Э. Циолковского ""[Сопротивление воздуха]""","Extracts of works by K. E. Tsiolkovsky ""[Air resistance]"""
17,"Статья К.Э. Циолковского ""Плотность разных слоев атмосферы""","Article by K. E. Tsiolkovsky ""The density of various layers of the atmosphere"""
18,"Статья К.Э. Циолковского ""Трение в газах""","Article by K. E. Tsiolkovsky ""Friction in gases"""
19,"Начало работы [отрывок] К.Э. Циолковского ""Выгоднейшая продолговатость птицеподобных тел""","Beginning of the work [extract] by K. E. Tsiolkovsky ""The most advantageous elongation of bird-like bodies"""
20,"Статья К.Э. Циолковского ""[Самолет]""","Article by K. E. Tsiolkovsky ""[Airplane]"""
21,"Статья К.Э. Циолковского ""Гидроплан - крыло""","Article by K. E. Tsiolkovsky ""Hydroplane - Wing"""
22,"Статья К.Э. Циолковского ""Применение формул сопротивления (см. мое ""Сопротивление"" 1927 г.) к аэроплану, стратоплану и скорому вагону""","Article by K. E. Tsiolkovsky ""Application of the formulas of resistance (see my ""Resistance"" 1927) to the aeroplane, stratoplane and high-speed carriage"""
23,"Статья К.Э. Циолковского ""Гигантский гидроплан - крыло""","Article by K. E. Tsiolkovsky ""Giant Hydroplane - Wing"""
24,"Статья К.Э. Циолковского ""Когда планер может свободно летать""","Article by K. E. Tsiolkovsky ""When a Glider Can Fly Freely"""
25,"Статья К.Э. Циолковского ""Гидроплан-крыло - великан""","Article by K. E. Tsiolkovsky ""Hydroplane-Wing - the Giant"""
26,"Статья К.Э. Циолковского ""Сопротивление среды движению плавных птицеподобных тел"" [по материалам IV-й главы работы ""Основы построения""]","Article by K. E. Tsiolkovsky ""Resistance of the Medium to the Movement of Smooth Bird-like Bodies"" [based on materials from chapter IV of the work ""Fundamentals of Construction""]"
28,Отрывки вычислений К.Э. Циолковского и чертежи по астрономии,Extracts of calculations by K. E. Tsiolkovsky and drawings on astronomy
29,"Юношеские работы К.Э. Циолковского [Некоторая иллюстрация к ""Грезам""]. Чертежи с пояснениями к ним, составленными в феврале 1923 г","Youthful works of K. E. Tsiolkovsky [Some illustration to ""Dreams""]. Drawings with explanations to them, compiled in February 1923"
30,"Вычисления и формулы К.Э. Циолковского, относящиеся к вопросу о межпланетных сообщениях. [""Вопрос о вечном блаженстве""]","Calculations and formulas of K. E. Tsiolkovsky relating to the question of interplanetary communications. [""The question of eternal bliss""]"
31,"Статья К.Э. Циолковского ""Свободное пространство""","Article by K. E. Tsiolkovsky ""Free Space"""
32,"Фрагменты рукописей К.Э. Циолковского ""Ракета"" 1897, 1902, 1903, 1911 гг","Fragments of manuscripts by K. E. Tsiolkovsky ""The Rocket"" for 1897, 1902, 1903, 1911"
33,"Статья К.Э. Циолковского ""Реактивный прибор, как средство полета в пустоте и в атмосфере"". Опубликована в журнале ""Воздухоплаватель"" [№2 за 1910 г., стр. 110-113]","Article by K. E. Tsiolkovsky ""The Reactive Device as a Means of Flight in a Vacuum and in the Atmosphere"". Published in the journal ""The Aeronaut"" [No. 2 for 1910, pp. 110-113]"
34,"Статья К.Э. Циолковского ""Исследование небесных пространств реактивными приборами""","Article by K. E. Tsiolkovsky ""Investigation of Celestial Spaces by Reactive Devices"""
35,"Cтатья К.Э. Циолковского ""Реактивный прибор - ракета"". Напечатана в журнале ""Вестник воздухоплавания"" [№№ 2, 3, 5, 6, 7, 9 за 1911 - 1912 гг.]. ""Исследование мировых пространств реактивными приборами"" 1903 года","Article by K. E. Tsiolkovsky ""The Reactive Device - the Rocket"". Printed in the journal ""Herald of Aeronautics"" [Nos. 2, 3, 5, 6, 7, 9 for 1911 - 1912]. ""Investigation of World Spaces by Reactive Devices"" of 1903"
36,"Начало научно-популярной повести К.Э. Циолковского ""В двухтысячном году [К ракете]"", впоследствии развернутой в книге ""Вне Земли""","Beginning of the popular-science tale by K. E. Tsiolkovsky ""In the Year Two Thousand [To the Rocket]"", subsequently expanded into the book ""Outside the Earth"""
37,"Отрывки вычислений К.Э. Циолковского ""Ракета""","Extracts of calculations by K. E. Tsiolkovsky ""The Rocket"""
38,"Предисловие к повести К.Э. Циолковского ""Вне Земли"". Материал для предисловия [от меня или редакции]. Приложена машкопия с комментариями Б.Н. Воробьева","Preface to the tale by K. E. Tsiolkovsky ""Outside the Earth"". Material for the preface [from me or the editors]. A typescript copy with comments by B. N. Vorobyev is attached"
39,"Набросок статьи К.Э. Циолковского ""План ""Ракеты""","Draft of an article by K. E. Tsiolkovsky ""Plan of ""The Rocket"""""
40,"Статья К.Э. Циолковского ""Космическая ракета. Завоевание Солнечной системы""","Article by K. E. Tsiolkovsky ""The Cosmic Rocket. Conquest of the Solar System"""
41,"Дополнение к статье К.Э. Циолковского ""Ракета. Формулы"". ""Реактивный прибор - ракета""","Addition to the article by K. E. Tsiolkovsky ""The Rocket. Formulas"". ""The Reactive Device - the Rocket"""
42,"Формулы К.Э. Циолковского ""Атмосфера - ракета - труба""","Formulas by K. E. Tsiolkovsky ""Atmosphere - Rocket - Tube"""
43,"Статья К.Э. Циолковского ""Ракета. [Реактивный прибор пушечного типа или ракетного типа]""","Article by K. E. Tsiolkovsky ""The Rocket. [Reactive device of cannon type or rocket type]"""
44,"Статья К.Э. Циолковского ""Аэроплан - крыло - ракета"" и материалы к ней","Article by K. E. Tsiolkovsky ""Aeroplane - Wing - Rocket"" and materials for it"
45,"Статья К.Э. Циолковского ""Исследование мировых пространств реактивными приборами"", таблицы, формулы и материалы к ней","Article by K. E. Tsiolkovsky ""Investigation of World Spaces by Reactive Devices"", tables, formulas and materials for it"
46,"Статья К.Э. Циолковского ""Космический корабль"". 1-й вариант","Article by K. E. Tsiolkovsky ""The Space Ship"". 1st variant"
47,"Статья К.Э. Циолковского ""Космический корабль"". 2-й вариант","Article by K. E. Tsiolkovsky ""The Space Ship"". 2nd variant"
48,"Конспективные записи К.Э. Циолковского ""Ракета. Взрывная труба"" расчетов и формул","Summary notes by K. E. Tsiolkovsky ""The Rocket. Explosive Tube"" of calculations and formulas"
49,"Набросок письма и статья К.Э. Циолковского ""Ракета"" для журнала ""Огонек"". [первоначальный вариант]","Draft of a letter and article by K. E. Tsiolkovsky ""The Rocket"" for the magazine ""Ogonyok"". [initial variant]"
50,"Статья К.Э. Циолковского ""Заатмосферные путешествия. [Ракета]"" для журнала ""Огонек"" [окончательный вариант]. Один из них исправлен в 1926 г","Article by K. E. Tsiolkovsky ""Beyond-Atmosphere Travels. [The Rocket]"" for the magazine ""Ogonyok"" [final variant]. One of them was corrected in 1926"
51,"Статья К.Э. Циолковского ""Аэроплан - ракета"" [Новый самолет для больших высот и скоростей] и материалы к ней","Article by K. E. Tsiolkovsky ""Aeroplane - Rocket"" [A new aircraft for great heights and speeds] and materials for it"
52,"Программа лекций К.Э. Циолковского ""Космическая ракета или снаряд для вселенских путешествий и иных целей""","Program of lectures by K. E. Tsiolkovsky ""The Cosmic Rocket or a Projectile for Universal Travels and Other Purposes"""
53,Письмо [О приоритете К.Э. Циолковского в вопросе о возвращении ракеты на Землю без затраты взрывчатого вещества],Letter [On the priority of K. E. Tsiolkovsky in the question of the return of the rocket to Earth without expenditure of explosive substance]
54,"Предисловие К.Э. Циолковского к книге Н.А. Рынина ""История работ К.Э. Циолковского по ракетным кораблям""","Preface by K. E. Tsiolkovsky to the book by N. A. Rynin ""History of the Works of K. E. Tsiolkovsky on Rocket Ships"""
55,"Черновой набросок К.Э. Циолковского ""Скорый поезд"" к работе ""Труды о космической ракете""","Draft sketch by K. E. Tsiolkovsky ""The Express Train"" for the work ""Works on the Cosmic Rocket"""
56,"Статья К.Э. Циолковского ""Завоевание солнечной системы. [Научная фантазия]"" [не окончена]","Article by K. E. Tsiolkovsky ""Conquest of the Solar System. [Scientific fantasy]"" [unfinished]"
57,"Вставки к работе К.Э. Циолковского ""Завоевание солнечной системы""","Insertions to the work by K. E. Tsiolkovsky ""Conquest of the Solar System"""
58,"Статья К.Э. Циолковского ""Реактивный аэроплан""","Article by K. E. Tsiolkovsky ""The Reactive Aeroplane"""
59,"Статья К.Э. Циолковского ""Главные выводы из моего сочинения ""Новый аэроплан""","Article by K. E. Tsiolkovsky ""The Main Conclusions from My Work ""The New Aeroplane"""""
60,"Статья К.Э. Циолковского ""Труды о космической ракете"" [1903 - 1927 гг.]","Article by K. E. Tsiolkovsky ""Works on the Cosmic Rocket"" [1903 - 1927]"
61,"Статья К.Э. Циолковского ""Возможно ли посещение планет"", [""Доступны ли планеты""], [""Достижимы ли иные планеты""]. [Ответ подписчику ""Вестника знания""]","Article by K. E. Tsiolkovsky ""Is a Visit to the Planets Possible"", [""Are the Planets Accessible""], [""Are Other Planets Attainable""]. [Answer to a subscriber of ""Herald of Knowledge""]"
62,"Фрагмент К.Э. Циолковского ""Формулы движения снаряда""","Fragment by K. E. Tsiolkovsky ""Formulas of the Motion of a Projectile"""
63,"Формулы К.Э. Циолковского ""Восходящее ускоренное движение ракетоплана""","Formulas by K. E. Tsiolkovsky ""Ascending Accelerated Motion of a Rocket-Plane"""
64,"Статья К.Э. Циолковского ""Восходящее ускоренное движение ракетоплана""","Article by K. E. Tsiolkovsky ""Ascending Accelerated Motion of a Rocket-Plane"""
65,"Статья К.Э. Циолковского ""От самолета к звездолету""","Article by K. E. Tsiolkovsky ""From the Airplane to the Starship"""
66,"Статья К.Э. Циолковского ""Стратоплан полуреактивный""","Article by K. E. Tsiolkovsky ""Semi-Jet Stratoplane"""
67,"Таблицы, формулы, рисунки К.Э. Циолковского ""Стратоплан [полуреактивный]""","Tables, formulas, drawings by K. E. Tsiolkovsky ""Stratoplane [Semi-Jet]"""
68,"Статья К.Э. Циолковского ""Звездоплавателям""","Article by K. E. Tsiolkovsky ""To Star Voyagers"""
69,"Черновые чертежи и таблицы к работе К.Э. Циолковского ""Стратоплан""","Draft drawings and tables for the work by K. E. Tsiolkovsky ""Stratoplane"""
70,Формулы стратоплана К.Э. Циолковского,Formulas of the stratoplane by K. E. Tsiolkovsky
71,"Статья К.Э. Циолковского ""Ускорение аэроплана высот от пропеллера"" [окончание труда ""Стратоплан полуреактивный""]","Article by K. E. Tsiolkovsky ""Acceleration of a High-Altitude Airplane from a Propeller"" [ending of the work ""Semi-Jet Stratoplane""]"
72,"Статья К.Э. Циолковского ""За атмосферу""","Article by K. E. Tsiolkovsky ""Beyond the Atmosphere"""
73,"Статья К.Э. Циолковского ""Реактивное движение и его успехи""","Article by K. E. Tsiolkovsky ""Jet Propulsion and Its Successes"""
74,"Статья К.Э. Циолковского ""Реактивное движение"" [ответ редакции газеты ""Гудок"" на письмо от 28 апреля 1932 г.]. Опубликована в журнале ""В бой за технику"" [№№ 15-16, 1932 г.]","Article by K. E. Tsiolkovsky ""Jet Propulsion"" [reply to the editorial board of the newspaper ""Gudok"" to a letter of 28 April 1932]. Published in the journal ""Into Battle for Technology"" [nos. 15-16, 1932]"
75,"Статья К.Э. Циолковского ""Достижение стратосферы""","Article by K. E. Tsiolkovsky ""Attainment of the Stratosphere"""
76,"Лекция К.Э. Циолковского ""Звездоплавание""","Lecture by K. E. Tsiolkovsky ""Star Voyaging"""
77,"Рисунки К.Э. Циолковского ""Скорый трамвайный вагон [для целей звездоплавания]""","Drawings by K. E. Tsiolkovsky ""Fast Tram Car [for the Purposes of Star Voyaging]"""
78,"Статья К.Э. Циолковского ""Скорый вагон""","Article by K. E. Tsiolkovsky ""Fast Car"""
79,"Статья К.Э. Циолковского ""Полет в стратосфере""","Article by K. E. Tsiolkovsky ""Flight in the Stratosphere"""
80,"Статья К.Э. Циолковского ""Быстроходный аэроплан высот [Суперавиация]""","Article by K. E. Tsiolkovsky ""High-Speed High-Altitude Airplane [Superaviation]"""
81,"Статья К.Э. Циолковского ""Высотный самолет или стратоплан"". Опубликована в журнале ""Хочу все знать""","Article by K. E. Tsiolkovsky ""High-Altitude Airplane or Stratoplane"". Published in the journal ""I Want to Know Everything"""
82,"Статья К.Э. Циолковского ""Вращение тел, наибольшая скорость и запас механической энергии""","Article by K. E. Tsiolkovsky ""Rotation of Bodies, Maximum Speed, and Reserve of Mechanical Energy"""
83,"Статья К.Э. Циолковского ""Взрывчатые вещества для реактивного прибора [звездолета]""","Article by K. E. Tsiolkovsky ""Explosive Substances for a Jet Apparatus [Starship]"""
84,"Статья К.Э. Циолковского ""Альбом космических путешествий""","Article by K. E. Tsiolkovsky ""Album of Space Travels"""
85,"Статья К.Э. Циолковского ""Парогазовый турбинный мотор для дирижаблей, аэропланов, стратопланов, автомобилей и др. целей""","Article by K. E. Tsiolkovsky ""Steam-Gas Turbine Motor for Airships, Airplanes, Stratoplanes, Automobiles and Other Purposes"""
86,"Статья К.Э. Циолковского ""Звездолет с предшествующими ему машинами""","Article by K. E. Tsiolkovsky ""Starship with the Machines Preceding It"""
87,"Рисунки К.Э. Циолковского ""Межпланетные путешествия"" и объяснения для кинофильма","Drawings by K. E. Tsiolkovsky ""Interplanetary Travels"" and explanations for a film"
88,"Перечень картин К.Э. Циолковского, иллюстрирующих межпланетные путешествия с помощью ракеты и жизнь вне Земли, в Совкино. Надписи к картинам и замечания","List of pictures by K. E. Tsiolkovsky illustrating interplanetary travels by means of a rocket and life beyond Earth, at Sovkino. Captions to the pictures and remarks"
89,"Таблицы К.Э. Циолковского ""Явление на астероидах"" для кинофильма","Tables by K. E. Tsiolkovsky ""Phenomenon on the Asteroids"" for a film"
90,"Таблицы К.Э. Циолковского ""Явление на планетах и больших спутниках"" для кинофильма","Tables by K. E. Tsiolkovsky ""Phenomenon on the Planets and Large Satellites"" for a film"
91,"Схемы К.Э. Циолковского, схематические изображения планет солнечной системы, расстояние между ними, силы притяжения и др. для кинофильма","Diagrams by K. E. Tsiolkovsky, schematic depictions of the planets of the solar system, the distance between them, forces of attraction and others for a film"
92,"Масштабные таблицы размеров и схематические рисунки человеческого тела К.Э. Циолковского ""Тело. [Куклы]"" для кинофильма","Scale tables of dimensions and schematic drawings of the human body by K. E. Tsiolkovsky ""The Body. [Dolls]"" for a film"
93,"Статья К.Э. Циолковского ""Снаряды, приобретающие космические скорости на суше или воде""","Article by K. E. Tsiolkovsky ""Projectiles Acquiring Cosmic Velocities on Land or Water"""
94,План К.Э. Циолковского к описанию путешествия на ракете вне Земли для кинофильма,Plan by K. E. Tsiolkovsky for a description of a journey by rocket beyond Earth for a film
95,"Конспект статьи К.Э. Циолковского ""Полеты в атмосфере и вне её""","Synopsis of the article by K. E. Tsiolkovsky ""Flights in the Atmosphere and Beyond It"""
96,Набросок программы работ К.Э. Циолковского в РНИИ [Реактивном научно-исследовательском Институте],Draft of a program of works by K. E. Tsiolkovsky at RNII [the Jet Scientific Research Institute]
97,"Отрывок К.Э. Циолковского ""Небольшая колония кругом Земли""","Extract by K. E. Tsiolkovsky ""A Small Colony Around the Earth"""
98,"Статья К.Э. Циолковского ""Аэропланы и стратопланы"" [не окончена]","Article by K. E. Tsiolkovsky ""Airplanes and Stratoplanes"" [not finished]"
99,Формулы газовых машин К.Э. Циолковского. [К работе Основы построения],Formulas of gas machines by K. E. Tsiolkovsky. [For the work Fundamentals of Construction]
100,"Статья К.Э. Циолковского ""Мощные моторы наименьшего веса и объема"" [часть работы ""Основы построения""]","Article by K. E. Tsiolkovsky ""Powerful Motors of the Least Weight and Volume"" [part of the work ""Fundamentals of Construction""]"
101,"Основы построения газовых машин, моторов и летательных приборов К.Э. Циолковского. Глава I. Сжатие и расширение газов","Fundamentals of the Construction of Gas Machines, Motors and Flying Apparatus by K. E. Tsiolkovsky. Chapter I. Compression and Expansion of Gases"
102,"Основы построения газовых машин, моторов и летательных приборов К.Э. Циолковского. Глава II. Давление нормального потока на плоскость","Foundations of the Construction of Gas Machines, Motors and Flying Apparatus by K. E. Tsiolkovsky. Chapter II. Pressure of a Normal Flow on a Plane"
103,"Основы построения газовых машин, моторов и летательных приборов К.Э. Циолковского. Глава III. Трение в газах","Foundations of the Construction of Gas Machines, Motors and Flying Apparatus by K. E. Tsiolkovsky. Chapter III. Friction in Gases"
104,"Основы построения газовых машин, моторов и летательных приборов К.Э. Циолковского. Глава VII. Наибольшая скорость вращения тел и запас их механической энергии. Фрагменты работы","Foundations of the Construction of Gas Machines, Motors and Flying Apparatus by K. E. Tsiolkovsky. Chapter VII. The Greatest Speed of Rotation of Bodies and the Store of Their Mechanical Energy. Fragments of the work"
105,"Основы построения газовых машин, моторов и летательных приборов К.Э. Циолковского. Глава Х. Наибольшая скорость ракеты","Foundations of the Construction of Gas Machines, Motors and Flying Apparatus by K. E. Tsiolkovsky. Chapter X. The Greatest Speed of a Rocket"
106,"Статья К.Э. Циолковского ""Применение реактивных приборов к исследованию стратосферы"" [не окончена]","Article by K. E. Tsiolkovsky ""The Application of Reactive Devices to the Study of the Stratosphere"" [not finished]"
107,"Основы построения газовых машин, моторов и летательных приборов К.Э. Циолковского. Глава IV. Сопротивление газовой среды движению плавных птицеподобных тел","Foundations of the Construction of Gas Machines, Motors and Flying Apparatus by K. E. Tsiolkovsky. Chapter IV. Resistance of a Gaseous Medium to the Motion of Smooth Bird-like Bodies"
108,"Основы построения газовых машин, моторов и летательных приборов К.Э. Циолковского. Глава VI. Энергия химического соединения веществ и выбор составных частей взрыва","Foundations of the Construction of Gas Machines, Motors and Flying Apparatus by K. E. Tsiolkovsky. Chapter VI. The Energy of Chemical Combination of Substances and the Choice of Constituent Parts of an Explosion"
109,"Основы построения газовых машин, моторов и летательных приборов К.Э. Циолковского. Глава XI. Грубый расчет полета ракетоплана","Foundations of the Construction of Gas Machines, Motors and Flying Apparatus by K. E. Tsiolkovsky. Chapter XI. A Rough Calculation of the Flight of a Rocket Plane"
110,"Статья К.Э. Циолковского ""Вообще о двигателях, пригодных к полетам""","Article by K. E. Tsiolkovsky ""In General, on Engines Suitable for Flights"""
111,"Основы построения газовых машин, моторов и летательных приборов К.Э. Циолковского. Глава VIII - IX. Новые двигатели двух типов [Два типа моторов]. Черновые материалы","Foundations of the Construction of Gas Machines, Motors and Flying Apparatus by K. E. Tsiolkovsky. Chapter VIII-IX. New Engines of Two Types [Two Types of Motors]. Draft materials"
112,"Статья К.Э. Циолковского ""Новые двигатели двух типов"" [по материалам главы VIII-й работы ""Основы построения""]","Article by K. E. Tsiolkovsky ""New Engines of Two Types"" [based on materials from Chapter VIII of the work ""Foundations of Construction""]"
113,"Статья К.Э. Циолковского ""Второй тип моторов - с запасным кислородным соединением и без воды""","Article by K. E. Tsiolkovsky ""The Second Type of Motors - with a Reserve Oxygen Compound and without Water"""
114,"Статья К.Э. Циолковского ""Особый прием достижения высших скоростей реактивными летательными машинами""","Article by K. E. Tsiolkovsky ""A Special Method of Achieving Higher Speeds by Reactive Flying Machines"""
115,"Статья К.Э. Циолковского ""Изобретателям реактивных машин""","Article by K. E. Tsiolkovsky ""To Inventors of Reactive Machines"""
116,"Статья К.Э. Циолковского ""Фантазия ли заатмосферные полеты?""","Article by K. E. Tsiolkovsky ""Is Trans-Atmospheric Flight a Fantasy?"""
117,"Основы построения газовых машин, моторов и летательных приборов К.Э. Циолковского. Глава V. Плотность, температура и давление разных слоев атмосферы","Foundations of the Construction of Gas Machines, Motors and Flying Apparatus by K. E. Tsiolkovsky. Chapter V. Density, Temperature and Pressure of Different Layers of the Atmosphere"
118,"Статья К.Э. Циолковского ""Авиация, воздухоплавание и ракетоплавание в 20-м веке""","Article by K. E. Tsiolkovsky ""Aviation, Aeronautics and Rocket Flight in the 20th Century"""
119,"Фрагменты статьи К.Э. Циолковского, посвященной космическим полетам",Fragments of an article by K. E. Tsiolkovsky devoted to space flights
120,"Таблицы К.Э. Циолковского, относящиеся к движению ракеты",Tables by K. E. Tsiolkovsky relating to the motion of a rocket
121,"Фрагмент статьи К.Э. Циолковского ""Предисловие автора""","Fragment of an article by K. E. Tsiolkovsky ""The Author's Preface"""
122,"Фрагменты статей К.Э. Циолковского, относящихся к вопросу о реактивных летательных аппаратах",Fragments of articles by K. E. Tsiolkovsky relating to the question of reactive flying apparatus
123,"Статья К.Э. Циолковского ""Теория и опыт аэростата, имеющего в горизонтальном направлении удлиненную форму""","Article by K. E. Tsiolkovsky ""Theory and Experience of an Aerostat Having an Elongated Form in the Horizontal Direction"""
124,"Статья К.Э. Циолковского Окончание статьи: ""Построение металлического управляемого аэростата на 200 человек""","Article by K. E. Tsiolkovsky. End of the article: ""Construction of a Metal Controllable Aerostat for 200 People"""
125,"Статья К.Э. Циолковского ""О возможности построения металлического аэростата, способного изменять свой объем и даже складываться в плоскость""","Article by K. E. Tsiolkovsky ""On the Possibility of Constructing a Metal Aerostat Capable of Changing Its Volume and Even Folding into a Plane"""
127,"Оглавление, отдельные главы и к работе К.Э. Циолковского ""Аэростат и аэроплан""","Table of contents, separate chapters, and to the work by K. E. Tsiolkovsky ""Aerostat and Aeroplane"""
128,"Статья К.Э. Циолковского ""Воздушный корабль"". [1-й вариант]","Article by K. E. Tsiolkovsky ""The Airship"". [1st variant]"
129,"[Глава из работы ""Аэростат и аэроплан""] К.Э. Циолковского ""Оболочка волны""","[Chapter from the work ""Aerostat and Aeroplane""] by K. E. Tsiolkovsky ""The Envelope of the Wave"""
130,"Таблицы и формулы К.Э. Циолковского ""Расчеты построения аэроната [самое старое и новое]""","Tables and formulas by K. E. Tsiolkovsky ""Calculations for the Construction of an Aeronat [the oldest and the newest]"""
131,"Статья К.Э. Циолковского ""Воздушный корабль"". [2-й вариант]","Article by K. E. Tsiolkovsky ""The Airship"". [2nd variant]"
132,"Статья К.Э. Циолковского ""Гладкий металлический аэронат""","Article by K. E. Tsiolkovsky ""The Smooth Metal Aeronat"""
133,"Статья К.Э. Циолковского ""Движение аэроната""","Article by K. E. Tsiolkovsky ""The Motion of the Aeronat"""
134,Чертеж дирижабля и прокатного вала К.Э. Циолковского,Drawing of an airship and a rolling mill shaft by K. E. Tsiolkovsky
135,"Часть статьи ""Первая модель чисто-металлического аэроната"" К.Э. Циолковского ""Картина после введения дирижаблей в жизнь [Техническая фантазия]"", изданной в виде брошюры в 1913 г","Part of the article ""The First Model of a Purely Metal Aeronat"" by K. E. Tsiolkovsky ""The Picture after the Introduction of Airships into Life [Technical Fantasy]"", published as a brochure in 1913"
136,"Статья К.Э. Циолковского ""Одно из средств устранить дороговизну""","Article by K. E. Tsiolkovsky ""One of the Means to Eliminate High Cost"""
137,"Описание диапозитивов К.Э. Циолковского ""Описание световых картин. Металлический дирижабль К.Э. Циолковского""","Description of slides by K. E. Tsiolkovsky ""Description of Light Pictures. Metal Airship of K. E. Tsiolkovsky"""
138,Расчеты и формулы для таблиц дирижабля К.Э. Циолковского,Calculations and formulas for tables of an airship by K. E. Tsiolkovsky
139,"Первые шаги строительства, Что делать [Отбросок от Воздушного транспорта и Гондолы] К.Э. Циолковского","First Steps of Construction, What to Do [A Cast-off from Air Transport and the Gondola] by K. E. Tsiolkovsky"
141,"Статья К.Э. Циолковского ""Почему трудно ввести в жизнь мой дирижабль""","Article by K. E. Tsiolkovsky ""Why It Is Difficult to Introduce My Airship into Life"""
142,"Фрагменты статьи К.Э. Циолковского ""Построение дирижаблей из волнистого металла. Продолжение работ""","Fragments of an article by K. E. Tsiolkovsky ""Construction of Airships from Corrugated Metal. Continuation of the Work"""
143,"Статья К.Э. Циолковского ""Успехи воздушного передвижения с 1914 до 1919 года""","Article by K. E. Tsiolkovsky ""Successes of Air Travel from 1914 to 1919"""
144,"Статья К.Э. Циолковского ""История моего дирижабля из волнистого металла""","An article by K. E. Tsiolkovsky, ""The History of My Airship of Corrugated Metal"""
145,"Статья К.Э. Циолковского ""Металлический дирижабль 1921 года""","An article by K. E. Tsiolkovsky, ""The Metal Airship of 1921"""
146,"Описание чертежей и таблиц К.Э. Циолковского ""Металлический дирижабль 1921 года [чертежи и таблицы]""","Description of drawings and tables by K. E. Tsiolkovsky, ""The Metal Airship of 1921 [drawings and tables]"""
147,"Программы работ, письма К.Э. Циолковского с заданиями по строительству дирижабля","Work programs, letters of K. E. Tsiolkovsky with assignments for the construction of the airship"
148,"[Выдержки из работы ""Металлический дирижабль 1920 г.""] К.Э. Циолковского ""Порядок практических работ при постройке металлического дирижабля""","[Extracts from the work ""The Metal Airship of 1920""] by K. E. Tsiolkovsky, ""The Order of Practical Work in Building a Metal Airship"""
149,"Набросок чертежа верфи дирижабля К.Э. Циолковского ""Верфь""","A sketch of a drawing of the airship yard by K. E. Tsiolkovsky, ""The Yard"""
150,"[Общая таблица станков, объема оболочки и др.] К.Э. Циолковского ""Нужные таблицы и трение""","[A general table of machine tools, envelope volume, etc.] by K. E. Tsiolkovsky, ""Needed Tables and Friction"""
151,Смета по металлическому дирижаблю системы К.Э. Циолковского и объяснительная записка к ней,Estimate for the metal airship of K. E. Tsiolkovsky's system and an explanatory note to it
152,"Статья К.Э. Циолковского ""Четыре способа носиться над сушей и водой""","An article by K. E. Tsiolkovsky, ""Four Ways to Travel Over Land and Water"""
153,"Формулы, вычисления, таблицы К.Э. Циолковского ""Моменты: 1) поперечного давления газов; 2) момент тяжести оболочки; 3) подъемной силы газа""","Formulas, calculations, tables by K. E. Tsiolkovsky, ""Moments: 1) transverse pressure of gases; 2) moment of the weight of the envelope; 3) lifting force of the gas"""
154,"[Статья] К.Э. Циолковского ""Нет удобнее сообщения..."" [о дирижадлях]","[An article] by K. E. Tsiolkovsky, ""There Is No More Convenient Means of Communication..."" [on airships]"
155,"Пояснения к таблицам, расчеты К.Э. Циолковского ""Выводы из таблиц от 21 - 27 июня 1925 г.""","Explanations of tables, calculations by K. E. Tsiolkovsky, ""Conclusions from the Tables of 21-27 June 1925"""
156,Ответы на возражения К.Э. Циолковского против его дирижабля,Answers to objections against K. E. Tsiolkovsky's airship
157,"Описание К.Э. Циолковским ""I-й шаг. Приемы работ и соответствующие орудия"" и таблицы моделей дирижабля","Description by K. E. Tsiolkovsky, ""Step I. Working Methods and the Corresponding Tools"" and tables of airship models"
158,"Статья К.Э. Циолковского ""Для всех учреждений и лиц, прикосновенных к строительству металлических дирижаблей""","An article by K. E. Tsiolkovsky, ""For All Institutions and Persons Involved in the Construction of Metal Airships"""
159,"Расчеты и таблицы К.Э. Циолковского ""Латунная модель"" для построения латунной модели дирижабля","Calculations and tables by K. E. Tsiolkovsky, ""Brass Model"" for building a brass model of the airship"
160,"К.Э. Циолковский ""Интересующимся от К. Циолковского"" [""Железная модель""] Описание устройства модели дирижабля","K. E. Tsiolkovsky, ""To Those Interested, from K. Tsiolkovsky"" [""The Iron Model""]. Description of the design of the airship model"
161,"Статья К.Э. Циолковского ""В этом году в печати..."" в редакцию ""Аэростата"" для напечатания","An article by K. E. Tsiolkovsky, ""This Year in the Press..."" to the editors of ""Aerostat"" for publication"
162,"Статья К.Э. Циолковского ""Дирижабль из волнистой стали""","An article by K. E. Tsiolkovsky, ""An Airship of Corrugated Steel"""
163,"Расчеты и формулы К.Э. Циолковского ""Нагревание дирижабля"" [опыты нагрева]","Calculations and formulas by K. E. Tsiolkovsky, ""Heating of the Airship"" [heating experiments]"
164,"Описание работ по газовому воздухоплаванию, проведенных К.Э. Циолковским",Description of work on gas aeronautics carried out by K. E. Tsiolkovsky
165,"Чертежи, пояснения, расчеты и заметки К.Э. Циолковского ""План постройки железной модели в 4 метра высоты [плоская] и 20 метров длины""","Drawings, explanations, calculations and notes by K. E. Tsiolkovsky, ""Plan for Building an Iron Model 4 Metres High [flat] and 20 Metres Long"""
166,"Инструкция К.Э. Циолковского ""Практический способ определения газовых потерь"" товарищу Рапопорту","Instruction by K. E. Tsiolkovsky, ""A Practical Method for Determining Gas Losses"", to comrade Rapoport"
167,"Подборка документов об экспертизе апрельской модели дирижабля 1926 г., сделанная К.Э. Циолковским ""История. 1926 г."" [письма К.Э. Циолковского и Я.А. Рапопорта о проведении экспертизы]","A collection of documents on the examination of the April 1926 airship model, compiled by K. E. Tsiolkovsky, ""History. 1926"" [letters of K. E. Tsiolkovsky and Ya. A. Rapoport on the conduct of the examination]"
168,"Заметка К.Э. Циолковского ""В Редакцию Огонька"" о металлическом дирижабле","A note by K. E. Tsiolkovsky, ""To the Editors of Ogonyok"", on the metal airship"
169,"Таблицы К.Э. Циолковского ""Газгольдер""","Tables by K. E. Tsiolkovsky, ""Gasholder"""
170,"Расчеты К.Э. Циолковского ""Газгольдер. На экспертизу 10 мая 1926 г."" по газгольдеру и черновик ответа на вопросы по аэронату","Calculations by K. E. Tsiolkovsky, ""Gasholder. For Examination 10 May 1926"" on the gasholder and a draft answer to questions on the aeronat"
171,Шаблоны для модели дирижабля с пояснениями К.Э. Циолковского,Templates for the airship model with explanations by K. E. Tsiolkovsky
172,"Набросок плана работы К.Э. Циолковского ""Ближайшие письма и работы"" над дирижаблем на 1927 г","A sketch of a work plan by K. E. Tsiolkovsky, ""Upcoming Letters and Work"" on the airship for 1927"
173,"План работы К.Э. Циолковского ""План работы 1927 г."" над дирижаблем на 1927 г","A work plan by K. E. Tsiolkovsky, ""Work Plan for 1927"" on the airship for 1927"
174,"План К.Э. Циолковского ""План предварительных работ по дирижаблю для т. Рапопорта и интересующихся"" и наброски к плану","A plan by K. E. Tsiolkovsky, ""Plan of Preliminary Work on the Airship for Comrade Rapoport and Those Interested"" and sketches for the plan"
175,"Статья К.Э. Циолковского ""Мой металлический дирижабль""","An article by K. E. Tsiolkovsky, ""My Metal Airship"""
176,"Таблицы изменения формы дирижабля К.Э. Циолковского ""Разное. Дирижабль""","Tables of changes in the airship's shape by K. E. Tsiolkovsky, ""Miscellaneous. Airship"""
177,Порядок практических работ при постройке металлического дирижабля. (Общий план) К.Э. Циолковского,The order of practical work in building a metal airship. (General plan) by K. E. Tsiolkovsky
178,"Статья К.Э. Циолковского ""Стальной дирижабль""","An article by K. E. Tsiolkovsky, ""The Steel Airship"""
179,"Чертежи К.Э. Циолковского ""Описание модельного барака"" и пояснения к ним","Drawings by K. E. Tsiolkovsky, ""Description of the Model Barrack"" and explanations to them"
180,"Статья К.Э. Циолковского ""Цельнометаллические дирижабли с изменяющимся объемом""","An article by K. E. Tsiolkovsky, ""All-Metal Airships of Variable Volume"""
181,"Статья К.Э. Циолковского ""Цельнометаллический дирижабль"" [Два средства летания]","An article by K. E. Tsiolkovsky, ""The All-Metal Airship"" [Two Means of Flight]"
182,"Статья К.Э. Циолковского ""Металлический дирижабль с изменяющимся объемом"" [Цельнометаллический дирижабль]","An article by K. E. Tsiolkovsky, ""The Metal Airship of Variable Volume"" [The All-Metal Airship]"
183,"Статья К.Э. Циолковского ""Дирижабли""","An article by K. E. Tsiolkovsky, ""Airships"""
184,"Статья К.Э. Циолковского ""Цельно-металлический дирижабль и его преимущества""","An article by K. E. Tsiolkovsky, ""The All-Metal Airship and Its Advantages"""
185,"Статья К.Э. Циолковского ""Эпоха дирижаблестроения в СССР""","Article by K. E. Tsiolkovsky ""The Age of Airship Building in the USSR"""
186,"Статья К.Э. Циолковского ""Каким должен быть дирижабль""","Article by K. E. Tsiolkovsky ""What an Airship Should Be Like"""
187,"Статья К.Э. Циолковского ""Выгоды воздухоплавания""","Article by K. E. Tsiolkovsky ""The Advantages of Aeronautics"""
188,"Статья К.Э. Циолковского ""Уравнения размеров оболочки аэростата в высоту""","Article by K. E. Tsiolkovsky ""Equations of the Dimensions of a Balloon's Envelope in Height"""
189,"Статья К.Э. Циолковского ""Газы для дирижаблей. Выбор газов""","K. E. Tsiolkovsky's article ""Gases for Airships. Choice of Gases"""
190,"Таблицы и чертежи К.Э. Циолковского ""Модель [дирижабля] 1 января 1931 г.""","Tables and drawings by K. E. Tsiolkovsky ""Model [of an airship] 1 January 1931"""
191,Способ построения оболочки дирижабля К.Э. Циолковского,K. E. Tsiolkovsky's method of constructing an airship's envelope
192,"Статья К.Э. Циолковского ""Газовые воздушные корабли или аэронаты""","Article by K. E. Tsiolkovsky ""Gas Airships, or Aeronats"""
193,"Статья К.Э. Циолковского ""Инерционные силы в дирижабле. [Пояснения к совещанию 23 августа 1931 г.]""","Article by K. E. Tsiolkovsky ""Inertial Forces in an Airship. [Explanations for the meeting of 23 August 1931]"""
194,"Статья К.Э. Циолковского ""Значение величины дирижабля""","Article by K. E. Tsiolkovsky ""The Significance of the Size of an Airship"""
195,"Статья К.Э. Циолковского ""Ориентировочная программа работ по металлическому дирижаблю""","Article by K. E. Tsiolkovsky ""A Tentative Program of Work on a Metal Airship"""
196,"Статья К.Э. Циолковского ""Некоторые пояснения к особенностям конструкции цельнометаллического дирижабля с изменяющимся объемом""","Article by K. E. Tsiolkovsky ""Some Explanations Concerning the Design Features of an All-Metal Airship with Variable Volume"""
197,"Статья К.Э. Циолковского ""Водород для цельнометаллического дирижабля с изменяющимся объемом""","Article by K. E. Tsiolkovsky ""Hydrogen for an All-Metal Airship with Variable Volume"""
198,"Статья К.Э. Циолковского ""Цельнометаллический дирижабль""","Article by K. E. Tsiolkovsky ""The All-Metal Airship"""
199,"Объяснительная записка К.Э. Циолковского ""Дирижаблистам группы К.Э. Циолковского"" к проекту дирижабля на 40 человек","Explanatory note by K. E. Tsiolkovsky ""To the Airshipmen of K. E. Tsiolkovsky's Group"" for the project of an airship for 40 people"
200,"Статья К.Э. Циолковского ""Новый тип дирижабля""","Article by K. E. Tsiolkovsky ""A New Type of Airship"""
201,"Статья К.Э. Циолковского ""Тернистый путь дирижаблей"" [Конспект развития газового воздухоплавания]","Article by K. E. Tsiolkovsky ""The Thorny Path of Airships"" [An outline of the development of gas aeronautics]"
202,"Текст выступления К.Э. Циолковского ""Дирижабль, стратоплан, ракета"" по радио [речь по радио]","Text of K. E. Tsiolkovsky's radio broadcast ""Airship, Stratoplane, Rocket"" [a radio speech]"
203,"Предисловие к работе К.Э. Циолковского ""Нагревание легкого газа""","Preface to K. E. Tsiolkovsky's work ""Heating of a Light Gas"""
204,"[Юбилейная речь] К.Э. Циолковского ""Воздушные транспортные средства""","[Jubilee speech] by K. E. Tsiolkovsky ""Air Transport Vehicles"""
205,Мой дирижабль К.Э. Циолковского,My Airship by K. E. Tsiolkovsky
206,"Статья К.Э. Циолковского ""Дирижабль, стратоплан, и звездолет, как три ступени величайших советских достижений, как апофеоз индустрии"". Приложены чертежи и шаблоны моделей дирижабля","Article by K. E. Tsiolkovsky ""The Airship, the Stratoplane, and the Star Ship as Three Stages of the Greatest Soviet Achievements, as the Apotheosis of Industry"". Drawings and templates of airship models attached"
207,"Статья К.Э. Циолковского ""Акрон""","Article by K. E. Tsiolkovsky ""Akron"""
208,"Статья К.Э. Циолковского ""Программа работ по стальному дирижаблю системы К.Э. Циолковского""","Article by K. E. Tsiolkovsky ""Program of Work on a Steel Airship of K. E. Tsiolkovsky's System"""
209,"Фрагменты лекций К.Э. Циолковского ""Изучение и использование стратосферы"", читанной в Обществе изобретателей в Калуге 31.12.1933 г","Fragments of lectures by K. E. Tsiolkovsky ""The Study and Use of the Stratosphere"", delivered at the Society of Inventors in Kaluga on 31.12.1933"
210,"Статья К.Э. Циолковского ""О работах по бескаркасному металлическому дирижаблю"", написанная в ответ на запрос Секции информации и печати ""Бюллетеня ЦАГИ""","Article by K. E. Tsiolkovsky ""On Work on a Frameless Metal Airship"", written in response to an inquiry from the Information and Press Section of the ""TsAGI Bulletin"""
211,"Фрагменты К.Э. Циолковского ""Формулы стратостата""","Fragments by K. E. Tsiolkovsky ""Formulas of the Stratostat"""
212,"Статья К.Э. Циолковского ""Достижение высот стратостатом""","Article by K. E. Tsiolkovsky ""Attaining Altitudes with a Stratostat"""
213,"Статья К.Э. Циолковского ""Высотные воздушные шары [стратостаты] и высотные [стратосферные] дирижабли""","Article by K. E. Tsiolkovsky ""High-Altitude Balloons [Stratostats] and High-Altitude [Stratospheric] Airships"""
214,"Статья К.Э. Циолковского ""Газгольдеры, как переходная ступень к стальным дирижаблям с изменяющимся объемом""","Article by K. E. Tsiolkovsky ""Gasholders as a Transitional Stage to Steel Airships with Variable Volume"""
215,"Фрагменты статьи К.Э. Циолковского ""Новый проект маленького дирижабля в 1000-3000 куб. м."", рисунки, таблицы, шаблоны","Fragments of the article by K. E. Tsiolkovsky ""A New Project of a Small Airship of 1000-3000 cubic m."", drawings, tables, templates"
216,"Статья К.Э. Циолковского ""Особый упрощенный проект чистометаллического дирижабля с изменяющимся объемом""","Article by K. E. Tsiolkovsky ""A Special Simplified Project of a Pure-Metal Airship with Variable Volume"""
217,Эскизный проект летающей модели дирижабля К.Э. Циолковского объемом 3000 куб.м,Sketch design of a flying model of an airship by K. E. Tsiolkovsky with a volume of 3000 cubic m
218,Эскизный проект летающей модели дирижабля К.Э. Циолковского объемом 3000 куб.м,Sketch design of a flying model of an airship by K. E. Tsiolkovsky with a volume of 3000 cubic m
219,"Статья К.Э. Циолковского ""Упрощенный переходный проект дирижабля в 2000 куб. метров объема""","Article by K. E. Tsiolkovsky ""Simplified Transitional Project of an Airship of 2000 cubic meters of Volume"""
220,"Статья К.Э. Циолковского ""Поезд дирижаблей""","Article by K. E. Tsiolkovsky ""Train of Airships"""
221,"Фрагмент работы К.Э. Циолковского ""Способ сварки оболочки дирижабля""","Fragment of the work by K. E. Tsiolkovsky ""Method of Welding an Airship's Envelope"""
222,"Список работ К.Э. Циолковского ""Дирижабли"" по дирижаблям","List of works by K. E. Tsiolkovsky ""Airships"" on airships"
223,"Расчеты и формулы К.Э. Циолковского ""Расчеты [таблицы дирижаблей]""","Calculations and formulas by K. E. Tsiolkovsky ""Calculations [tables of airships]"""
224,Шаблоны К.Э. Циолковского из жести и картона моделей дирижабля,Templates by K. E. Tsiolkovsky made of tin and cardboard for airship models
225,"Чертежи дирижабля К.Э. Циолковского, рисунки и эскизы к работам по дирижаблестроению","Drawings of an airship by K. E. Tsiolkovsky, drawings and sketches for works on airship building"
226,"Фотографии моделей дирижабля К.Э. Циолковского, шаблоны для гоффрировальной машины и репродукции диапозитивов, моделей дирижабля, демонстрировавшихся К.Э. Циолковским во время лекций и докладов","Photographs of models of K. E. Tsiolkovsky's dirigible, templates for the corrugating machine and reproductions of slides of dirigible models demonstrated by K. E. Tsiolkovsky during lectures and talks"
227,Фрагменты статей К.Э. Циолковского о дирижабле,Fragments of articles by K. E. Tsiolkovsky about the dirigible
228,"Статья К.Э. Циолковского ""Тип будущего управляемого аэростата"" [не окончена]","Article by K. E. Tsiolkovsky ""The type of the controllable balloon of the future"" [not finished]"
229,"Статья К.Э. Циолковского ""Тяготение, как источник мировой энергии""","Article by K. E. Tsiolkovsky ""Gravitation as a source of world energy"""
230,"Статья К.Э. Циолковского ""Изменение относительной тяжести на Земле""","Article by K. E. Tsiolkovsky ""The change of relative weight on the Earth"""
231,"Статья К.Э. Циолковского ""На чуждых планетах""","Article by K. E. Tsiolkovsky ""On alien planets"""
232,"Статья К.Э. Циолковского ""Вселенная в очерках и картинах""","Article by K. E. Tsiolkovsky ""The universe in sketches and pictures"""
233,"Заметки и таблицы К.Э. Циолковского ""Таблицы [старые]"" по астрономии","Notes and tables by K. E. Tsiolkovsky ""Tables [old]"" on astronomy"
234,"Таблицы К.Э. Циолковского ""Таблицы новые и старые"", относящиеся к строению вселенной","Tables by K. E. Tsiolkovsky ""Tables new and old"", relating to the structure of the universe"
235,"Статья К.Э. Циолковского ""Между солнцами [Фантастическое путешествие от планеты к планете]""","Article by K. E. Tsiolkovsky ""Between suns [A fantastic journey from planet to planet]"""
236,"Статья К.Э. Циолковского ""О земном шаре""","Article by K. E. Tsiolkovsky ""On the terrestrial globe"""
237,"Статья К.Э. Циолковского ""Звездный цикл""","Article by K. E. Tsiolkovsky ""The stellar cycle"""
238,"Статья К.Э. Циолковского ""Судьба планет. Образование и развитие солнечной системы""","Article by K. E. Tsiolkovsky ""The fate of the planets. The formation and development of the solar system"""
239,"Отрывок статьи К.Э. Циолковского ""Гипотеза о повторяемости звездных явлений""","Extract of an article by K. E. Tsiolkovsky ""Hypothesis on the recurrence of stellar phenomena"""
240,"Статья К.Э. Циолковского ""На Весте. [Условия жизни в иных мирах]""","Article by K. E. Tsiolkovsky ""On Vesta. [Conditions of life in other worlds]"""
241,"Статья К.Э. Циолковского ""Условия жизни в поясе астероидов [Жизнь в эфире]""","Article by K. E. Tsiolkovsky ""Conditions of life in the asteroid belt [Life in the ether]"""
242,"Статья К.Э. Циолковского ""Жизнь Солнца и его спектр""","Article by K. E. Tsiolkovsky ""The life of the Sun and its spectrum"""
243,"Статья К.Э. Циолковского ""Условия жизни во вселенной. [Программа Вселенной]""","Article by K. E. Tsiolkovsky ""Conditions of life in the universe. [Program of the Universe]"""
244,"Статья К.Э. Циолковского ""Сколько времени существует вселенная?""","Article by K. E. Tsiolkovsky ""How long has the universe existed?"""
245,"Статья К.Э. Циолковского ""Путешествие Земли и Солнца во вселенной""","Article by K. E. Tsiolkovsky ""The journey of the Earth and the Sun in the universe"""
246,"Статья К.Э. Циолковского ""Путешествие Земли и Солнца во вселенной""","Article by K. E. Tsiolkovsky ""The journey of the Earth and the Sun in the universe"""
247,"Статья К.Э. Циолковского ""Разум и звезды""","Article by K. E. Tsiolkovsky ""Reason and the stars"""
248,"Статья К.Э. Циолковского ""Разум и космос""","Article by K. E. Tsiolkovsky ""Reason and the cosmos"""
249,"Статья К.Э. Циолковского ""Распространение человека в космосе""","Article by K. E. Tsiolkovsky ""The spread of man in the cosmos"""
250,"Статья К.Э. Циолковского ""Земные катастрофы. [Мировые катастрофы]""","Article by K. E. Tsiolkovsky ""Terrestrial catastrophes. [World catastrophes]"""
251,"Фрагменты работы К.Э. Циолковского ""Образование Земли и солнечной системы"" [не окончена и без начала]","Fragments of the work by K. E. Tsiolkovsky ""The formation of the Earth and the solar system"" [not finished and without a beginning]"
252,"Статья К.Э. Циолковского ""К живому и мертвому. [Выписки из моих астрономических таблиц]""","Article by K. E. Tsiolkovsky ""To the living and the dead. [Excerpts from my astronomical tables]"""
253,"Статья К.Э. Циолковского ""Этапы промышленности в эфире или в поясе астероидов""","Article by K. E. Tsiolkovsky ""Stages of industry in the ether or in the asteroid belt"""
254,"Статья К.Э. Циолковского ""Условие жизни в иных мирах""","Article by K. E. Tsiolkovsky ""Condition of life in other worlds"""
255,"Статья К.Э. Циолковского ""Жизнь в космическом эфире. Введение и I глава""","Article by K. E. Tsiolkovsky ""Life in the cosmic ether. Introduction and chapter I"""
256,"Вычисления и формулы К.Э. Циолковского ""Моменты инерции""","Calculations and formulas by K. E. Tsiolkovsky ""Moments of inertia"""
257,"Формулы К.Э. Циолковского ""Образование солнечной системы. [Переписка важнейших формул]""","Formulas by K. E. Tsiolkovsky ""The formation of the solar system. [Rewriting of the most important formulas]"""
258,"Статья К.Э. Циолковского ""Условия жизни во вселенной""","Article by K. E. Tsiolkovsky ""Conditions of life in the universe"""
259,"Статья К.Э. Циолковского ""Астрономические единицы""","Article by K. E. Tsiolkovsky ""Astronomical units"""
260,"Статья К.Э. Циолковского ""Изменение массы Солнца""","Article by K. E. Tsiolkovsky ""The change of the mass of the Sun"""
261,"Отрывок статьи К.Э. Циолковского ""Органическая жизнь разлита по всему космосу""","Extract of an article by K. E. Tsiolkovsky ""Organic life is diffused throughout the whole cosmos"""
262,"Статья К.Э. Циолковского ""Образование Млечного пути, многократных солнц и планетных систем""","Article by K. E. Tsiolkovsky ""The formation of the Milky Way, multiple suns and planetary systems"""
263,"Статья К.Э. Циолковского ""Образование солнечных систем. [Конспект в доступном изложении]""","Article by K. E. Tsiolkovsky ""The formation of solar systems. [Summary in accessible form]"""
264,"Статья К.Э. Циолковского ""Картина вселенной""","Article by K. E. Tsiolkovsky ""Picture of the universe"""
265,"Статья К.Э. Циолковского ""Условия биологической жизни во вселенной и её высота""","Article by K. E. Tsiolkovsky ""Conditions of biological life in the universe and its extent"""
266,"Статья К.Э. Циолковского ""Периодичность и нисходящий порядок космоса. О соответствующих существах разной плотности [Гипотеза]""","Article by K. E. Tsiolkovsky ""Periodicity and the descending order of the cosmos. On corresponding beings of different density [Hypothesis]"""
267,"Статья К.Э. Циолковского ""Условия жизни в иных мирах""","Article by K. E. Tsiolkovsky ""Conditions of life in other worlds"""
268,"Статья К.Э. Циолковского ""Образование солнечных систем. [Дополнение к конспекту 1925 г.]""","Article by K. E. Tsiolkovsky ""Formation of solar systems. [Supplement to the 1925 summary]"""
269,"Отрывок К.Э. Циолковского ""Наиболее важные опечатки и ошибки в некоторых моих сочинениях [1925 г. ""Грезы о земле и небе""]""","Extract by K. E. Tsiolkovsky ""The most important misprints and errors in some of my works [1925, ""Dreams of Earth and Sky""]"""
270,"Статья К.Э. Циолковского ""Эфирный остров"". [2 редакции]","Article by K. E. Tsiolkovsky ""The Ethereal Island"". [2 editions]"
271,"Статья К.Э. Циолковского ""Жизнь в эфире""","Article by K. E. Tsiolkovsky ""Life in the ether"""
272,"Статья К.Э. Циолковского ""Образование солнечных систем"". [Выводы]","Article by K. E. Tsiolkovsky ""Formation of solar systems"". [Conclusions]"
273,"Статья К.Э. Циолковского ""Органический мир вселенной""","Article by K. E. Tsiolkovsky ""The organic world of the universe"""
274,"Статья К.Э. Циолковского ""Сколько планет во вселенной""","Article by K. E. Tsiolkovsky ""How many planets are there in the universe"""
275,"Статья К.Э. Циолковского ""Температура планет""","Article by K. E. Tsiolkovsky ""The temperature of the planets"""
276,"Статья К.Э. Циолковского ""Наше Солнце""","Article by K. E. Tsiolkovsky ""Our Sun"""
277,"Статья К.Э. Циолковского ""Наша планетная система""","Article by K. E. Tsiolkovsky ""Our planetary system"""
278,"Статья К.Э. Циолковского ""Как образуются солнечные системы""","Article by K. E. Tsiolkovsky ""How solar systems are formed"""
279,"Статья К.Э. Циолковского ""Как узнают расстояние и величину недоступных предметов""","Article by K. E. Tsiolkovsky ""How the distance and size of inaccessible objects are determined"""
280,"Статья К.Э. Циолковского ""Из каких веществ составлены небесные тела""","Article by K. E. Tsiolkovsky ""Of what substances the celestial bodies are composed"""
281,"Статья К.Э. Циолковского ""Когда потухнет Солнце?"". [""Небесные огни""]","Article by K. E. Tsiolkovsky ""When will the Sun go out?"". [""Celestial fires""]"
282,"Статья К.Э. Циолковского ""Два заблуждения""","Article by K. E. Tsiolkovsky ""Two errors"""
283,"Статья К.Э. Циолковского ""Энергия солнечного лучеиспускания""","Article by K. E. Tsiolkovsky ""The energy of solar radiation"""
284,"Отрывок статьи К.Э. Циолковского ""Притяжение разных родов, энергия, сложность, скорость и упругость""","Extract of an article by K. E. Tsiolkovsky ""Attraction of different kinds, energy, complexity, speed and elasticity"""
285,"Статья К.Э. Циолковского ""[Устройство жилищ вне Земли]"" [3 варианта]","Article by K. E. Tsiolkovsky ""[Arrangement of dwellings outside the Earth]"" [3 variants]"
286,"Статья К.Э. Циолковского ""Космические путешествия""","Article by K. E. Tsiolkovsky ""Cosmic travels"""
287,"Статья К.Э. Циолковского ""Образование двойных звезд"". Рукописный экземпляр статьи на французском языке","Article by K. E. Tsiolkovsky ""Formation of double stars"". Handwritten copy of the article in French"
288,"Статья К.Э. Циолковского ""Момент вращательного движения""","Article by K. E. Tsiolkovsky ""Moment of rotational motion"""
289,"Текст лекции К.Э. Циолковского ""Космос""","Text of a lecture by K. E. Tsiolkovsky ""Cosmos"""
290,"Отрывок К.Э. Циолковского ""Общее заключение о космосе""","Extract by K. E. Tsiolkovsky ""General conclusion about the cosmos"""
291,"Статья К.Э. Циолковского ""Закон притяжения""","Article by K. E. Tsiolkovsky ""The law of attraction"""
292,"Отрывок статьи К.Э. Циолковского ""При других солнцах также имеются планеты""","Extract of an article by K. E. Tsiolkovsky ""There are also planets around other suns"""
293,"Текст объявления К.Э. Циолковского в газету о болиде, виденном в Московской области 14 мая 1934 г",Text of an announcement by K. E. Tsiolkovsky to a newspaper about a bolide seen in Moscow Region on 14 May 1934
294,"Статья К.Э. Циолковского ""О болиде 14 мая 1934 г., виденном в Московской области""","Article by K. E. Tsiolkovsky ""On the bolide of 14 May 1934, seen in Moscow Region"""
295,"Таблица космических расстояний К.Э. Циолковского ""Бесконечность""","Table of cosmic distances by K. E. Tsiolkovsky ""Infinity"""
296,Фрагменты работ К.Э. Циолковского по астрономии,Fragments of works by K. E. Tsiolkovsky on astronomy
297,"Статья К.Э. Циолковского ""Механика подобно изменяющегося организма"" [не окончена]","Article by K. E. Tsiolkovsky ""Mechanics of a similarly changing organism"" [not finished]"
298,"Статья К.Э. Циолковского ""Образование разных видов живых существ"" [не окончена]","Article by K. E. Tsiolkovsky ""Formation of different kinds of living beings"" [not finished]"
299,"Статья К.Э. Циолковского ""Влияние роста существ на их жизнь и свойства""","Article by K. E. Tsiolkovsky ""The influence of the growth of beings on their life and properties"""
300,"Статья К.Э. Циолковского ""Механика в биологии"" [Происхождение живого до человека]","Article by K. E. Tsiolkovsky ""Mechanics in biology"" [The origin of living things before man]"
301,"Статья К.Э. Циолковского ""Происхождение и развитие жизни на Земле"" [не окончена]","Article by K. E. Tsiolkovsky ""The origin and development of life on Earth"" [not finished]"
302,"Черновые наброски плана К.Э. Циолковского ""Подобие организмов и уклонение от него"" и содержание статьи, таблицы и формулы","Draft sketches of a plan by K. E. Tsiolkovsky ""The similarity of organisms and deviation from it"" and the contents of the article, tables and formulas"
303,"Очерк К.Э. Циолковского ""Начало растений на земном шаре и их развитие""","Essay by K. E. Tsiolkovsky ""The beginning of plants on the globe and their development"""
304,"Статья К.Э. Циолковского ""Механика в биологии. Подобие организмов и уклонение от него""","Article by K. E. Tsiolkovsky ""Mechanics in biology. The similarity of organisms and deviation from it"""
305,"Статья К.Э. Циолковского ""Механика в биологии. Подобие организмов и уклонение от него""","Article by K. E. Tsiolkovsky ""Mechanics in biology. The similarity of organisms and deviation from it"""
306,"Статья К.Э. Циолковского ""Эволюция животных [заимствовано у разных авторов]""","Article by K. E. Tsiolkovsky ""Evolution of Animals [borrowed from various authors]"""
307,"Статья К.Э. Циолковского ""Происхождение живого"" [не закончена]","Article by K. E. Tsiolkovsky ""The Origin of the Living"" [unfinished]"
308,"Статья К.Э. Циолковского ""Влияние разной тяжести на жизнь""","Article by K. E. Tsiolkovsky ""The Influence of Different Gravity on Life"""
309,"Статья К.Э. Циолковского ""Развитие органов размножения и их филогенетическая последовательность""","Article by K. E. Tsiolkovsky ""The Development of Reproductive Organs and Their Phylogenetic Sequence"""
310,"Заметка К.Э. Циолковского ""[О приоритете К.Э. Циолковского в методе получения высоких температур с помощью солнечных лучей]""","Note by K. E. Tsiolkovsky ""[On K. E. Tsiolkovsky's priority in the method of obtaining high temperatures by means of solar rays]"""
311,"Статья К.Э. Циолковского ""Механизм высших животных и их чувства"" [не окончена]","Article by K. E. Tsiolkovsky ""The Mechanism of Higher Animals and Their Senses"" [unfinished]"
312,"Статья К.Э. Циолковского ""Биология и человек""","Article by K. E. Tsiolkovsky ""Biology and Man"""
313,"Статья К.Э. Циолковского ""Обратимость биологических явлений""","Article by K. E. Tsiolkovsky ""The Reversibility of Biological Phenomena"""
314,"Выписки К.Э. Циолковского ""Химические формулы из Менделеева""","Extracts by K. E. Tsiolkovsky ""Chemical Formulas from Mendeleev"""
315,"Описание конструкции К.Э. Циолковского ""Лодка"" и испытание лодки, изобретенной К.Э. Циолковским","Description of the construction by K. E. Tsiolkovsky ""The Boat"" and testing of the boat invented by K. E. Tsiolkovsky"
316,"Статья К.Э. Циолковского ""Второе начало термодинамики""","Article by K. E. Tsiolkovsky ""The Second Law of Thermodynamics"""
317,"Статья К.Э. Циолковского ""Вещество, строение и жизнь Земли""","Article by K. E. Tsiolkovsky ""Matter, the Structure and Life of the Earth"""
318,"Ответ К.Э. Циолковского ""К моей кинетической теории света"" на возражение Н.А. Морозова по поводу статьи К.Э. Циолковского ""Кинетическая теория света""","Reply by K. E. Tsiolkovsky ""On My Kinetic Theory of Light"" to N. A. Morozov's objection concerning K. E. Tsiolkovsky's article ""The Kinetic Theory of Light"""
319,"Фрагменты статей К.Э. Циолковского ""Общечеловеческая азбука"" по общечеловеческой азбуке","Fragments of articles by K. E. Tsiolkovsky ""Universal Alphabet"" on the universal alphabet"
320,"Отрывок статьи К.Э. Циолковского ""Картина Земли и её частей""","Extract of the article by K. E. Tsiolkovsky ""The Picture of the Earth and Its Parts"""
321,"Таблицы К.Э. Циолковского ""Техника"" [""Паровые турбины"". ""Мельницы ветряные"".]","Tables by K. E. Tsiolkovsky ""Technology"" [""Steam Turbines"". ""Windmills.""]"
322,"Статья К.Э. Циолковского ""Из прошлого Земли""","Article by K. E. Tsiolkovsky ""From the Earth's Past"""
323,"Статья К.Э. Циолковского ""Наносы Земли""","Article by K. E. Tsiolkovsky ""Deposits of the Earth"""
324,"Статья К.Э. Циолковского ""Сельскохозяйственные работы и потребные моторы""","Article by K. E. Tsiolkovsky ""Agricultural Work and the Motors Required"""
325,Записи опытов К.Э. Циолковского [Нагревание воды с помощью солнечной энергии],Records of experiments by K. E. Tsiolkovsky [Heating water by means of solar energy]
326,"Статья К.Э. Циолковского ""Гипотеза Бора и строение атома""","Article by K. E. Tsiolkovsky ""Bohr's Hypothesis and the Structure of the Atom"""
327,"Статья К.Э. Циолковского ""Солнечная энергия и её применение. Энергия солнечного лучеиспускания. [Статья 1]""","Article by K. E. Tsiolkovsky ""Solar Energy and Its Application. The Energy of Solar Radiation. [Article 1]"""
328,"Статья К.Э. Циолковского ""Значение основных наук о веществе""","Article by K. E. Tsiolkovsky ""The Significance of the Basic Sciences of Matter"""
329,"Статья К.Э. Циолковского ""Образование Земли: суши, атмосферы растений и животных. [Земля и её наносы. 2-я переделка]""","Article by K. E. Tsiolkovsky ""The Formation of the Earth: Land, Atmosphere, Plants and Animals. [The Earth and Its Deposits. 2nd Reworking]"""
330,"Статья К.Э. Циолковского ""Солнечная энергия и её применение. Устройство жилищ в сухих и жарких пустынях [Статья 3]""","Article by K. E. Tsiolkovsky ""Solar Energy and Its Application. The Arrangement of Dwellings in Dry and Hot Deserts [Article 3]"""
331,"Статья К.Э. Циолковского ""Солнечная энергия и её применение. Простой солнечный нагреватель и его применение к двигателю, кухне и др. целям. [Статья 4]"". Две редакции","Article by K. E. Tsiolkovsky ""Solar Energy and Its Application. A Simple Solar Heater and Its Application to an Engine, a Stove, etc. [Article 4]"". Two versions"
332,"Статья К.Э. Циолковского ""Солнечная энергия и её применение. Вода в безводных и безоблачных пустынях. [Статья 2]""","Article by K. E. Tsiolkovsky ""Solar Energy and Its Application. Water in Waterless and Cloudless Deserts. [Article 2]"""
333,"Статья К.Э. Циолковского ""Земля. Часть 1. Прошедшее земли""","Article by K. E. Tsiolkovsky ""The Earth. Part 1. The Earth's Past"""
334,"Статья К.Э. Циолковского ""Земля. Часть 3. Будущее Земли [человека]""","Article by K. E. Tsiolkovsky ""The Earth. Part 3. The Future of the Earth [of Man]"""
335,"Таблицы К.Э. Циолковского ""Земля. Выписки и выводы""","Tables by K. E. Tsiolkovsky ""The Earth. Extracts and Conclusions"""
336,"Статья К.Э. Циолковского ""Земля. Часть 2. Современное состояние Земли""","Article by K. E. Tsiolkovsky ""The Earth. Part 2. The Present State of the Earth"""
337,"Фрагменты статьи К.Э. Циолковского ""Примеры применения моего алфавита к языкам: русскому, немецкому, французскому и английскому [при употреблении 27 фигур]""","Fragments of the article by K. E. Tsiolkovsky ""Examples of the Application of My Alphabet to Languages: Russian, German, French and English [Using 27 Figures]"""
338,"Статья К.Э. Циолковского ""Обратимость физических явлений""","Article by K. E. Tsiolkovsky ""The Reversibility of Physical Phenomena"""
339,"Статья К.Э. Циолковского ""Обратимость явлений""","Article by K. E. Tsiolkovsky ""The Reversibility of Phenomena"""
340,"Набросок статьи К.Э. Циолковского ""Одноатомный водород""","Sketch of the article by K. E. Tsiolkovsky ""Monatomic Hydrogen"""
341,"Статья К.Э. Циолковского ""Обратимость химических явлений"" [не окончена]","Article by K. E. Tsiolkovsky ""The Reversibility of Chemical Phenomena"" [unfinished]"
342,"Статья К.Э. Циолковского ""Земля и её энергия"" [2 редакции]","Article by K. E. Tsiolkovsky ""The Earth and Its Energy"" [2 versions]"
343,"Статья К.Э. Циолковского ""Свойства вещества""","Article by K. E. Tsiolkovsky ""The Properties of Matter"""
344,"Статья К.Э. Циолковского ""Упругость твердых тел"". Фотокопия","Article by K. E. Tsiolkovsky ""The Elasticity of Solid Bodies"". Photocopy"
345,"Описание конструкции К.Э. Циолковского ""Слуховая труба"" и рисунок слуховой трубы","Description of the construction by K. E. Tsiolkovsky ""The Ear Trumpet"" and drawing of the ear trumpet"
346,"Статья К.Э. Циолковского ""Дирижабль и реактивный прибор против земных катастроф""","Article by K. E. Tsiolkovsky ""The Dirigible and the Reactive Device against Earthly Catastrophes"""
347,"Статья К.Э. Циолковского ""Возможен ли вечный двигатель?""","Article by K. E. Tsiolkovsky ""Is a Perpetual Motion Machine Possible?"""
348,"Статья К.Э. Циолковского ""Батарейная воздуходувка для домн""","Article by K. E. Tsiolkovsky ""Battery Air Blower for Blast Furnaces"""
349,"Статья К.Э. Циолковского ""Дальнобойные орудия""","Article by K. E. Tsiolkovsky ""Long-Range Guns"""
350,"Статья К.Э. Циолковского ""Беседы о Земле. Пояснения""","Article by K. E. Tsiolkovsky ""Conversations about the Earth. Explanations"""
351,"Статья К.Э. Циолковского ""Земная энергия""","Article by K. E. Tsiolkovsky ""Earthly Energy"""
352,"Статья К.Э. Циолковского ""Отчего усложняется или упрощается материя""","Article by K. E. Tsiolkovsky ""Why Matter Becomes More Complex or Simpler"""
353,"Статья К.Э. Циолковского ""Вещество""","Article by K. E. Tsiolkovsky ""Substance"""
354,"Статья К.Э. Циолковского ""Невидимые частицы вещества""","Article by K. E. Tsiolkovsky ""Invisible Particles of Matter"""
355,"Статья К.Э. Циолковского ""Основные физические гипотезы""","Article by K. E. Tsiolkovsky ""Basic Physical Hypotheses"""
356,"Статья К.Э. Циолковского ""Простой охладитель комнатного воздуха для жаркого времени года""","Article by K. E. Tsiolkovsky ""A Simple Room Air Cooler for the Hot Season"""
357,"Статья К.Э. Циолковского ""Освоение жарких пустынь""","Article by K. E. Tsiolkovsky ""The Development of Hot Deserts"""
358,"Статья К.Э. Циолковского ""Общие условия транспорта""","Article by K. E. Tsiolkovsky ""General Conditions of Transport"""
359,"Статья К.Э. Циолковского ""Волнолом и извлечение энергии из морских волн""","Article by K. E. Tsiolkovsky ""Breakwater and the Extraction of Energy from Sea Waves"""
360,"Фрагменты статьи К.Э. Циолковского ""Общеевропейская азбука""","Fragments of the article by K. E. Tsiolkovsky ""The Pan-European Alphabet"""
361,"Статья К.Э. Циолковского ""Энергия вообще""","Article by K. E. Tsiolkovsky ""Energy in General"""
362,"Статья К.Э. Циолковского ""Рельсовый автопоезд""","Article by K. E. Tsiolkovsky ""Rail Road Train"""
363,"Статья К.Э. Циолковского ""Наибольшая глубина погружения океанской батисферы""","Article by K. E. Tsiolkovsky ""The Maximum Depth of Submersion of an Oceanic Bathysphere"""
364,"Статья К.Э. Циолковского ""Величина погружения океанской батисферы"". [Сокращенно и доступно]","Article by K. E. Tsiolkovsky ""The Depth of Submersion of an Oceanic Bathysphere"". [Abridged and accessible]"
365,"Статья К.Э. Циолковского ""Обратимость явлений вообще""","Article by K. E. Tsiolkovsky ""The Reversibility of Phenomena in General"""
366,"Отрывок статьи К.Э. Циолковского ""Кинетическая теория света. Плотность эфира и его свойства""","Extract of the article by K. E. Tsiolkovsky ""The Kinetic Theory of Light. The Density of the Ether and Its Properties"""
367,Отрывки из статей К.Э. Циолковского о солнечной энергии,Extracts from articles by K. E. Tsiolkovsky on solar energy
368,"Статья К.Э. Циолковского ""Программа транспорта""","Article by K. E. Tsiolkovsky ""Transport Program"""
369,"Описание К.Э. Циолковским ""[Пишущая машина]"" и чертежи пишущей машины. Фрагменты","Description by K. E. Tsiolkovsky of ""[Typewriter]"" and drawings of a typewriter. Fragments"
370,"Отрывок К.Э. Циолковского ""Космические явления обратимости""","Extract by K. E. Tsiolkovsky ""Cosmic Phenomena of Reversibility"""
371,"Отрывок К.Э. Циолковского ""Атом водорода""","Extract by K. E. Tsiolkovsky ""The Hydrogen Atom"""
372,[Молитва] К.Э. Циолковского,[Prayer] by K. E. Tsiolkovsky
373,"Статья К.Э. Циолковского ""Научные основания религии""","Article by K. E. Tsiolkovsky ""The Scientific Foundations of Religion"""
374,Разъяснения молитвы господней и выражение её живыми словами К.Э. Циолковского,Explanations of the Lord's Prayer and its expression in living words by K. E. Tsiolkovsky
375,"Статья К.Э. Циолковского ""Этика или естественные основы нравственности""","Article by K. E. Tsiolkovsky ""Ethics, or the Natural Foundations of Morality"""
376,"Статья К.Э. Циолковского ""Будущее Земли и человека. [Технический и научный прогресс будущего]""","Article by K. E. Tsiolkovsky ""The Future of the Earth and Man. [Technical and Scientific Progress of the Future]"""
377,"Статья К.Э. Циолковского ""Преобладание человека над животными""","Article by K. E. Tsiolkovsky ""Man's Predominance over Animals"""
378,"Статья К.Э. Циолковского ""Развитие тела и души""","Article by K. E. Tsiolkovsky ""The Development of Body and Soul"""
379,"Наброски К.Э. Циолковского ""Разные статьи"" и конспекты отдельных статей","Sketches by K. E. Tsiolkovsky ""Various Articles"" and abstracts of individual articles"
380,"Конспект работы К.Э. Циолковского ""Приключения души""","Abstract of the work by K. E. Tsiolkovsky ""The Adventures of the Soul"""
381,"Статья К.Э. Циолковского ""Наука и вера""","Article by K. E. Tsiolkovsky ""Science and Faith"""
382,"Статья К.Э. Циолковского ""Идеальный строй жизни""","Article by K. E. Tsiolkovsky ""The Ideal Order of Life"""
383,"Статья К.Э. Циолковского ""Человек. Свойства человека""","Article by K. E. Tsiolkovsky ""Man. Properties of Man"""
384,"Статья К.Э. Циолковского ""Философия знания""","Article by K. E. Tsiolkovsky ""The Philosophy of Knowledge"""
385,"Статья К.Э. Циолковского ""Устройство человечества""","Article by K. E. Tsiolkovsky ""The Structure of Humanity"""
386,Христианство. Евангелие Матвея с комментариями К.Э. Циолковского,Christianity. The Gospel of Matthew with comments by K. E. Tsiolkovsky
387,"Набросок статьи К.Э. Циолковского ""Приключения духа""","Sketch of an article by K. E. Tsiolkovsky ""The Adventures of the Spirit"""
388,"Статья К.Э. Циолковского ""Устройство людей на земле""","Article by K. E. Tsiolkovsky ""The Arrangement of People on Earth"""
389,"Статья К.Э. Циолковского ""Какой тип желателен?""","Article by K. E. Tsiolkovsky ""What Type Is Desirable?"""
390,"Статья К.Э. Циолковского ""Общественный строй""","Article by K. E. Tsiolkovsky ""Social Order"""
391,"Статья К.Э. Циолковского ""Происхождение законов"". Не окончена","Article by K. E. Tsiolkovsky ""The Origin of Laws"". Not finished"
392,"Статья К.Э. Циолковского ""Эволюция представлений о божестве""","Article by K. E. Tsiolkovsky ""The Evolution of Conceptions of the Deity"""
393,"[Резюме] ""Мои взгляды"" [к ""Этике"". Послесловие]","[Summary] ""My Views"" [to ""Ethics"". Afterword]"
394,"Статья К.Э. Циолковского ""Свобода воли""","Article by K. E. Tsiolkovsky ""Freedom of the Will"""
395,"Статья К.Э. Циолковского ""Миражи будущего общественного устройства""","Article by K. E. Tsiolkovsky ""Mirages of the Future Social Order"""
396,"Статья К.Э. Циолковского ""Первопричина""","Article by K. E. Tsiolkovsky ""The First Cause"""
397,"Статья К.Э. Циолковского ""Приключение атома""","Article by K. E. Tsiolkovsky ""The Adventure of the Atom"""
398,"Статья К.Э. Циолковского ""Гений среди людей""","Article by K. E. Tsiolkovsky ""A Genius Among People"""
399,"Предисловие К.Э. Циолковского ""Утописты"" ко 2-й части работы ""Богатства вселенной""","Preface by K. E. Tsiolkovsky ""The Utopians"" to Part 2 of the work ""The Riches of the Universe"""
400,Хронологический порядок социальных сочинений К.Э. Циолковского,Chronological order of the social works of K. E. Tsiolkovsky
401,"Статья К.Э. Циолковского ""Общественные установления, их преимущества и недостатки""","Article by K. E. Tsiolkovsky ""Social Institutions, Their Advantages and Disadvantages"""
402,"Статья К.Э. Циолковского ""Человек. Мысль и изобретение""","Article by K. E. Tsiolkovsky ""Man. Thought and Invention"""
403,"Набросок статьи К.Э. Циолковского ""Постепенность законов для обществ разных категорий""","Sketch of an article by K. E. Tsiolkovsky ""The Gradualness of Laws for Societies of Different Categories"""
404,"Статья К.Э. Циолковского ""Христианство. Жизнь галилейского учителя [Христа] по описанию ученика его Ивана""","Article by K. E. Tsiolkovsky ""Christianity. The Life of the Galilean Teacher [Christ] as Described by His Disciple John"""
405,"Перечень работ К.Э. Циолковского ""Общественное устройство"" по социологии за 1903 - 1919 гг. и их оглавления","List of the works of K. E. Tsiolkovsky ""Social Structure"" on sociology for 1903 - 1919 and their tables of contents"
406,"Предисловие к ""Социологии"" К.Э. Циолковского","Preface to ""Sociology"" by K. E. Tsiolkovsky"
407,"Статья К.Э. Циолковского ""Христианство. Палестина - родина Великого учителя""","Article by K. E. Tsiolkovsky ""Christianity. Palestine - the Homeland of the Great Teacher"""
408,"Статья К.Э. Циолковского ""Христианство. Предание о жизни и учении Христа по Луке"". Не окончена","Article by K. E. Tsiolkovsky ""Christianity. The Tradition of the Life and Teaching of Christ According to Luke"". Not finished"
409,"Статья К.Э. Циолковского ""Христианство. Воскрешение галилейского плотника""","Article by K. E. Tsiolkovsky ""Christianity. The Resurrection of the Galilean Carpenter"""
410,"Статья К.Э. Циолковского ""Христианство. Предание о жизни и учении галлилейского учителя Иисуса по Марку""","Article by K. E. Tsiolkovsky ""Christianity. The Tradition of the Life and Teaching of the Galilean Teacher Jesus According to Mark"""
411,"Статья К.Э. Циолковского ""Первобытная космогония""","Article by K. E. Tsiolkovsky ""Primitive Cosmogony"""
412,План речи К.Э. Циолковского,Plan of a speech by K. E. Tsiolkovsky
413,"Программа лекций К.Э. Циолковского ""Философия знания""","Program of lectures by K. E. Tsiolkovsky ""Philosophy of Knowledge"""
414,"Статья К.Э. Циолковского ""Система знаний. [Хлеб, жилища, одежда]"". [Не окончена]","Article by K. E. Tsiolkovsky ""The System of Knowledge. [Bread, Dwellings, Clothing]"". [Not finished]"
415,"Статья К.Э. Циолковского ""Начало организации общества""","Article by K. E. Tsiolkovsky ""The Beginning of the Organization of Society"""
416,"Статья К.Э. Циолковского ""Ступени человечества и преобразование земли"". [1-й вариант]","Article by K. E. Tsiolkovsky ""The Steps of Mankind and the Transformation of the Earth"". [1st variant]"
417,"Статья К.Э. Циолковского ""Ступени человечества и преобразование земли"". [2-й вариант]","Article by K. E. Tsiolkovsky ""The Steps of Mankind and the Transformation of the Earth"". [2nd variant]"
418,"Статья К.Э. Циолковского ""Общечеловеческие меры""","Article by K. E. Tsiolkovsky ""Universal Human Measures"""
419,"Статья К.Э. Циолковского ""Непротивление""","Article by K. E. Tsiolkovsky ""Non-resistance"""
420,"Статья К.Э. Циолковского ""Пифагор. [Фантазия]""","Article by K. E. Tsiolkovsky ""Pythagoras. [A Fantasy]"""
421,"Статья К.Э. Циолковского ""Человек. Воображение [или цена мысли]""","Article by K. E. Tsiolkovsky ""Man. Imagination [or the Price of Thought]"""
422,"Статья К.Э. Циолковского ""Человек. Полюсы человеческих качеств""","Article by K. E. Tsiolkovsky ""Man. The Poles of Human Qualities"""
423,"Статья К.Э. Циолковского ""Спокойствие и радость""","Article by K. E. Tsiolkovsky ""Calm and Joy"""
424,"Статья К.Э. Циолковского ""Не может погаснуть жизнь""","Article by K. E. Tsiolkovsky ""Life Cannot Be Extinguished"""
425,"Отрывок К.Э. Циолковского ""Паспорт, ярлык, девиз, резюме, взгляд, содержание книги"". [Предисловие к ""Монизму""]","Extract by K. E. Tsiolkovsky ""Passport, Label, Motto, Summary, View, Contents of the Book"". [Preface to ""Monism""]"
426,"Статья К.Э. Циолковского ""Христианство. Заповеди Моисея""","Article by K. E. Tsiolkovsky ""Christianity. The Commandments of Moses"""
427,"Статья К.Э. Циолковского ""Прошедшее и будущее камней, вещей, растений, животных и человека""","Article by K. E. Tsiolkovsky ""The Past and Future of Stones, Things, Plants, Animals and Man"""
428,"Статья К.Э. Циолковского ""Механичность мира...""","Article by K. E. Tsiolkovsky ""The Mechanicalness of the World..."""
429,"Статья К.Э. Циолковского ""Судьба мыслителей""","Article by K. E. Tsiolkovsky ""The Fate of Thinkers"""
430,План всеобнимающего сочинения. [План общего сочинения или план всех работ] К.Э. Циолковского,Plan of an all-embracing work. [Plan of a general work or plan of all works] by K. E. Tsiolkovsky
431,"Статья К.Э. Циолковского ""Живая вселенная""","Article by K. E. Tsiolkovsky ""The Living Universe"""
432,"Статья К.Э. Циолковского ""О душе, о духе и о причине""","Article by K. E. Tsiolkovsky ""On the Soul, on the Spirit and on the Cause"""
433,"Статья К.Э. Циолковского ""Человек. Темнота людей""","Article by K. E. Tsiolkovsky ""Man. The Darkness of People"""
434,Благодарность К.Э. Циолковского,Gratitude of K. E. Tsiolkovsky
435,"Статья К.Э. Циолковского ""Радость без расплаты""","Article by K. E. Tsiolkovsky ""Joy without Payment"""
436,План жизни [К монизму] К.Э. Циолковского,Plan of life [Toward Monism] by K. E. Tsiolkovsky
437,"Статья К.Э. Циолковского ""Радость и страдание""","Article by K. E. Tsiolkovsky ""Joy and Suffering"""
438,"Статья К.Э. Циолковского ""Монизм космоса в отношении радости и горя""","Article by K. E. Tsiolkovsky ""The Monism of the Cosmos in Relation to Joy and Grief"""
439,"Статья К.Э. Циолковского ""Разговор двух натуралистов о прошедшем и будущем ""Я""","Article by K. E. Tsiolkovsky ""A Conversation of Two Naturalists on the Past and Future of the 'I'"""
440,"Статья К.Э. Циолковского ""Мои идеи монизма в 1924 г.""","Article by K. E. Tsiolkovsky ""My Ideas of Monism in 1924"""
441,"Статья К.Э. Циолковского ""Галилейский плотник. [Сущность евангельских преданий]""","Article by K. E. Tsiolkovsky ""The Galilean Carpenter. [The Essence of the Gospel Traditions]"""
442,"Отрывок К.Э. Циолковского ""Что надо доказать? [К статье ""Космос""]""","Extract by K. E. Tsiolkovsky ""What Needs to Be Proved? [Toward the Article ""Cosmos""]"""
443,"Набросок статьи К.Э. Циолковского ""Есть ли бог?""","Sketch of an article by K. E. Tsiolkovsky ""Is There a God?"""
444,"Отрывок К.Э. Циолковского ""Воля""","Extract by K. E. Tsiolkovsky ""Will"""
445,"Статья К.Э. Циолковского ""Новая этика. [Из монизма]""","Article by K. E. Tsiolkovsky ""New Ethics. [From Monism]"""
446,"Статья К.Э. Циолковского ""Христианство. Оценка галилейского учителя Иисуса""","Article by K. E. Tsiolkovsky ""Christianity. An Evaluation of the Galilean Teacher Jesus"""
447,"Статья К.Э. Циолковского ""Надо как можно скорее получить счастье на земле""","Article by K. E. Tsiolkovsky ""One Must Obtain Happiness on Earth as Soon as Possible"""
448,"Отрывки и наброски К.Э. Циолковского ""Прибавки""","Extracts and sketches by K. E. Tsiolkovsky ""Additions"""
449,Монизм К.Э. Циолковского,Monism by K. E. Tsiolkovsky
450,"Статья К.Э. Циолковского ""Преобразования""","Article by K. E. Tsiolkovsky ""Transformations"""
451,"Статья К.Э. Циолковского ""Научная этика""","Article by K. E. Tsiolkovsky ""Scientific Ethics"""
452,"[К монизму] К.Э. Циолковского ""Атомы""","[Toward Monism] by K. E. Tsiolkovsky ""Atoms"""
453,"Статья К.Э. Циолковского ""Исключительно""","Article by K. E. Tsiolkovsky ""Exclusively"""
454,"Статья К.Э. Циолковского ""Целомудрие"" [не окончена]","Article by K. E. Tsiolkovsky ""Chastity"" [unfinished]"
455,"Отрывки статьи К.Э. Циолковского ""Горе человечества""","Extracts of an article by K. E. Tsiolkovsky ""The Grief of Mankind"""
456,"Набросок статьи К.Э. Циолковского ""Двигатели прогресса""","Sketch of an article by K. E. Tsiolkovsky ""The Engines of Progress"""
457,Научная нравственность К.Э. Циолковского и предисловие к ней,Scientific Morality by K. E. Tsiolkovsky and a preface to it
458,Попытка составить план самого важнейшего для человека [Планы] К.Э. Циолковского,An attempt to draw up a plan of the most important thing for man [Plans] by K. E. Tsiolkovsky
459,"Наброски разных статей К.Э. Циолковского ""Основы объединения человечества. К понятию о Христианском боге. Компромисс. Мысли разные к монизму"" и добавлений к ранее написанным статьям","Sketches of various articles by K. E. Tsiolkovsky ""The Foundations of the Unification of Mankind. Toward the Concept of the Christian God. Compromise. Various Thoughts toward Monism"" and additions to previously written articles"
460,"Отрывки статьи К.Э. Циолковского ""Формулы общественного устройства""","Extracts of an article by K. E. Tsiolkovsky ""Formulas of Social Structure"""
461,К монизму К.Э. Циолковского. Добавление к статье Монизм,Toward Monism by K. E. Tsiolkovsky. An addition to the article Monism
462,"Статья К.Э. Циолковского ""Теорема жизни. [Как дополнение и пояснение к монизму]""","Article by K. E. Tsiolkovsky ""The Theorem of Life. [As a Supplement and Clarification to Monism]"""
463,"Статья К.Э. Циолковского ""Ответ тов. Федоренко"" для журнала ""Хочу все знать""","Article by K. E. Tsiolkovsky ""Reply to Comrade Fedorenko"" for the journal ""I Want to Know Everything"""
464,"Статья К.Э. Циолковского ""Что делать на земле""","Article by K. E. Tsiolkovsky ""What to Do on Earth"""
465,"Статья К.Э. Циолковского ""Странный случай""","Article by K. E. Tsiolkovsky ""A Strange Case"""
466,"Статья К.Э. Циолковского ""Совершенство жизни вселенной""","Article by K. E. Tsiolkovsky ""The perfection of the life of the universe"""
467,Жизнь. [Письма] К.Э. Циолковского,Life. [Letters] of K. E. Tsiolkovsky
468,"Статья К.Э. Циолковского ""Перечисление открытых мною новых истин""","Article by K. E. Tsiolkovsky ""Enumeration of new truths discovered by me"""
469,"Отрывок статьи К.Э. Циолковского ""Руководители человечества""","Extract from the article by K. E. Tsiolkovsky ""Leaders of humanity"""
470,"Статья К.Э. Циолковского ""Человек. Жизнь человечества"" [не окончена]","Article by K. E. Tsiolkovsky ""Man. The life of humanity"" [unfinished]"
471,"Статья К.Э. Циолковского ""Как сохранить бодрость""","Article by K. E. Tsiolkovsky ""How to preserve vigor"""
472,Пояснение к монизму и этике К.Э. Циолковского,Explanation of the monism and ethics of K. E. Tsiolkovsky
473,"Статья К.Э. Циолковского ""Право на земле""","Article by K. E. Tsiolkovsky ""Right on earth"""
474,"Статья К.Э. Циолковского ""Зачем работать""","Article by K. E. Tsiolkovsky ""Why work"""
475,"Статья К.Э. Циолковского ""Происхождение музыки и её сущность""","Article by K. E. Tsiolkovsky ""The origin of music and its essence"""
476,"Статья К.Э. Циолковского ""Законы будущего или предельные законы"" [не окончена]","Article by K. E. Tsiolkovsky ""Laws of the future, or limiting laws"" [unfinished]"
477,"Статья К.Э. Циолковского ""Есть ли бог""","Article by K. E. Tsiolkovsky ""Is there a god"""
478,"Статья К.Э. Циолковского ""Что надо знать""","Article by K. E. Tsiolkovsky ""What must be known"""
479,"Статья К.Э. Циолковского ""К монизму. Вопросы и ответы""","Article by K. E. Tsiolkovsky ""Toward monism. Questions and answers"""
480,"Статья К.Э. Циолковского ""Круги новых познаний""","Article by K. E. Tsiolkovsky ""Circles of new knowledge"""
481,"Отрывок статьи К.Э. Циолковского ""Много или мало земли нужно одному человеку?""","Extract from the article by K. E. Tsiolkovsky ""Does one person need much or little land?"""
482,"Статья К.Э. Циолковского ""Есть ли духи?""","Article by K. E. Tsiolkovsky ""Are there spirits?"""
483,"Отрывок статьи К.Э. Циолковского ""Из свойств вещества. [Свойства космоса]""","Extract from the article by K. E. Tsiolkovsky ""From the properties of matter. [Properties of the cosmos]"""
484,"Статья К.Э. Циолковского ""Свойства космоса"" [не окончена]","Article by K. E. Tsiolkovsky ""Properties of the cosmos"" [unfinished]"
485,"Статья К.Э. Циолковского ""Ничего нет [Мысли безбожника]""","Article by K. E. Tsiolkovsky ""There is nothing [Thoughts of an atheist]"""
486,"Статья К.Э. Циолковского ""Космос есть животное""","Article by K. E. Tsiolkovsky ""The cosmos is an animal"""
487,"Статья К.Э. Циолковского ""Условная истина""","Article by K. E. Tsiolkovsky ""Conditional truth"""
488,"Статья К.Э. Циолковского ""Господство жизни и разума""","Article by K. E. Tsiolkovsky ""The dominance of life and reason"""
489,"Статья К.Э. Циолковского ""Абсолютная истина. [Высшая истина]""","Article by K. E. Tsiolkovsky ""Absolute truth. [Higher truth]"""
490,"Статья К.Э. Циолковского ""Технический прогресс земли""","Article by K. E. Tsiolkovsky ""Technical progress of the earth"""
491,"Отрывок К.Э. Циолковского ""Моя философия""","Extract by K. E. Tsiolkovsky ""My philosophy"""
492,"Статья К.Э. Циолковского ""Социалистическое строительство"" и предисловие к ней","Article by K. E. Tsiolkovsky ""Socialist construction"" and a preface to it"
493,"1-й вариант статьи К.Э. Циолковского ""Есть ли бог?""","1st variant of the article by K. E. Tsiolkovsky ""Is there a god?"""
494,"2-й вариант статьи ""Есть ли бог?""","2nd variant of the article ""Is there a god?"""
495,"Статья К.Э. Циолковского ""Род или характеристика познания""","Article by K. E. Tsiolkovsky ""Genus or characteristic of cognition"""
496,"Статья К.Э. Циолковского ""Ложная мудрость. [Отрывок софистики]""","Article by K. E. Tsiolkovsky ""False wisdom. [Extract of sophistry]"""
497,"Статья К.Э. Циолковского ""Бесконечность""","Article by K. E. Tsiolkovsky ""Infinity"""
498,"Статья К.Э. Циолковского ""Простые мысли о вечности материи и чувства""","Article by K. E. Tsiolkovsky ""Simple thoughts on the eternity of matter and feeling"""
499,"Статья К.Э. Циолковского ""Вселенная""","Article by K. E. Tsiolkovsky ""The universe"""
500,"Статья К.Э. Циолковского ""Права и обязанности человека""","Article by K. E. Tsiolkovsky ""Rights and duties of man"""
501,"Статья К.Э. Циолковского ""Вселенная без орудий исследования и науки""","Article by K. E. Tsiolkovsky ""The universe without instruments of research and science"""
502,"Статья К.Э. Циолковского ""Существа выше человека""","Article by K. E. Tsiolkovsky ""Beings higher than man"""
503,"Статья К.Э. Циолковского ""Разум космоса и разум её существ""","Article by K. E. Tsiolkovsky ""The mind of the cosmos and the mind of its beings"""
504,"Статья К.Э. Циолковского ""Вероятность рождения и вероятность высшей жизни и чувства""","Article by K. E. Tsiolkovsky ""The probability of birth and the probability of higher life and feeling"""
505,"Статья К.Э. Циолковского ""Граждане вселенной""","Article by K. E. Tsiolkovsky ""Citizens of the universe"""
506,"Статья К.Э. Циолковского ""Радость смерти""","Article by K. E. Tsiolkovsky ""The Joy of Death"""
507,Порядок космической философии К.Э. Циолковского,The Order of Cosmic Philosophy of K. E. Tsiolkovsky
508,"Статья К.Э. Циолковского ""Планеты заселены живыми существами""","Article by K. E. Tsiolkovsky ""Planets Are Inhabited by Living Beings"""
509,"Статья К.Э. Циолковского ""Права и обязанности существ""","Article by K. E. Tsiolkovsky ""Rights and Duties of Beings"""
510,"Отрывок статьи К.Э. Циолковского ""Вечная деятельность вселенной""","Extract of article by K. E. Tsiolkovsky ""Eternal Activity of the Universe"""
511,"Статья К.Э. Циолковского ""Разговор [диалог] о праве на землю""","Article by K. E. Tsiolkovsky ""Conversation [dialogue] on the Right to Land"""
512,"Статья К.Э. Циолковского ""Непрерывность жизни"" в форме диалога","Article by K. E. Tsiolkovsky ""Continuity of Life"" in the form of a dialogue"
513,"Статья К.Э. Циолковского ""Натуральные основы""","Article by K. E. Tsiolkovsky ""Natural Foundations"""
514,"Статья К.Э. Циолковского ""Научные основы мышления""","Article by K. E. Tsiolkovsky ""Scientific Foundations of Thinking"""
515,"Статья К.Э. Циолковского ""Демократия и иерархия"" [не окончена]","Article by K. E. Tsiolkovsky ""Democracy and Hierarchy"" [unfinished]"
516,"Статья К.Э. Циолковского ""Значение индустрии""","Article by K. E. Tsiolkovsky ""The Significance of Industry"""
517,"Статья К.Э. Циолковского ""Земная этика""","Article by K. E. Tsiolkovsky ""Earthly Ethics"""
518,"Статья К.Э. Циолковского ""Вместо злорадства - ликвидация несовершенного и эгоистического сострадания""","Article by K. E. Tsiolkovsky ""Instead of Malicious Joy — the Liquidation of Imperfect and Egoistic Compassion"""
519,"Статья К.Э. Циолковского ""Оценка людей""","Article by K. E. Tsiolkovsky ""Evaluation of People"""
520,"Статья К.Э. Циолковского ""Свет и тьма поколений""","Article by K. E. Tsiolkovsky ""Light and Darkness of Generations"""
521,"Статья К.Э. Циолковского ""Долголетие""","Article by K. E. Tsiolkovsky ""Longevity"""
522,"Статья К.Э. Циолковского ""Что чувствует?""","Article by K. E. Tsiolkovsky ""What Feels?"""
523,"Заметка К.Э. Циолковского ""Какое правительство я считаю лучшим [индивидуальная истина]""","Note by K. E. Tsiolkovsky ""What Government I Consider Best [individual truth]"""
524,"Статья К.Э. Циолковского ""В каком порядке происходит открытие или изобретение""","Article by K. E. Tsiolkovsky ""In What Order Does Discovery or Invention Occur"""
525,"Статья К.Э. Циолковского ""Вероятность жизни""","Article by K. E. Tsiolkovsky ""Probability of Life"""
526,"Статья К.Э. Циолковского ""Права материи и низших существ и обязанности высших""","Article by K. E. Tsiolkovsky ""Rights of Matter and Lower Beings and Duties of Higher Beings"""
527,"Статья К.Э. Циолковского ""Блуждание материи при жизни одного существа""","Article by K. E. Tsiolkovsky ""Wandering of Matter During the Life of a Single Being"""
528,"Статья К.Э. Циолковского ""Почему во вселенной царствует разум и могущество""","Article by K. E. Tsiolkovsky ""Why Reason and Might Reign in the Universe"""
529,"Статья К.Э. Циолковского ""Совершенство законов вселенной""","Article by K. E. Tsiolkovsky ""Perfection of the Laws of the Universe"""
530,"Статья К.Э. Циолковского ""Выводы из моих ""Монизма"" и ""Этики""","Article by K. E. Tsiolkovsky ""Conclusions from My 'Monism' and 'Ethics'"""
531,"Статья К.Э. Циолковского ""Свет и тени"" [не окончена]","Article by K. E. Tsiolkovsky ""Light and Shadows"" [unfinished]"
532,"Статья К.Э. Циолковского ""Ощущение, жизнь, смерть""","Article by K. E. Tsiolkovsky ""Sensation, Life, Death"""
533,"Статья К.Э. Циолковского ""Сомнительность всякой философии""","Article by K. E. Tsiolkovsky ""The Doubtfulness of All Philosophy"""
534,"Заметка К.Э. Циолковского ""Мои идеи о вселенной...""","Note by K. E. Tsiolkovsky ""My Ideas About the Universe..."""
535,"Статья К.Э. Циолковского ""Необходимость космической точки зрения""","Article by K. E. Tsiolkovsky ""The Necessity of a Cosmic Point of View"""
536,"Статья К.Э. Циолковского ""Непротивление или борьба""","Article by K. E. Tsiolkovsky ""Non-Resistance or Struggle"""
537,"Статья К.Э. Циолковского ""Космическая философия""","Article by K. E. Tsiolkovsky ""Cosmic Philosophy"""
538,Конспект космической философии К.Э. Циолковского,Synopsis of Cosmic Philosophy by K. E. Tsiolkovsky
539,Ответ К.Э. Циолковского А.А. Лебедеву,Reply by K. E. Tsiolkovsky to A. A. Lebedev
540,"Заметка К.Э. Циолковского ""Доказано""","Note by K. E. Tsiolkovsky ""Proven"""
541,"Схема философских течений К.Э. Циолковского ""Философия""","Diagram of Philosophical Currents by K. E. Tsiolkovsky ""Philosophy"""
542,Фрагменты философских работ К.Э. Циолковского,Fragments of Philosophical Works by K. E. Tsiolkovsky
543,"Статья К.Э. Циолковского ""Обзор моих работ с 1881 до 1911 гг. [30 лет]""","Article by K. E. Tsiolkovsky ""Review of My Works from 1881 to 1911 [30 Years]"""
544,"Обзор работ К.Э. Циолковского ""Характеристика моих работ по социологии и философии""","Review of Works by K. E. Tsiolkovsky ""Characterization of My Works on Sociology and Philosophy"""
545,"Обзор работ К.Э. Циолковского ""Характеристика некоторых неизданных еще трудов автора, сделанная им самим. Общий дух работ""","Review of Works by K. E. Tsiolkovsky ""Characterization of Some of the Author's Still Unpublished Works, Made by Himself. General Spirit of the Works"""
546,Попытки концентрическими кругами уяснить направление и ценность моих работ К.Э. Циолковского,"K. E. Tsiolkovsky's attempts, in concentric circles, to grasp the direction and value of my works"
547,"Краткий очерк К.Э. Циолковского ""Направление работ""","K. E. Tsiolkovsky's brief essay ""Direction of the Works"""
548,Записки К.Э. Циолковского о своих научных трудах,K. E. Tsiolkovsky's notes on his own scientific works
549,"Очерк К.Э. Циолковского ""Краткое содержание моих трудов [в хронол. порядке]""","K. E. Tsiolkovsky's essay ""Brief Summary of My Works [in chronological order]"""
550,"Обзор работ К.Э. Циолковского ""Некоторые изданные работы К.Э. Циолковского [в хронологическом порядке]""","K. E. Tsiolkovsky's survey of his works ""Some Published Works of K. E. Tsiolkovsky [in chronological order]"""
551,"Краткое изложение основных направлений работы К.Э. Циолковского ""К каким новым выводам я пришел""","Brief statement of the main directions of K. E. Tsiolkovsky's work ""What New Conclusions I Have Reached"""
552,"Характеристика печатных работ К.Э. Циолковского ""Мои труды""","K. E. Tsiolkovsky's characterization of his printed works ""My Works"""
553,Обзор трудов К.Э. Циолковского,Survey of K. E. Tsiolkovsky's works
554,"Список работ К.Э. Циолковского ""Юбилейный сборник"" для юбилейного сборника","List of K. E. Tsiolkovsky's works ""Jubilee Collection"" for the jubilee collection"
555,"Набросок К.Э. Циолковского ""Предметы моих работ""","K. E. Tsiolkovsky's sketch ""Subjects of My Works"""
556,"Список работ К.Э. Циолковского ""Некоторые журнальные работы К.Э. Циолковского за последние три года"" за 1931 - 1933 гг","List of K. E. Tsiolkovsky's works ""Some Journal Works of K. E. Tsiolkovsky over the Last Three Years"" for 1931-1933"
557,"Перечень статей К.Э. Циолковского ""Список кратких неизданных писем ""для друзей""","List of K. E. Tsiolkovsky's articles ""List of Brief Unpublished Letters ""for Friends"""""
558,Над чем я работаю К.Э. Циолковского,"What I Am Working On, by K. E. Tsiolkovsky"
559,"Перечень сочинений, подготовленных К.Э. Циолковским к печати, но не изданных",List of works prepared by K. E. Tsiolkovsky for print but not published
560,"Предисловие к работам К.Э. Циолковского ""Из предисловия к моим трудам""","Preface to K. E. Tsiolkovsky's works ""From the Preface to My Works"""
561,Предисловие ко всем моим трудам К.Э. Циолковского,K. E. Tsiolkovsky's preface to all my works
562,"Фрагмент заметки К.Э. Циолковского ""Что не упустить в издании""","Fragment of K. E. Tsiolkovsky's note ""What Not to Miss in the Edition"""
563,"Набросок предложения К.Э. Циолковского ""А lа Чехов"" об издании популярных очерков о строении космоса","K. E. Tsiolkovsky's draft proposal ""A la Chekhov"" for the publication of popular essays on the structure of the cosmos"
564,"Отзыв К.Э. Циолковского ""Новое о нервной системе"" о труде Б.Б. Кажинского","K. E. Tsiolkovsky's review ""New on the Nervous System"" of the work of B. B. Kazhinsky"
565,"Отзыв К.Э. Циолковского ""Опыт исследования механизма природы"" о сочинении С.И. Квятковского","K. E. Tsiolkovsky's review ""An Attempt at Studying the Mechanism of Nature"" of the work of S. I. Kvyatkovsky"
566,"Отзыв К.Э. Циолковского ""Жизнь во вселенной"" о машинописи Л.Л. Андреенко","K. E. Tsiolkovsky's review ""Life in the Universe"" of the typescript of L. L. Andreenko"
567,"Набросок отзыва К.Э. Циолковского ""К статье тов. Г. Торчинского""","K. E. Tsiolkovsky's draft review ""On the Article by Comrade G. Torchinsky"""
568,"Отзыв К.Э. Циолковского ""Мнение о трудах и деятельности профессора Александра Григорьевича Воробьева""","K. E. Tsiolkovsky's review ""Opinion on the Works and Activity of Professor Alexander Grigorievich Vorobyev"""
569,"[Отзыв] К.Э. Циолковского ""Автобиографические черты"" [о книге Я.И. Перельмана]","[Review] by K. E. Tsiolkovsky ""Autobiographical Features"" [on the book by Ya. I. Perelman]"
570,"Черновики, записки, заметки и фрагменты работ К.Э. Циолковского","Drafts, notes, jottings and fragments of K. E. Tsiolkovsky's works"
571,"Черновики работ, служившие К.Э. Циолковскому обложками для других его работ, заметок и статей","Drafts of works that served K. E. Tsiolkovsky as covers for his other works, notes and articles"
572,"Чертежи, таблицы испытаний [воздушного корабля] ЦМ-1 (3 серия), составленные К.Э. Циолковским","Drawings, test tables [of the airship] TsM-1 (series 3), compiled by K. E. Tsiolkovsky"
573,Инструкция по расчету оснований оболочки дирижабля К.Э. Циолковского,Instructions for calculating the foundations of the airship envelope by K. E. Tsiolkovsky
574,Инструкция по расчету оболочки оснований дирижабля К.Э. Циолковского на изгиб горизонтальной плоскости,Instructions for calculating the envelope of the airship foundations by K. E. Tsiolkovsky for bending in the horizontal plane
575,Предварительный проект воздушного корабля ДЦ-12-4 объемом 6722 куб. м. системы К.Э. Циолковского,"Preliminary design of the airship DTs-12-4 with a volume of 6722 cubic m, system of K. E. Tsiolkovsky"
576,Предварительный проект воздушного корабля ДЦ-12-4 объемом 6722 куб. м. системы К.Э. Циолковского,"Preliminary design of the airship DTs-12-4 with a volume of 6722 cubic m, system of K. E. Tsiolkovsky"
577,Предварительный проект воздушного корабля ДЦ-12-4 объемом 6722 куб. м. системы К.Э. Циолковского,"Preliminary design of the airship DTs-12-4 with a volume of 6722 cubic m, system of K. E. Tsiolkovsky"
578,"Чертежи, фотографии, таблицы испытаний [воздушного корабля] ЦМ-12, составленные К.Э. Циолковским","Drawings, photographs, test tables [of the airship] TsM-12, compiled by K. E. Tsiolkovsky"
579,"Объяснительная записка К.Э.Циолковского к построению эпюр загрузок, перерезывающих сил и сгибающих моментов для корабля ДЦ-12","K. E. Tsiolkovsky's explanatory note on the construction of diagrams of loads, shear forces and bending moments for the ship DTs-12"
580,"Таблицы и обоснования схемы построения обвода оболочки корабля ДЦ-12, составленные К.Э. Циолковским","Tables and justifications of the scheme for constructing the contour of the ship DTs-12's envelope, compiled by K. E. Tsiolkovsky"
581,"Геометрический расчет оболочки корабля ДЦ-12, сделанный К.Э. Циолковским","Geometric calculation of the ship DTs-12's envelope, made by K. E. Tsiolkovsky"
582,"Чертежи поперечного сечения трехдольного корабля ДЦ-12, сделанные К.Э. Циолковским","Drawings of the cross-section of the three-lobed ship DTs-12, made by K. E. Tsiolkovsky"
583,"Геометрический расчет оболочки корабля ДЦ-12-5, сделанный К.Э.Циолковским","Geometric calculation of the envelope of ship DTs-12-5, made by K. E. Tsiolkovsky"
584,"Чертежы, расчетные таблицы К.Э. Циолковского по статическому загружению корабля на уровне моря с максимальным загружением",Drawings and calculation tables of K. E. Tsiolkovsky on the static loading of the ship at sea level with maximum loading
585,"Геометрический расчет корпуса трехдольного корабля ДЦ-12, сделанный К.Э. Циолковским","Geometric calculation of the hull of the three-lobe ship DTs-12, made by K. E. Tsiolkovsky"
586,"Расчет оперения корабля ДЦ-12, сделанный К.Э. Циолковским","Calculation of the tail assembly of the ship DTs-12, made by K. E. Tsiolkovsky"
587,"Таблицы и чертежи по определению ширины основания в зависимости от радиуса, кривизны и минимального сверхдавления для оболочки дирижабля ДЦ-12-4, сделанные К.Э. Циолковским","Tables and drawings on the determination of the base width depending on radius, curvature and minimum overpressure for the envelope of the airship DTs-12-4, made by K. E. Tsiolkovsky"
588,Чертежи и таблицы К.Э Циолковского по расчету весового баланса трехдольного корабля ДЦ-12,Drawings and tables of K. E. Tsiolkovsky on the calculation of the weight balance of the three-lobe ship DTs-12
589,"Чертежи оболочки трехдольного корабля ДЦ-12, сделанные К.Э. Циолковским","Drawings of the envelope of the three-lobe ship DTs-12, made by K. E. Tsiolkovsky"
590,"Чертежи общих видов к техническому проекту корабля ДЦ-12, сделанные К.Э. Циолковским","Drawings of general views for the technical project of the ship DTs-12, made by K. E. Tsiolkovsky"
591,"Чертежи и таблицы расчетов касательных натяжений в гофре оболочки корабля ДЦ-12, сделанные К.Э. Циолковским","Drawings and tables of calculations of tangential tensions in the envelope corrugation of the ship DTs-12, made by K. E. Tsiolkovsky"
592,"Определение проекций ширины и стрелки прогиба основания корабля ДЦ-12, произведенное К.Э. Циолковским","Determination of the projections of the width and the sag arrow of the base of the ship DTs-12, carried out by K. E. Tsiolkovsky"
593,"Чертежи К.Э. Циолковского: подвеска моторной гондолы, подвеска гондолы управления, шахта и шлюзы","Drawings of K. E. Tsiolkovsky: suspension of the engine gondola, suspension of the control gondola, shaft and locks"
594,Чертежи форм поперечного сечения в месте крепления оперения корабля ДЦ-12 и пояснения К.Э. Циолковского,Drawings of cross-section shapes at the attachment point of the tail assembly of the ship DTs-12 and explanations of K. E. Tsiolkovsky
595,"Чертежи и таблицы натяжения подвески в миделе Ц 8, сделанные К.Э. Циолковским","Drawings and tables of suspension tension at the midship of Ts 8, made by K. E. Tsiolkovsky"
596,"Фрагмент автобиографии К.Э. Циолковского ""Фатум, судьба, рок""","Fragment of the autobiography of K. E. Tsiolkovsky ""Fatum, Fate, Doom"""
597,Автобиография К.Э. Циолковского,Autobiography of K. E. Tsiolkovsky
598,"Записки К.Э. Циолковского ""Автобиографические черты""","Notes of K. E. Tsiolkovsky ""Autobiographical Traits"""
599,"Записки К.Э. Циолковского ""Из моей жизни""","Notes of K. E. Tsiolkovsky ""From My Life"""
600,"Анкета К.Э. Циолковского, заполненная им при поступлении на должность консультанта Базы опытного строительства и эксплуатации дирижаблей (БОСЭД), и краткая автобиография","Questionnaire of K. E. Tsiolkovsky, filled out by him upon taking the post of consultant of the Base of Experimental Construction and Operation of Airships (BOSED), and a short autobiography"
601,Учетная карточка К.Э. Циолковского как члена Секции научных работников,Registration card of K. E. Tsiolkovsky as a member of the Section of Scientific Workers
602,Краткая автобиография К.Э. Циолковского,Short autobiography of K. E. Tsiolkovsky
603,"Записки К.Э. Циолковского ""Черты автобиографии""","Notes of K. E. Tsiolkovsky ""Traits of an Autobiography"""
604,"Записки К.Э. Циолковского ""Моя жизнь. Черты из автобиографии""","Notes of K. E. Tsiolkovsky ""My Life. Traits from an Autobiography"""
605,"Анкета К.Э. Циолковского, заполненная им по просьбе редакции ""Технического бюллетеня"" Дирижаблестроя","Questionnaire of K. E. Tsiolkovsky, filled out by him at the request of the editorial board of the ""Technical Bulletin"" of Dirizhablestroy"
606,Автобиография К.Э. Циолковского,Autobiography of K. E. Tsiolkovsky
607,"Фрагменты автобиографии К.Э. Циолковского ""К этапам жизни""","Fragments of the autobiography of K. E. Tsiolkovsky ""To the Stages of Life"""
608,Членская карточка К.Э. Циолковского в Союзе эсперантистов Советских республик,K. E. Tsiolkovsky's membership card in the Union of Esperantists of the Soviet Republics
609,"Предисловие К.Э. Циолковского к автобиографии ""Почему из меня не вышел деятельный революционер""","Preface by K. E. Tsiolkovsky to the autobiography ""Why I Did Not Become an Active Revolutionary"""
610,"Воспоминания К.Э. Циолковкого ""Черты из моей жизни"" (1-я редакция)","Reminiscences of K. E. Tsiolkovsky ""Traits from My Life"" (1st redaction)"
611,"Воспоминания К.Э. Циолковкого ""Черты из моей жизни"" ( 2-я редакция)","Reminiscences of K. E. Tsiolkovsky ""Traits from My Life"" (2nd redaction)"
612,"Записки К.Э. Циолковского ""Странные совпадения или даты моей жизни нравственного характера""","Notes of K. E. Tsiolkovsky ""Strange Coincidences, or the Dates of My Life of a Moral Character"""
613,Варианты писем К.Э. Циолковского об издании его автобиографии,Variants of letters of K. E. Tsiolkovsky on the publication of his autobiography
614,"Критические замечания К.Э. Циолковского на статью Д.И. Малинина ""Биография Циолковского""","K. E. Tsiolkovsky's critical remarks on D. I. Malinin's article ""Biography of Tsiolkovsky"""
615,"Замечания К.Э. Циолковского ""По поводу моей биографии, приложенной к первому тому моих трудов (""Цельнометрический дирижабль"") и написанной почтенным профессором Моисеевым""","Remarks of K. E. Tsiolkovsky ""Concerning My Biography, Appended to the First Volume of My Works (""The All-Metal Airship"") and Written by the Esteemed Professor Moiseev"""
616,Послужной список К.Э. Циолковского,Service record of K. E. Tsiolkovsky
617,Ходатайство директора народных училищ Калужской губернии попечителю Московского учебного округа об утверждении К.Э. Циолковского в должности учителя высшего начального училища,Petition of the director of public schools of Kaluga province to the trustee of the Moscow educational district for the confirmation of K. E. Tsiolkovsky in the post of teacher of a higher primary school
618,"Заявление К.Э. Циолковского о вступлении в члены Калужского общества изучения природы, анкеты, заполненные при вступлении, список печатных и рукописных трудов","Statement of K. E. Tsiolkovsky on joining the membership of the Kaluga Society for the Study of Nature, questionnaires filled out upon joining, list of printed and manuscript works"
619,"Библиография трудов К.Э. Циолковского и работ, посвященных ученому",Bibliography of the works of K. E. Tsiolkovsky and of works devoted to the scientist
620,Письма председателя Русского общества любителей мироведения Н.А. Морозова К.Э. Циолковскому об избрании его почетным членом Общества и извещения о заседаниях секций,Letters of the chairman of the Russian Society of Lovers of World Studies N. A. Morozov to K. E. Tsiolkovsky on his election as honorary member of the Society and notices of section meetings
621,"Письма Калужского районного совета ОСОАВИАХИМа К.Э. Циолковскому об избрании его почетным членом Совета, о его выступлении с докладом по дирижаблестроению и приглашением на открытие ""Дома обороны""","Letters of the Kaluga District Council of OSOAVIAKHIM to K. E. Tsiolkovsky on his election as honorary member of the Council, on his presentation of a report on airship construction, and an invitation to the opening of the ""House of Defense"""
622,"Письма, извещения и бюллетень Харьковского общества друзей и любителей астрономии об избрании К.Э. Циолковского почетным членом Общества и приглашения на заседания","Letters, notices and bulletin of the Kharkov Society of Friends and Amateurs of Astronomy on the election of K. E. Tsiolkovsky as honorary member of the Society and invitations to meetings"
623,"Извещение Комиссии по научному воздухоплаванию об избрании К.Э. Циолковского почетным членом Комиссии и приглашение на заседание, посвященное обзору его трудов",Notice of the Commission on Scientific Aeronautics on the election of K. E. Tsiolkovsky as honorary member of the Commission and an invitation to the meeting devoted to a review of his works
624,Телеграмма Уральского ОСОАВИАХИМа К.Э. Циолковскому с поздравлением по случаю юбилея,Telegram of the Ural OSOAVIAKHIM to K. E. Tsiolkovsky with congratulations on the occasion of his jubilee
625,Поздравление АН СССР К.Э. Циолковскому в связи с 50-летием его научной деятельности и черновик ответного письма К.Э. Циолковского,"Congratulation of the USSR Academy of Sciences to K. E. Tsiolkovsky in connection with the 50th anniversary of his scientific activity, and a draft of K. E. Tsiolkovsky's reply letter"
626,"Выписки из протоколов Центрального совета ОСОАВИАХИМа СССР и Президиума Мособлисполкома, обращение Юбилейной комиссии о праздновании 75-летия К.Э. Циолковского","Extracts from the protocols of the Central Council of OSOAVIAKHIM of the USSR and the Presidium of the Moscow Regional Executive Committee, an appeal of the Jubilee Commission on the celebration of the 75th anniversary of K. E. Tsiolkovsky"
627,"Приглашение правления Калужского общества ""Потребитель"" К.Э. Циолковскому на общее собрание членов Общества","Invitation of the board of the Kaluga Society ""Consumer"" to K. E. Tsiolkovsky to a general meeting of the Society's members"
628,"Извещения Калужского общества изучения природы и местного края об очередных общих собраниях общества, присланные К.Э. Циолковскому","Notices from the Kaluga Society for the Study of Nature and the Local Region about regular general meetings of the society, sent to K. E. Tsiolkovsky"
629,Письмо Калужского губернского отдела Ассоциации изобретателей К.Э. Циолковскому с приглашением на организационное собрание изобретателей,Letter from the Kaluga provincial department of the Association of Inventors to K. E. Tsiolkovsky inviting him to an organizational meeting of inventors
630,Письмо [Калужского губернского отдела] ДВФ К.Э. Циолковскому с приглашением на открытие авиа-уголка в Калуге,Letter from [the Kaluga provincial department of] the DVF to K. E. Tsiolkovsky inviting him to the opening of an aviation corner in Kaluga
631,Телеграмма начальника Воздушной академии К.Э. Циолковскому с приглашением на празднование 10-летия Академии,Telegram from the head of the Air Academy to K. E. Tsiolkovsky inviting him to the celebration of the 10th anniversary of the Academy
632,"Письмо Ленинградского института инженеров путей сообщения К.Э. Циолковскому с приглашением на торжественное заседание, посвященное 20-летию преподавания в Институте авиации и воздухоплавания",Letter from the Leningrad Institute of Railway Engineers to K. E. Tsiolkovsky inviting him to a ceremonial meeting devoted to the 20th anniversary of teaching at the Institute of Aviation and Aeronautics
633,"Письмо Московского землячества бывших участников Гражданской войны, красногвардейцев и красных партизан К.Э. Циолковскому с приглашением принять участие в юбилее, посвященном заслуженному летчику СССР Б.И. Россинскому","Letter from the Moscow association of former participants of the Civil War, Red Guards and Red partisans to K. E. Tsiolkovsky inviting him to take part in the jubilee devoted to the Honored Pilot of the USSR B. I. Rossinsky"
634,"Письма изобретателей Макса Вальера, инженера Гофмана, Н.А. Рынина в Выставочный комитет Межпланетной секции изобретателей об открытии выставки","Letters from the inventors Max Valier, engineer Hoffmann, N. A. Rynin to the Exhibition Committee of the Interplanetary Section of Inventors about the opening of the exhibition"
635,Телеграмма Управления делами СНК СССР К.Э. Циолковскому с приглашением на заседание Комиссии по вопросу трансарктического воздухоплавания,Telegram from the Administrative Office of the Council of People's Commissars of the USSR to K. E. Tsiolkovsky inviting him to a meeting of the Commission on the question of transarctic aeronautics
636,"Библиографические заметки К.Э. Циолковского, адреса корреспондентов, запись о смерти сына Ивана","Bibliographic notes by K. E. Tsiolkovsky, addresses of correspondents, a record of the death of his son Ivan"
637,"Записи К.Э. Циолковского о состоянии здоровья, о работах, отправленных Л.Б. Шершевскому, библиографические заметки","Notes by K. E. Tsiolkovsky on his state of health, on works sent to L. B. Shershevsky, bibliographic notes"
638,"Приходо-расходная книжка К.Э. Циолковского, записи о построении модели металлической оболочки дирижабля (задача № 4), записи расходов и расписки","Income-expense book of K. E. Tsiolkovsky, notes on the construction of a model of the metal shell of a dirigible (problem No. 4), records of expenses and receipts"
639,"Тетрадь с вычислениями, денежными расчетами и заметками К.Э. Циолковского","Notebook with calculations, money calculations and notes by K. E. Tsiolkovsky"
640,"Выписки из книг, наброски писем, заметки о планах работ К.Э Циолковского","Excerpts from books, drafts of letters, notes on plans of work by K. E. Tsiolkovsky"
641,"Записи К.Э. Циолковского об отправленных работах, адреса посетителей и корреспондентов","Notes by K. E. Tsiolkovsky on works sent out, addresses of visitors and correspondents"
642,"Черновики писем К.Э. Циолковского, заметки о проведении опытов, адреса отдельных лиц и учреждений, записи об отосланных книгах","Drafts of letters by K. E. Tsiolkovsky, notes on the conducting of experiments, addresses of individual persons and institutions, records of books sent out"
643,"Выдержки из писем, полученных К.Э. Циолковским, списки отосланной корреспонденции, адреса отдельных лиц и учреждений","Extracts from letters received by K. E. Tsiolkovsky, lists of correspondence sent out, addresses of individual persons and institutions"
644,"Записи адресов редакций журналов, учреждений и отдельных лиц, сделанные К.Э. Циолковским","Records of addresses of journal editorial offices, institutions and individual persons, made by K. E. Tsiolkovsky"
645,Тетрадь К.Э. Циолковского с записями адресов посетителей,Notebook of K. E. Tsiolkovsky with records of addresses of visitors
646,"Заметки и мысли К.Э. Циолковского о построении модели дирижабля, список иностранных научных учреждений и адреса посетителей","Notes and thoughts by K. E. Tsiolkovsky on the construction of a model of a dirigible, a list of foreign scientific institutions and addresses of visitors"
647,"Записи К.Э. Циолковского о прочтенных книгах, о работах по построению модели дирижабля, о состоянии здоровья; адреса учреждений, посетителей и корреспондентов","Notes by K. E. Tsiolkovsky on books read, on work on the construction of a model of a dirigible, on his state of health; addresses of institutions, visitors and correspondents"
648,Тетрадь К.Э. Циолковского с записями и автографами посетителей,Notebook of K. E. Tsiolkovsky with records and autographs of visitors
649,Тетрадь К.Э. Циолковского с записями адресов посетителей и корреспондентов,Notebook of K. E. Tsiolkovsky with records of addresses of visitors and correspondents
650,"Заметки К.Э. Циолковского о книге Беляева ""Прыжок в ничто"", набросок автобиографии, адреса посетителей и сведения об отосланных работах","Notes by K. E. Tsiolkovsky on Belyaev's book ""Leap into Nothing"", a draft of an autobiography, addresses of visitors and information on works sent out"
651,Ответ К.Э. Циолковского на письмо Пасс о выборе специальности,Reply by K. E. Tsiolkovsky to a letter from Pass on the choice of a specialty
652,"Тексты надписей К.Э. Циолковского на фотографиях, переданных им Я.И. Перельману в 1928 г",Texts of inscriptions by K. E. Tsiolkovsky on photographs given by him to Ya. I. Perelman in 1928
653,"Статьи и заметки К.Э. Циолковского, а также посвященные ему, опубликованные в русской дореволюционной прессе","Articles and notes by K. E. Tsiolkovsky, and also devoted to him, published in the Russian pre-revolutionary press"
654,"Статьи и заметки К.Э. Циолковского, а также посвященные ему, опубликованные в русской дореволюционной прессе","Articles and notes by K. E. Tsiolkovsky, and also devoted to him, published in the Russian pre-revolutionary press"
655,"Выписки из протоколов заседаний СНК РСФСР и переписка К.Э. Циолковского с Управлением делами СНК СССР, Советом труда и обороны, Осоавиахимом о пенсионном обеспечении","Extracts from the minutes of meetings of the Council of People's Commissars of the RSFSR and correspondence of K. E. Tsiolkovsky with the Administrative Office of the Council of People's Commissars of the USSR, the Council of Labor and Defense, Osoaviakhim on pension provision"
656,Письмо Киевского научно-технического совета в Президиум Киевского городского Совнархоза о переезде К.Э. Циолковского из Калуги на жительство в г. Киев,Letter from the Kiev Scientific-Technical Council to the Presidium of the Kiev City Sovnarkhoz on the move of K. E. Tsiolkovsky from Kaluga to live in the city of Kiev
657,Письмо председателя Калужского общества изучения природы и местного края в Научно-технический совет Киевского губсовнархоза о действиях представителя Совета т. Федорова в связи с предполагаемым переездом К.Э. Циолковского в г. Киев,Letter from the chairman of the Kaluga Society for the Study of Nature and the Local Region to the Scientific-Technical Council of the Kiev Gubsovnarkhoz on the actions of the Council's representative comrade Fedorov in connection with the proposed move of K. E. Tsiolkovsky to the city of Kiev
658,Выписка из протокола заседания Комиссии по снабжению рабочих при Наркомпроде и докладная записка К.Э. Циолковского о предоставлении ему академического пайка,Extract from the minutes of a meeting of the Commission for the Supply of Workers under Narkomprod and a memorandum by K. E. Tsiolkovsky on granting him an academic ration
659,"Описание истории получения академического пайка К.Э. Циолковским (""История академического пайка""), отзывы учреждений и отдельных лиц о научных работах К.Э. Циолковского","Description of the history of K. E. Tsiolkovsky's receipt of an academic ration (""The History of the Academic Ration""), opinions of institutions and individual persons on the scientific works of K. E. Tsiolkovsky"
660,Письмо К.Э. Циолковского в Союз Осоавиахим по поводу постановления о прекращении выдачи ему заработной платы,Letter from K. E. Tsiolkovsky to the Union of Osoaviakhim concerning the resolution on the discontinuation of the payment of his salary
661,Письмо К.Э. Циолковского в Калужский Исполнительный комитет об обмене дома,Letter from K. E. Tsiolkovsky to the Kaluga Executive Committee on the exchange of the house
662,Письмо К.Э. Циолковского в Осоавиахим с благодарностью за присланный велосипед,Letter from K. E. Tsiolkovsky to Osoaviakhim with thanks for the bicycle sent
663,"Письма Калужской секции наcучных работников К.Э. Циолковскому по хозяйственным вопросам (о получении охранной жилищной грамоты, керосина и др.)","Letters from the Kaluga section of scientific workers to K. E. Tsiolkovsky on household matters (on obtaining a housing protection certificate, kerosene, etc.)"
664,"Доверенности К.Э. Циолковского, выданные т. Солодкову Г.И. на ведение издательских, судебных и др. дел и договор Г.И. Солодкова с Госмашметиздатом","Powers of attorney of K. E. Tsiolkovsky, issued to comrade G. I. Solodkov for the conduct of publishing, legal and other affairs, and the contract of G. I. Solodkov with Gosmashmetizdat"
665,Письмо К.Э. Циолковского в Комиссию содействия ученым при СНК СССР о предоставлении комнаты Г.И. Солодкову,Letter from K. E. Tsiolkovsky to the Commission for Assistance to Scientists under the Council of People's Commissars of the USSR on granting a room to G. I. Solodkov
666,Письмо и рапорт военного представителя Военно-технического управления РККА по поводу ходатайства о предоставлении К.Э. Циолковскому более благоприятных условий для работы,Letter and report of the military representative of the Military-Technical Directorate of the RKKA concerning the petition for providing K. E. Tsiolkovsky with more favorable conditions for work
667,Письмо Союза Осоавиахим СССР К.Э. Циолковскому о переводе ему одной тысячи рублей для улучшения условий работы и копия распоряжения о перечислении денежных средств,"Letter of the Osoaviakhim Union of the USSR to K. E. Tsiolkovsky about the transfer to him of one thousand rubles for improving working conditions, and a copy of the order for the transfer of funds"
668,"Выписка из постановления Президиума Калужского горсовета, отношение Управления ВВС РККА в Президиум Осоавиахима и Калужский райвоенкомат, заявление К.Э. Циолковского об улучшении жилищных условий ученого","Extract from the resolution of the Presidium of the Kaluga City Soviet, communication of the Air Force Directorate of the RKKA to the Presidium of Osoaviakhim and the Kaluga District Military Commissariat, statement of K. E. Tsiolkovsky on improving the scientist's living conditions"
669,Завещание К.Э. Циолковского,Will of K. E. Tsiolkovsky
670,Письма Всесоюзного общества изобретателей К.Э. Циолковскому с предложением оказания помощи в связи с болезнью,Letters of the All-Union Society of Inventors to K. E. Tsiolkovsky offering assistance in connection with his illness
671,"Калькуляция стоимости брошюр, издаваемых К.Э. Циолковским за свой счет",Calculation of the cost of brochures published by K. E. Tsiolkovsky at his own expense
672,"Подписной лист на боевую эскадрилью ""Научный работник - обороне СССР"", подписанный К.Э. Циолковским в составе членов Калужской секции научных работников","Subscription sheet for the combat squadron ""Scientific Worker - to the Defense of the USSR,"" signed by K. E. Tsiolkovsky among the members of the Kaluga Section of Scientific Workers"
673,"Очерк Ассонова В.В. ""Друзья К.Э. Циолковского""","Assonov V. V.'s essay ""Friends of K. E. Tsiolkovsky"""
674,Фрагмент мемуаров Ассонова В.В. о К.Э. Циолковском,Fragment of the memoirs of V.V. Assonov about K. E. Tsiolkovsky
675,"Статья Бунескула Е.Г. ""Мои воспоминания о К.Э. Циолковском""","Article by E.G. Buneskul ""My reminiscences of K. E. Tsiolkovsky"""
676,"Воспоминания Кажинского Б.Б. о встречах с К.Э. Циолковским, обсуждении вопроса о передаче мыслей на расстоянии; фрагмент работы ""Биологическая радиосвязь""","Memoirs of B. B. Kazhinsky about meetings with K. E. Tsiolkovsky, discussion of the question of the transmission of thoughts over a distance; extract from the work ""Biological Radio Communication"""
677,"Воспоминания Л. Кассиля о К.Э. Циолковском ""Звездоплаватель и земляки""","Memoirs of L. Kassil about K. E. Tsiolkovsky, ""The Star Voyager and His Fellow Countrymen"""
678,"Статья А.А. Космодемьянского ""К.Э. Циолковский - основоположник современной ракетодинамики""","Article by A.A. Kosmodemyansky ""K. E. Tsiolkovsky, founder of modern rocket dynamics"""
679,"Записи В. Костина (внука К.Э. Циолковского) ""Последние дни дома""","Notes of V. Kostin (grandson of K. E. Tsiolkovsky), ""The Last Days at Home"""
680,"Воспоминания Марии Константиновны Костиной, дочери К.Э. Циолковского","Memoirs of Maria Konstantinovna Kostina, daughter of K. E. Tsiolkovsky"
681,"Воспоминания Муси Костиной, внучки К.Э. Циолковского","Memoirs of Musya Kostina, granddaughter of K. E. Tsiolkovsky"
682,"Очерк Н. Крэн о К.Э. Циолковском ""Калуга""","Essay by N. Cran about K. E. Tsiolkovsky, ""Kaluga"""
683,"Схема ""Потомки К.Э. Циолковского"", составленная [Я.И. Перельманом]","Chart ""Descendants of K. E. Tsiolkovsky,"" compiled by [Ya. I. Perelman]"
684,"Статья Г.В. Пленкова ""Новые материалы о К.Э. Циолковском""","Article by G.V. Plenkov ""New materials about K. E. Tsiolkovsky"""
685,"Статья Я.А. Рапопорта ""Воспоминания о К.Э. Циолковском""","Article by Ya.A. Rapoport ""Reminiscences of K. E. Tsiolkovsky"""
686,"Исследование С.И. Самойловича ""Жизнь и педагогическая деятельность Константина Эдуардовича Циолковского (по документальным материалам)""","Study by S.I. Samoylovich ""The life and pedagogical activity of Konstantin Eduardovich Tsiolkovsky (based on documentary materials)"""
687,Фрагмент воспоминаний врача Н.И. Сироткина о К.Э. Циолковском,Extract from the memoirs of the physician N. I. Sirotkin about K. E. Tsiolkovsky
688,"Стенограмма доклада академика А.Е. Ферсмана ""Циолковский - ученый""","Transcript of the report of academician A. E. Fersman, ""Tsiolkovsky - the Scientist"""
689,"Фрагмент мемуаров М.Е. Филиппова ""О великом ученом К.Э. Циолковском""","Fragment of the memoirs of M.E. Filippov ""On the great scientist K. E. Tsiolkovsky"""
690,Воспоминания жены К.Э. Циолковского В.Е. Циолковской,"Memoirs of the wife of K. E. Tsiolkovsky, V. E. Tsiolkovskaya"
691,Воспоминания дочери К.Э. Циолковского Л.К. Циолковской,"Memoirs of the daughter of K. E. Tsiolkovsky, L. K. Tsiolkovskaya"
692,Воспоминания дочери К.Э. Циолковского Л.К. Циолковской,"Memoirs of the daughter of K. E. Tsiolkovsky, L. K. Tsiolkovskaya"
693,Черновые материалы к воспоминаниям дочери К.Э. Циолковского Л.К. Циолковской,"Draft materials for the memoirs of the daughter of K. E. Tsiolkovsky, L. K. Tsiolkovskaya"
694,"Мои воспоминания, написанные дочерью К.Э. Циолковского Л.К. Циолковской","My reminiscences, written by K. E. Tsiolkovsky's daughter L.K. Tsiolkovskaya"
695,"Фрагмент воспоминаний Л.К. Циолковской ""Циолковский и общественность до и после революции""","Extract from the memoirs of L. K. Tsiolkovskaya, ""Tsiolkovsky and the Public Before and After the Revolution"""
696,"Фрагмент воспоминаний Л.К. Циолковской ""Пьесы из жизни Циолковского""","Fragment of the reminiscences of L.K. Tsiolkovskaya ""Plays from the life of Tsiolkovsky"""
697,Записи А.Л. Чижевского о К.Э. Циолковском,Notes of A. L. Chizhevsky about K. E. Tsiolkovsky
698,"Фрагмент статьи неустановленного автора ""Советские атланты нашего времени поддерживают ""небесный свод"" социализма, советские прометеи 20 века похищают с неба огонь заатмосферных полетов"", посвященной К.Э. Циолковскому","Fragment of an article by an unidentified author, ""The Soviet atlases of our time hold up the 'firmament' of socialism, the Soviet prometheuses of the 20th century steal from the sky the fire of trans-atmospheric flight,"" devoted to K. E. Tsiolkovsky"
699,"Бюллетени о состоянии здоровья К.Э. Циолковского, газетные статьи и заметки, посвященные годовщине смерти ученого","Bulletins on the state of health of K. E. Tsiolkovsky, newspaper articles and notes devoted to the anniversary of the scientist's death"
700,Извещения о смерти К.Э. Циолковского и некрологи,Notices of the death of K. E. Tsiolkovsky and obituaries
701,Соболезнования по поводу смерти К.Э. Циолковского,Condolences on the death of K. E. Tsiolkovsky
702,"Передовая статья газеты ""Правда"", посвященная памяти К.Э. Циолковского",Editorial article of the newspaper Pravda devoted to the memory of K. E. Tsiolkovsky
703,"Статья и заметки в газетах и журналах, посвященные памяти К.Э. Циолковского",Article and notes in newspapers and journals devoted to the memory of K. E. Tsiolkovsky
704,"Калужские газеты ""Знамя"" и ""Молодой ленинец"" со статьями о К.Э. Циолковском",Kaluga newspapers Znamya and Molodoy Leninets with articles about K. E. Tsiolkovsky
705,"Некролог, посвященный К.Э. Циолковскому, опубликованный в первом выпуске журнала ""Ракетная техника""","Obituary devoted to K. E. Tsiolkovsky, published in the first issue of the journal ""Rocket Technology"""
706,"Афиши вечеров и докладов, посвященных памяти К.Э. Циолковского",Posters of evenings and reports devoted to the memory of K. E. Tsiolkovsky
707,"Протокол заседания Совета Всесоюзной выставки изобретательства и рационализации об открытии раздела, посвященного К.Э. Циолковскому",Minutes of the meeting of the Council of the All-Union Exhibition of Invention and Rationalization on the opening of a section devoted to K. E. Tsiolkovsky
708,"Устав, программа и обращение Общества любителей межпланетных сообщений им. К.Э. Циолковского","Charter, program and address of the Society of Lovers of Interplanetary Communications named after K. E. Tsiolkovsky"
709,"Протокол совещания бывших учениц К.Э. Циолковского, воспитанниц Калужского женского епархиального училища с писателем Т.В. Чурилиным по обсуждению сведений и материалов о К.Э. Циолковском","Minutes of a meeting of former pupils of K. E. Tsiolkovsky, alumnae of the Kaluga Women's Diocesan School, with the writer T.V. Churilin, to discuss information and materials about K. E. Tsiolkovsky"
710,"Материалы, связанные с вручением посольству СССР во Франции медали и диплома Французского аэронафтического клуба, присужденных посмертно К.Э. Циолковскому","Materials relating to the presentation to the USSR embassy in France of the medal and diploma of the French Aeronautical Club, awarded posthumously to K. E. Tsiolkovsky"
711,"Переписка В.В. Ассонова, Н.А. Маслова, С.И. Самойловича и др. с Отделом культуры ЦК КПСС, Министерством культуры СССР, киностудией художественных фильмов им. А.М. Горького и др","Correspondence of V.V. Assonov, N.A. Maslov, S.I. Samoylovich and others with the Culture Department of the CPSU Central Committee, the USSR Ministry of Culture, the A.M. Gorky Feature Film Studio, and others"
712,"Переписка В.В. Ассонова, М.Е. Филиппова, Н.А. Маслова и др. с ЦК КПСС, Министерством культуры СССР и др. о выборе проекта и месторасположения музея им. К.Э. Циолковского в Калуге","Correspondence of V.V. Assonov, M.E. Filippov, N.A. Maslov and others with the CPSU Central Committee, the USSR Ministry of Culture and others on the choice of design and location of the K. E. Tsiolkovsky Museum in Kaluga"
713,"Переписка В.В. Ассонова с редакцией калужской газеты ""Знамя"", дирекцией Института истории естествознания и техники АН СССР и др. по поводу статьи С.И. Самойловича ""Циолковский - инженер-конструктор""","Correspondence of V.V. Assonov with the editorial board of the Kaluga newspaper ""Znamya,"" the directorate of the Institute for the History of Natural Science and Technology of the USSR Academy of Sciences, and others, concerning the article by S.I. Samoylovich ""Tsiolkovsky, engineer-designer"""
714,Письмо В.В. Ассонова Б.Н. Воробьеву о роли профессора Н. Анощенко в жизни К.Э. Циолковского,Letter of V. V. Assonov to B. N. Vorobyov about the role of professor N. Anoshchenko in the life of K. E. Tsiolkovsky
715,Фотографии проектов памятников К.Э. Циолковскому,Photographs of projects for monuments to K. E. Tsiolkovsky
716,Плакат с извещением о приеме студентов в дирижаблестроительный институт им. К.Э. Циолковского,Poster with notice of the admission of students to the Airship Construction Institute named after K. E. Tsiolkovsky
717,Отчет о работе Дома-музея К.Э. Циолковского за 1936 год,Report on the work of the House-Museum of K. E. Tsiolkovsky for 1936
718,"Переписка по вопросам организации, оборудования и финансирования Дома-музея им. К.Э. Циолковского","Correspondence on questions of the organization, equipping and financing of the House-Museum named after K. E. Tsiolkovsky"
719,Переписка председателя Комиссии по изданию трудов К.Э. Циолковского Б.Н. Воробьева с начальником Дирижаблестроя и секретарем Калужского райкома ВКП(б),"Correspondence of B. N. Vorobyov, chairman of the Commission for the Publication of the Works of K. E. Tsiolkovsky, with the head of Dirizhablestroy and the secretary of the Kaluga District Committee of the VKP(b)"
720,Письмо С.А. Михайлова о необходимости замены руководителя Музея К.Э. Циолковского более квалифицированным сотрудником,Letter of S. A. Mikhailov on the need to replace the head of the Museum of K. E. Tsiolkovsky with a more qualified employee
721,Переписка председателя Комиссии по разбору и изданию трудов К.Э. Циолковского инженера Б.Н. Воробьева с Л.К. Циолковской по вопросам оборудования Музея К.Э. Циолковского,"Correspondence of the engineer B. N. Vorobyov, chairman of the Commission for the Analysis and Publication of the Works of K. E. Tsiolkovsky, with L. K. Tsiolkovskaya on questions of equipping the Museum of K. E. Tsiolkovsky"
722,Письмо начальника архива НИИ им. К.Э. Циолковского инженера Б.Н. Воробьева директору Дома-музея К.Э. Циолковского об эвакуации музея,"Letter of the head of the archive of the Scientific Research Institute named after K. E. Tsiolkovsky, engineer B. N. Vorobyov, to the director of the House-Museum of K. E. Tsiolkovsky about the evacuation of the museum"
723,"Акт о разрушениях в Доме-музее К.Э. Циолковского, произведенных немецкими фашистами, отчет инженера Б.Н. Воробьева о мерах по восстановлению Музея","Report on damage inflicted on the K. E. Tsiolkovsky House-Museum by the German fascists, engineer B. N. Vorobyev's report on measures for the Museum's restoration"
724,План переустройства экспонатуры Дома-музея К.Э. Циолковского в Калуге,Plan for reorganizing the exhibits of the K. E. Tsiolkovsky House-Museum in Kaluga
725,"Заметка в Калужской областной газеты ""Знамя"" ""Музей пополняется"", посвященная экспозиции Музея К.Э. Циолковского","Note in the Kaluga regional newspaper ""Znamya"" ""The Museum Is Growing"", devoted to the exposition of the K. E. Tsiolkovsky Museum"
726,"Путеводитель по Дому-музею К.Э. Циолковского в Калуге с краткой биографией ученого, составленной Б.А. Монастырцевым",Guidebook to the K. E. Tsiolkovsky House-Museum in Kaluga with a brief biography of the scientist compiled by B. A. Monastyrtsev
727,Путеводитель по Дому-музею К.Э. Циолковского,Guidebook to the K. E. Tsiolkovsky House-Museum
728,Каталог книг Музея К.Э. Циолковского в Калуге,Catalogue of books of the K. E. Tsiolkovsky Museum in Kaluga
729,Фотографии К.Э. Циолковского в детском возрасте (в возрасте 5-6 лет),Photographs of K. E. Tsiolkovsky in childhood (at the age of 5-6 years)
730,Фотопортрет К.Э. Циолковского - учитель Калужского епархиального женского училища в 1908/1909 учебном году,"Photographic portrait of K. E. Tsiolkovsky, teacher of the Kaluga Diocesan Women's College, in the 1908/1909 academic year"
731,Фотопортрет К.Э. Циолковского,Photographic portrait of K. E. Tsiolkovsky
732,Фотопортрет К.Э. Циолковского,Photographic portrait of K. E. Tsiolkovsky
733,Фотопортрет К.Э. Циолковского,Photographic portrait of K. E. Tsiolkovsky
734,Фотографии К.Э. Циолковского среди моделей своего дирижабля,Photographs of K. E. Tsiolkovsky among the models of his airship
735,Фотопортрет К.Э. Циолковского,Photographic portrait of K. E. Tsiolkovsky
736,Фотопортреты К.Э. Циолковского,Photographic portraits of K. E. Tsiolkovsky
737,Фотопортреты К.Э. Циолковского,Photographic portraits of K. E. Tsiolkovsky
738,Фотографии К.Э. Циолковского за работой в своей комнате,Photographs of K. E. Tsiolkovsky at work in his room
739,Фотографии К.Э. Циолковского у токарного станка в своей мастерской,Photographs of K. E. Tsiolkovsky at the lathe in his workshop
740,Фотопортрет К.Э. Циолковского,Photographic portrait of K. E. Tsiolkovsky
741,Фотографии К.Э. Циолковского за работой,Photographs of K. E. Tsiolkovsky at work
742,Фотографии К.Э. Циолковского со своей слуховой трубой,Photographs of K. E. Tsiolkovsky with his ear trumpet
743,Фотографии К.Э. Циолковского в садике своего дома,Photographs of K. E. Tsiolkovsky in the garden of his house
744,Фотопортреты К.Э. Циолковского,Photographic portraits of K. E. Tsiolkovsky
745,"Фотографии К.Э. Циолковского за чтением газет и журналов в своей ""светелке"" и самой ""светелки""","Photographs of K. E. Tsiolkovsky reading newspapers and magazines in his ""little attic room"" and of the ""little attic room"" itself"
746,Фотографии К.Э. Циолковского во время велосипедных прогулок и в загородном саду,Photographs of K. E. Tsiolkovsky during bicycle rides and in the out-of-town garden
747,Фотопортрет К.Э. Циолковского,Photographic portrait of K. E. Tsiolkovsky
748,Фотографии К.Э. Циолковского во время послеобеденного отдыха,Photographs of K. E. Tsiolkovsky during his after-dinner rest
749,Фотография К.Э. Циолковского с дарственной надписью А.Л. Чижевскому,Photograph of K. E. Tsiolkovsky with a dedicatory inscription to A. L. Chizhevsky
750,Фотографии К.Э. Циолковского,Photographs of K. E. Tsiolkovsky
751,Фотографии К.Э. Циолковского в больнице после операции,Photographs of K. E. Tsiolkovsky in the hospital after an operation
752,Фотографии К.Э. Циолковского среди преподавателей Епархиального женского училища,Photographs of K. E. Tsiolkovsky among the teachers of the Diocesan Women's College
753,Фотографии К.Э. Циолковского и А.В. Ассонова в садике дома К.Э. Циолковского,Photographs of K. E. Tsiolkovsky and A. V. Assonov in the garden of K. E. Tsiolkovsky's house
754,Фотографии К.Э. Циолковского в кругу семьи,Photographs of K. E. Tsiolkovsky with his family
755,Фотографии К.Э. Циолковского среди орудий для гофрировки оболочки дирижабля,Photographs of K. E. Tsiolkovsky among tools for corrugating the airship's envelope
756,Фотографии К.Э. Циолковского с внуком В. Костиным в своем саду,Photographs of K. E. Tsiolkovsky with his grandson V. Kostin in his garden
757,"Фотографии К.Э. Циолковского во время беседы с журналистами, с юными авиамоделистами, в кругу детей подросткового санатория ""Сосновый бор"" в Калуге","Photographs of K. E. Tsiolkovsky talking with journalists, with young aircraft-model builders, among children of the ""Sosnovy Bor"" adolescent sanatorium in Kaluga"
758,Фотография К.Э. Циолковского в садике своего дома среди детей,Photograph of K. E. Tsiolkovsky in the garden of his house among children
759,"Фотографии К.Э. Циолковского во время выступлений на торжественных заседаниях, посвященных его юбилею, и с сотрудником газеты ""Коммуна"" Б.А. Монастыревым","Photographs of K. E. Tsiolkovsky speaking at ceremonial meetings devoted to his jubilee, and with B. A. Monastyrev, a staff member of the newspaper ""Kommuna"""
760,"Групповые фотографии К.Э. Циолковского во время беседы с работниками кино, колхозниками, в Доме Красной армии, на трибуне во время демонстрации и среди активистов Калужского общества ""Знание""","Group photographs of K. E. Tsiolkovsky talking with film workers, kolkhoz workers, at the Red Army House, on the tribune during a demonstration, and among activists of the Kaluga ""Znanie"" Society"
761,Фотография К.Э. Циолковского среди работников Калужского театра,Photograph of K. E. Tsiolkovsky among the workers of the Kaluga Theatre
762,Фотография К.Э. Циолковского и Тихонравова,Photograph of K. E. Tsiolkovsky and Tikhonravov
763,Фотоснимки скульптурных портретов К.Э. Циолковского работы скульпторов С.Д. Меркурова и А.Н. Реброва,Photographs of sculptural portraits of K. E. Tsiolkovsky by the sculptors S. D. Merkurov and A. N. Rebrov
764,Фотоснимок портрета К.Э. Циолковского работы калужского художника Любимова,Photograph of a portrait of K. E. Tsiolkovsky by the Kaluga artist Lyubimov
765,Фотографии К.Э. Циолковского в гробу,Photographs of K. E. Tsiolkovsky in his coffin
766,Фотоснимки похорон К.Э. Циолковского,Photographs of K. E. Tsiolkovsky's funeral
767,Фотоснимки Уголка К.Э. Циолковского в Калужском историческом музее,Photographs of the K. E. Tsiolkovsky Corner in the Kaluga Historical Museum
768,"Фотографии модели гидросамолета К.Э. Циолковского ""Летающее крыло"", плаката Калужской организации изобретателей во главе с К.Э. Циолковским и фотовыставки, посвященной К.Э. Циолковскому","Photographs of K. E. Tsiolkovsky's hydroplane model ""Flying Wing"", of a poster of the Kaluga organization of inventors headed by K. E. Tsiolkovsky, and of a photo exhibition dedicated to K. E. Tsiolkovsky"
769,"Фотографии кадров кинофильма ""Космический рейс"", посвященного К.Э. Циолковскому","Photographs of stills from the film ""Space Voyage,"" devoted to K. E. Tsiolkovsky"
770,"Фотоснимок делегации учащихся школы им. К.Э. Циолковского, посетивших ученого в больнице в день его рождения 18 сентября 1935 г","Photograph of a delegation of pupils of the school named after K. E. Tsiolkovsky visiting the scientist in hospital on his birthday, 18 September 1935"
771,"Фотографии дома в Рязани и флигеля во дворе дома, в котором жила семья К.Э. Циолковского",Photographs of the house in Ryazan and the outbuilding in the courtyard of the house in which the family of K. E. Tsiolkovsky lived
772,"Фотографии дома в Калуге, подаренного К.Э. Циолковскому Калужским Горсоветом",Photographs of the house in Kaluga presented to K. E. Tsiolkovsky by the Kaluga City Soviet
773,"Фотографии уголка К.Э. Циолковского в школе и здания средней школы им. К.Э. Циолковского, в которой он преподавал в течение 19 лет физику и математику","Photographs of the Tsiolkovsky corner in the school and of the building of the secondary school named after K. E. Tsiolkovsky, in which he taught physics and mathematics for 19 years"
774,"Фотоснимки митингов, посвященных памяти К.Э. Циолковского",Photographs of meetings dedicated to the memory of K. E. Tsiolkovsky
775,Фотоснимки памятника К.Э. Циолковскому в Загородном саду в г. Калуге [работы архитектора Дмитриева],Photographs of the monument to K. E. Tsiolkovsky in the Zagorodny Garden in Kaluga [by the architect Dmitriev]
776,"Альбом фотоплакатов с портретами К.Э. Циолковского, видами его дома в Калуге, моделями дирижабля, рисунками ракеты др","Album of photo-posters with portraits of K. E. Tsiolkovsky, views of his house in Kaluga, models of the dirigible, drawings of the rocket and others"
777,Фотоснимки стендов в Доме-музее К.Э. Циолковского в Калуге,Photographs of the display stands in the K. E. Tsiolkovsky House-Museum in Kaluga
778,Портрет К.Э. Циолковского,Portrait of K. E. Tsiolkovsky
779,Фотоснимки траурной комнаты в Доме-музее К.Э. Циолковского,Photographs of the memorial room in the K. E. Tsiolkovsky House-Museum
780,"Фотоснимки дома К.Э. Циолковского в Калуге, в котором он жил с семьей в 1904-1933 гг., виды из дома на р. Оку и Заречье","Photographs of K. E. Tsiolkovsky's house in Kaluga, in which he lived with his family in 1904-1933, views from the house of the Oka River and Zarechye"
781,"Фотоснимки дома К.Э. Циолковского в Калуге, в котором он жил с 1892 по 1893 г","Photographs of K. E. Tsiolkovsky's house in Kaluga, in which he lived from 1892 to 1893"
782,"Фотоснимки дома К.Э. Циолковского в Калуге, в котором он жил с 1893 по 1902 г","Photographs of K. E. Tsiolkovsky's house in Kaluga, in which he lived from 1893 to 1902"
783,"Фотоснимок проекта беседки в саду при Музее К.Э. Циолковского в Калуге, в виде эстакады для взлета ракеты","Photograph of the project for a gazebo in the garden of the K. E. Tsiolkovsky Museum in Kaluga, in the form of a launching ramp for a rocket"
784,"Фотографии разрушений, произведенных немцами в Калуге в Доме-музее К.Э. Циолковского",Photographs of the destruction wrought by the Germans in the K. E. Tsiolkovsky House-Museum in Kaluga
785,"Фотопортреты Эдуарда Игнатьевича Циолковского, отца К.Э. Циолковского","Photographic portraits of Eduard Ignatyevich Tsiolkovsky, father of K. E. Tsiolkovsky"
786,"Фотопортреты Марии Ивановны Циолковской (ур. Юмашевой), матери К.Э. Циолковского","Photographic portraits of Maria Ivanovna Tsiolkovskaya (née Yumasheva), mother of K. E. Tsiolkovsky"
787,"Фотография Дмитрия Эдуардовича Циолковского, брата К.Э. Циолковского","Photograph of Dmitry Eduardovich Tsiolkovsky, brother of K. E. Tsiolkovsky"
788,"Фотография Марии Константиновны Циолковской, дочери К.Э. Циолковского","Photograph of Maria Konstantinovna Tsiolkovskaya, daughter of K. E. Tsiolkovsky"
789,"Фотографии Вениамина Костина, внука К.Э. Циолковского","Photographs of Veniamin Kostin, grandson of K. E. Tsiolkovsky"
790,"Фотоснимки родственников К.Э. Циолковского (бабушки, жены, детей и внуков)","Photographs of relatives of K. E. Tsiolkovsky (grandmother, wife, children and grandchildren)"
791,"Фотоснимки друзей и знакомых К.Э. Циолковского (В.В. Рюмина, П.В. Белопольского, В.В. Ассонова, и др.)","Photographs of friends and acquaintances of K. E. Tsiolkovsky (V. V. Ryumin, P. V. Belopolsky, V. V. Assonov, and others)"
792,"Рецензия Д. Кольцова на статью К.Э. Циолковского ""К вопросу о летании посредством крыльев""","D. Koltsov's review of K. E. Tsiolkovsky's article ""On the Question of Flight by Means of Wings"""
793,"Характеристика деятельности К.Э. Циолковского, составленная Н.А. Пановым","Characterization of K. E. Tsiolkovsky's activity, compiled by N.A. Panov"
794,"Предисловие Ф.А. Цандера к статье К.Э. Циолковского ""Новый аэроплан""","F. A. Zander's preface to K. E. Tsiolkovsky's article ""New Airplane"""
795,"Отзыв неизвестного автора на статью К.Э. Циолковского ""Наибольшая глубина погружения Океанской Батисферы"", присланный из Академии наук СССР","Review by an unknown author of K. E. Tsiolkovsky's article ""The Greatest Depth of Submersion of an Oceanic Bathysphere"", sent from the Academy of Sciences of the USSR"
796,Отзывы неустановленных авторов о трудах К.Э. Циолковского,Reviews by unidentified authors of K. E. Tsiolkovsky's works
797,"Копия аттестата Эдуарда Игнатьевича Циолковского, отца К.Э. Циолковского","Copy of the certificate of Eduard Ignatyevich Tsiolkovsky, father of K. E. Tsiolkovsky"
798,Копия письма членов семьи К.Э. Циолковского И.В. Сталину,Copy of a letter from members of K. E. Tsiolkovsky's family to I. V. Stalin
799,Письмо заведующего Мособлздравотделом М. Болдырева Вениамину Костину (внуку К.Э. Циолковского) о поступлении его в учебное заведение,"Letter from M. Boldyrev, head of the Moscow Regional Health Department, to Veniamin Kostin (grandson of K. E. Tsiolkovsky) concerning his admission to an educational institution"
800,Письмо ближайших родственников К.Э. Циолковского в Президиум Центрального совета Осоавиахима с выражением благодарности,Letter from K. E. Tsiolkovsky's closest relatives to the Presidium of the Central Council of Osoaviakhim expressing gratitude
801,Письмо начальника Московского института инженеров гражданского и воздушного флота секретарю Калужского горкома ВКП(б) об оказании помощи членам семьи К.Э. Циолковского в получении дефицитных продуктов,Letter from the head of the Moscow Institute of Civil and Air Fleet Engineers to the secretary of the Kaluga City Committee of the VKP(b) concerning assistance to members of K. E. Tsiolkovsky's family in obtaining scarce goods
802,"Записка Б.Н. Воробьева ""О семье К.Э. Циолковского после его смерти""","Note by B.N. Vorobyov, ""On the family of K. E. Tsiolkovsky after his death"""
803,"Конспекты по различным вопросам истории и философии, составленные для К.Э. Циолковского его дочерью Л.К. Циолковской","Notes on various questions of history and philosophy, compiled for K. E. Tsiolkovsky by his daughter L. K. Tsiolkovskaya"
804,"Материалы по увековечиванию памяти К.Э. Циолковского (программы вечеров, краткая справка-путеводитель по Дому-музею, памятные открытки и конверты)","Materials on perpetuating the memory of K. E. Tsiolkovsky (programs of evenings, a brief reference guide to the House-Museum, memorial postcards and envelopes)"
805,"Брошюра с высказываниями К.Э. Циолковского ""Мысли о будущем"", подготовленная Домом-музеем К.Э. Циолковского","Booklet of K. E. Tsiolkovsky's sayings ""Thoughts about the Future"", prepared by the K. E. Tsiolkovsky House-Museum"
806,"Фотографии строительства моделей дирижабля К.Э. Циолковского, его деталей и приборов","Photographs of the construction of models of K. E. Tsiolkovsky's dirigible, its parts and instruments"
807,"Брошюра ""К.Э. Циолковский о межпланетных сообщениях"", подготовленная Домом-музеем К.Э. Циолковского","Booklet ""K. E. Tsiolkovsky on Interplanetary Communications"", prepared by the K. E. Tsiolkovsky House-Museum"
808,"Письмо (копия) VII отдела Русского технического общества К.Э. Циолковскому и доклад VII отдела о проекте К.Э. Циолковского ""Построение металлического аэростата, способного изменять свой объем""","Letter (copy) from Section VII of the Russian Technical Society to K. E. Tsiolkovsky, and report of Section VII on K. E. Tsiolkovsky's project ""Construction of a metallic balloon capable of changing its volume"""
809,"Заключение VII отдела Русского технического общества о труде К.Э. Циолковского ""Аэростат металлический, управляемый""","Opinion of Section VII of the Russian Technical Society on K. E. Tsiolkovsky's work ""Controllable metallic balloon"""
810,Письмо инженера А.Г. Щавинского из Международного технического бюро К.Э. Циолковскому о реализации проекта строительства цельнометаллического дирижабля,Letter from engineer A.G. Shchavinsky of the International Technical Bureau to K. E. Tsiolkovsky on the realization of the project for building an all-metal airship
811,"Заметка специалистов о проекте К.Э. Циолковского ""Металлический управляемый аэростат на 200 человек""","Note by specialists on K. E. Tsiolkovsky's project ""Metallic controllable balloon for 200 people"""
812,"Письмо Русского технического общества К.Э. Циолковскому о его работе ""О воздушной корабле""","Letter from the Russian Technical Society to K. E. Tsiolkovsky on his work ""On the air vessel"""
813,"Копии писем К.Э. Циолковского в редакции газет ""Новое время"" и ""Новости"" и копии статей из журнала ""Воздухоплаватель"", отражающие полемику с VII отделом Русского технического общества по воздухоплаванию","Copies of letters from K. E. Tsiolkovsky to the editorial boards of the newspapers ""Novoye Vremya"" and ""Novosti,"" and copies of articles from the journal ""Vozdukhoplavatel,"" reflecting the polemic with Section VII of the Russian Technical Society on aeronautics"
814,"Прошение К.Э. Циолковского в Комитет по техническим делам Департамента торговли и мануфактур о выдаче привилегии на изобретение гладкого металлического мешка, изменяющего свой объем и форму",Petition of K. E. Tsiolkovsky to the Committee on Technical Affairs of the Department of Trade and Manufactures for the granting of a privilege for the invention of a smooth metallic bag that changes its volume and shape
815,Копия письма К.Э. Циолковского в Воздухоплавательное отделение Генерального штаба о постройке металлических аэронатов,Copy of a letter from K. E. Tsiolkovsky to the Aeronautical Section of the General Staff on the construction of metallic aeronauts
816,Письма промышленных и торгующих организаций К.Э. Циолковскому о поставке металлов для постройки моделей дирижабля,Letters from industrial and trading organizations to K. E. Tsiolkovsky on the supply of metals for the construction of airship models
817,Письмо К.Э. Циолковского Киевскому обществу построения дирижаблей о порядке работ при реализации проекта оболочки дирижабля,Letter from K. E. Tsiolkovsky to the Kiev Society for the Construction of Airships on the order of work in realizing the project for the airship envelope
818,Письмо К.Э. Циолковского в Комиссию по восстановлению грузоподъемных дирижаблей о проведении работы по строительству дирижабля,Letter from K. E. Tsiolkovsky to the Commission for the Restoration of Load-Carrying Airships on carrying out work on the construction of an airship
819,Письмо К.Э. Циолковского в Народный комиссариат торговли и промышленности и копия ответа К.Э. Циолковского начальнику авиации Южного фронта о постройке дирижаблей,"Letter from K. E. Tsiolkovsky to the People's Commissariat of Trade and Industry, and copy of K. E. Tsiolkovsky's reply to the chief of aviation of the Southern Front, on the construction of airships"
820,"Описание изобретения ""Упрощенный металлический дирижабль"", заявочные свидетельства и переписка К.Э. Циолковского с Комитетом по делам изобретений ВСНХ СССР","Description of the invention ""Simplified metallic airship,"" application certificates, and correspondence of K. E. Tsiolkovsky with the Committee on Inventions of the VSNKh USSR"
821,Протокол общего заседания научно-технической части Главного управления Военно-воздушного флота о металлическом дирижабле К.Э. Циолковского,Minutes of a general meeting of the scientific-technical section of the Main Directorate of the Air Fleet on K. E. Tsiolkovsky's metallic airship
822,Переписка К.Э. Циолковского с Главным управлением Военно-воздушного флота о постройке модели металлического дирижабля,Correspondence of K. E. Tsiolkovsky with the Main Directorate of the Air Fleet on the construction of a model of the metallic airship
823,Переписка К.Э. Циолковского с Ассоциацией натуралистов-самоучек (АССНАТ) о строительстве дирижабля,Correspondence of K. E. Tsiolkovsky with the Association of Self-Taught Naturalists (ASSNAT) on the construction of an airship
824,Переписка К.Э. Циолковского с Ассоциацией натуралистов-самоучек (АССНАТ) о строительстве дирижабля,Correspondence of K. E. Tsiolkovsky with the Association of Self-Taught Naturalists (ASSNAT) about the construction of a dirigible
825,"Переписка К.Э. Циолковского с Реввоенсоветом РСФСР и СССР, о проекте металлического дирижабля, реактивном аэроплане, об издании рукописи, об оказании материальной помощи и др","Correspondence of K. E. Tsiolkovsky with the Revolutionary Military Council of the RSFSR and USSR, about the project of a metal dirigible, a jet aeroplane, about the publication of a manuscript, about the rendering of material assistance, etc."
826,Программа лекции К.Э. Циолковского в Академии воздушного флота о металлическом дирижабле,Program of K. E. Tsiolkovsky's lecture at the Air Fleet Academy about the metal dirigible
827,Письма Объединения государственных предприятий по добыче и обработке цветных металлов (трест Госпромцветмет) К.Э. Циолковскому о поставке металла для постройки моделей дирижабля,Letters of the Association of State Enterprises for the Extraction and Processing of Non-Ferrous Metals (Gospromtsvetmet trust) to K. E. Tsiolkovsky about the supply of metal for the construction of dirigible models
828,Доклад К.Э. Циолковского на собрании сотрудников Военно-воздушной академии им. Н.Е. Жуковского о проекте металлического дирижабля и решение Авиационно-промышленной секции,"Report of K. E. Tsiolkovsky at a meeting of staff of the N. E. Zhukovsky Air Force Academy about the project of a metal dirigible, and the decision of the Aviation-Industrial Section"
829,Выдержки из выступлений на диспуте в Бюро комитета по осуществлению дирижабля Циолковского,Excerpts from speeches at a dispute at the Bureau of the Committee for the Realization of the Tsiolkovsky Dirigible
830,Протокол заседания Бюро съездов Госплана по изучению производительных сил СССР о металлическом дирижабле К.Э. Циолковского,Minutes of a session of the Bureau of Congresses of Gosplan for the Study of the Productive Forces of the USSR about K. E. Tsiolkovsky's metal dirigible
831,"Письмо К.Э. Циолковского ""Для всех учреждений и лиц, прикосновенных к строительству металлических дирижаблей системы К. Циолковского""","Letter of K. E. Tsiolkovsky ""For all institutions and persons involved in the construction of metal dirigibles of K. Tsiolkovsky's system"""
832,"Ответы К.Э. Циолковского на замечания немецкого дирижаблиста, командира ""цеппелинов"", доктора Брунса о дирижабле Циолковского","K. E. Tsiolkovsky's answers to the remarks of the German dirigible pilot, commander of ""zeppelins"", Dr. Bruns, about Tsiolkovsky's dirigible"
833,Выписки из протоколов заседаний президиума Авиационно-промышленной секции и Комиссии по дирижаблестроению Общества содействия авиационно-химическому строительству в СССР о дирижабле Циолковского,Extracts from the minutes of sessions of the presidium of the Aviation-Industrial Section and the Commission on Dirigible Construction of the Society for the Promotion of Aviation-Chemical Construction in the USSR about Tsiolkovsky's dirigible
834,Письма К.Э. Циолковского председателю Антарктической комиссии проф. А.А. Ярилову и в Госплан СССР о модели металлического дирижабля,"Letters of K. E. Tsiolkovsky to the chairman of the Antarctic Commission, prof. A. A. Yarilov, and to Gosplan of the USSR about the model of the metal dirigible"
835,"Ответ К.Э. Циолковского Научно-техническому комитету на вопросы, поставленные в статье ""Вопросы по аэронату Циолковского""","K. E. Tsiolkovsky's answer to the Scientific-Technical Committee on the questions posed in the article ""Questions on Tsiolkovsky's Aeronat"""
836,Письма К.Э. Циолковского в Общество содействия авиационно-химическому строительству в СССР (Авиахим СССР) о проекте дирижабля из волнистого металла на 40 человек,Letters of K. E. Tsiolkovsky to the Society for the Promotion of Aviation-Chemical Construction in the USSR (Aviakhim USSR) about the project of a dirigible of corrugated metal for 40 people
837,"Ответ К.Э. Циолковского на экспертизу 10 мая 1926 г. ""апрельской"" модели дирижабля из волнистого металла","K. E. Tsiolkovsky's answer to the expert examination of 10 May 1926 of the ""April"" model of the corrugated-metal dirigible"
838,"Записка К.Э. Циолковского в Общество содействия авиационно-химическому строительству РСФСР ""О сильном наклоне дирижабля и крепости оболочки""","Note of K. E. Tsiolkovsky to the Society for the Promotion of Aviation-Chemical Construction of the RSFSR ""On the strong tilt of the dirigible and the strength of the envelope"""
839,Письмо К.Э. Циолковского в Общество содействия авиационно-химическому строительству в СССР (Авиахим) с оценкой деятельности А.Я. Рапопорта,Letter of K. E. Tsiolkovsky to the Society for the Promotion of Aviation-Chemical Construction in the USSR (Aviakhim) with an assessment of the activity of A. Ya. Rapoport
840,Заключение Народного комиссариата почт и телеграфов СССР о возможности эксплуатации дирижаблей для обслуживания нужд связи в СССР,Conclusion of the People's Commissariat of Posts and Telegraphs of the USSR on the possibility of operating dirigibles to serve the needs of communications in the USSR
841,"Ответы Н.А. Рапопорта на возражения противников дирижабля системы К.Э. Циолковского ""Некоторые типичные возражения против аэроната Циолковского""","N. A. Rapoport's answers to the objections of opponents of the dirigible of K. E. Tsiolkovsky's system, ""Some Typical Objections against Tsiolkovsky's Aeronat"""
842,"Протоколы Комиссии Центрального аэрогидродинамического института (ЦАГИ) по рассмотрению дирижабля системы К.Э. Циолковского, выписки из протоколов коллегии ЦАГИ","Minutes of the Commission of the Central Aerohydrodynamic Institute (TsAGI) for the examination of the dirigible of K. E. Tsiolkovsky's system, extracts from the minutes of the TsAGI collegium"
843,Выписка из протокола заседания коллегии Центрального аэрогидродинамического института (ЦАГИ) и заключение [Я.А.] Рапопорта о дирижабле К.Э. Циолковского,Extract from the minutes of a session of the collegium of the Central Aerohydrodynamic Institute (TsAGI) and the conclusion of [Ya. A.] Rapoport about K. E. Tsiolkovsky's dirigible
844,Ответы Я.А. Рапопорта на постановления коллегии Центрального аэрогидродинамического института (ЦАГИ) о дирижабле К.Э. Циолковского,Ya. A. Rapoport's answers to the resolutions of the collegium of the Central Aerohydrodynamic Institute (TsAGI) about K. E. Tsiolkovsky's dirigible
845,Выписка из протокола расширенного заседания районного бюро Инженерно-технической секции водников при Московско-Окском райкомводе по докладу Я.А. Рапопорта о металлическом дирижабле К.Э. Циолковского,Extract from the minutes of an expanded session of the district bureau of the Engineering-Technical Section of Water Transport Workers under the Moscow-Oka District Water Transport Committee on Ya. A. Rapoport's report about K. E. Tsiolkovsky's metal dirigible
846,"Письмо компании ""Форд мотор"" К.Э. Циолковскому о пересылке его письма о дирижабле в Aircraft Development Corporation с пометами и наброском ответа К.Э. Циолковского","Letter of the Ford Motor Company to K. E. Tsiolkovsky about the forwarding of his letter about the dirigible to the Aircraft Development Corporation, with marginal notes and a draft of K. E. Tsiolkovsky's reply"
847,Письмо Aircraft Development Corporation К.Э. Циолковскому о невозможности использования его идеи при строительстве дирижаблей,Letter of the Aircraft Development Corporation to K. E. Tsiolkovsky about the impossibility of using his idea in the construction of dirigibles
848,Письмо проф. Института инженеров путей сообщения Н.А. Рынина в Бюро содействия изобретательству ВСНХ СССР с отзывом о металлическом дирижабле К.Э. Циолковского,Letter of prof. N. A. Rynin of the Institute of Railway Engineers to the Bureau for the Promotion of Inventions of the VSNKh USSR with a review of K. E. Tsiolkovsky's metal dirigible
849,Заключение С. Родзевича на запрос Главного экономического управления ВСНХ об изобретенном К.Э. Циолковским дирижабле,Conclusion of S. Rodzevich in response to a request of the Main Economic Directorate of the VSNKh about the dirigible invented by K. E. Tsiolkovsky
850,Заявление Я.А. Рапопорта в Осоавиахим; копии отзывов проф. А.И. Морошкина и проф. Н.А. Рынина о дирижабле и копия письма К.Э. Циолковского о заключении ЦАГИ о его дирижабле,"Statement of Ya. A. Rapoport to Osoaviakhim; copies of reviews by prof. A. I. Moroshkin and prof. N. A. Rynin about the dirigible, and a copy of K. E. Tsiolkovsky's letter about TsAGI's conclusion on his dirigible"
851,Письмо президента Корпорации металлических воздушных кораблей (США) К.Э. Циолковскому и ответ К.Э. Циолковского,"Letter of the president of the Metal Airship Corporation (USA) to K. E. Tsiolkovsky, and K. E. Tsiolkovsky's answer"
852,Стенограммы совещаний в ВСНХ СССР о возможности и целесообразности построения металлического дирижабля системы К.Э. Циолковского,Transcripts of conferences at the VSNKh USSR on the possibility and expediency of building a metal dirigible of K. E. Tsiolkovsky's system
853,Ответы К.Э. Циолковского Комитету содействия изобретательству Осоавиахим по вопросам строительства дирижабля,K. E. Tsiolkovsky's answers to the Committee for the Promotion of Inventions of Osoaviakhim on questions of dirigible construction
854,"Письма Института инженеров путей сообщения в Бюро содействия изобретательству ВСНХ СССР о работах по дирижаблю К.Э. Циолковского, смета работ","Letters of the Institute of Railway Engineers to the Bureau for the Promotion of Inventions of the VSNKh USSR about the work on K. E. Tsiolkovsky's dirigible, estimate of work"
855,Письма Бюро содействия изобретательству Научно-технического управления ВСНХ СССР К.Э. Циолковскому об осуществлении строительства металлических дирижаблей его системы,Letters of the Bureau for the Promotion of Inventions of the Scientific-Technical Directorate of the VSNKh USSR to K. E. Tsiolkovsky about the realization of the construction of metal dirigibles of his system
856,Ответ К.Э. Циолковского инженеру Н.В. Фомину на записку от 28 октября 1927 г,K. E. Tsiolkovsky's answer to engineer N. V. Fomin on the note of 28 October 1927
857,"Сообщения Я.А. Рапопорта о заседаниях и совещаниях в различных учреждениях СССР, на которых обсуждался вопрос о дирижабле К.Э. Циолковского",Reports of Ya. A. Rapoport about sessions and conferences at various institutions of the USSR at which the question of K. E. Tsiolkovsky's dirigible was discussed
858,Запись беседы Я.И. Рапопорта с итальянским конструктор дирижаблей Умберто Нобиле,Record of a conversation between Ya. I. Rapoport and the Italian dirigible designer Umberto Nobile
859,Заявления Я.А. Рапопорта в Комитет содействия изобретательству Осоавиахим о возобновлении работ по дирижаблю К.Э. Циолковского,Statements of Ya. A. Rapoport to the Committee for the Promotion of Inventions of Osoaviakhim about the resumption of work on K. E. Tsiolkovsky's dirigible
860,Письмо члена Комитета по развитию воздухоплавания Я.Я. Анвельта К.Э. Циолковскому о внесении денег в фонд дирижаблестроения,"Letter of Ya. Ya. Anvelt, member of the Committee for the Development of Aeronautics, to K. E. Tsiolkovsky about contributing money to the dirigible-construction fund"
861,Заявление Я.А. Рапопорта в Бюро реализации изобретений Авиатреста об оказании помощи в возобновлении и завершении работы по металлическому дирижаблю К.Э. Циолковского,Statement of Ya. A. Rapoport to the Bureau for the Realization of Inventions of Aviatrest about rendering assistance in resuming and completing the work on K. E. Tsiolkovsky's metal dirigible
862,Письмо К. Мехоношина и Н. Стобровского К.Э. Циолковскому о написании им популярной статьи по дирижаблестроению,Letter of K. Mekhonoshin and N. Stobrovsky to K. E. Tsiolkovsky about his writing a popular article on dirigible construction
863,"Письмо К.Э. Циолковского руководителю Группы безрельсового транспорта Госплана [СССР] В.А. Зарзару ""Эскиз чистометаллического дирижаблестроения""","Letter of K. E. Tsiolkovsky to V. A. Zarzar, head of the Group on Trackless Transport of Gosplan [USSR], ""A Sketch of Pure-Metal Dirigible Construction"""
864,"Письмо заводского комитета и партийной ячейки завода ""Электросталь"" К.Э. Циолковскому об изготовлении заводом стали для дирижабля в срок и набросок ответа К.Э. Циолковского","Letter of the factory committee and party cell of the ""Elektrostal"" factory to K. E. Tsiolkovsky about the factory's manufacture of steel for the dirigible on time, and a draft of K. E. Tsiolkovsky's answer"
865,"Заметка в ""Известия"" под названием ""О начале практического осуществления дирижабля""","Note in ""Izvestiya"" titled ""On the Beginning of the Practical Realization of the Airship"""
866,Переписка К.Э. Циолковского с директором Научно-исследовательского института строительства и эксплуатации дирижаблей (НИИСЭД) Всесоюзного объединения гражданского воздушного флота Г.И. Тарапкиным о плане работ по дирижаблю на 1931 г,Correspondence of K. E. Tsiolkovsky with the director of the Scientific Research Institute for the Construction and Operation of Airships (NIISED) of the All-Union Association of Civil Air Fleet G. I. Tarapkin on the plan of work on the airship for 1931
867,Переписка К.Э. Циолковского с Базой опытного строительства и эксплуатации дирижаблей (БОСЭД) о дирижаблестроении,Correspondence of K. E. Tsiolkovsky with the Base for Experimental Construction and Operation of Airships (BOSED) on airship construction
868,"Справка Я.А. Рапопорта о структуре, производственной базе и личном составе ""дирижаблестроения""","Memorandum of Ya. A. Rapoport on the structure, production base and personnel of ""airship construction"""
869,"Предполагаемый доклад Я.А. Рапопорта в Дирижаблестрое ""О преимуществах дирижабля Циолковского""","Presumed report of Ya. A. Rapoport at Dirizhablestroy ""On the Advantages of Tsiolkovsky's Airship"""
870,Письма Я.А. Рапопорта в бухгалтерию и начальнику Дирижаблестроя т. Пурмаль о снятии К.Э. Циолковского с содержания и о необходимости возобновления работ по цельнометаллическим дирижаблям,Letters of Ya. A. Rapoport to the accounting department and to the head of Dirizhablestroy comrade Purmal on removing K. E. Tsiolkovsky from the payroll and on the necessity of resuming work on all-metal airships
871,"Переписка секретаря шефского бюро над изобретениями по дирижаблестроению при газете ""Вечерняя Москва"" Г.И. Солодкова с Комитетом содействия ученым при СНК СССР, Гражданским Военно-Воздушным Флотом СССР и К.Э. Циолковским","Correspondence of G. I. Solodkov, secretary of the patronage bureau for inventions in airship construction at the newspaper ""Vechernyaya Moskva"", with the Committee for Assistance to Scientists under the Council of People's Commissars of the USSR, the Civil Military Air Fleet of the USSR, and K. E. Tsiolkovsky"
872,"Письмо г. Ронеса из Бюро местной и иностранной торговли Департамента торговли США К.Э. Циолковскому о пересылке его статьи ""Дирижабли из волнистой стали"" в Бюро моделей","Letter of Mr. Rones from the Bureau of Foreign and Domestic Commerce of the US Department of Commerce to K. E. Tsiolkovsky on forwarding his article ""Airships of Corrugated Steel"" to the Bureau of Models"
873,Протокол совещания в Секторе автомобилизации и аэрофикации Госплана СССР о дирижабле К.Э. Циолковского,Minutes of a meeting in the Sector of Motorization and Aviation Development of Gosplan of the USSR on K. E. Tsiolkovsky's airship
874,Письмо К.Э. Циолковского начальнику Сектора автомобилизации и аэрофикации Госплана СССР В.А. Зарзару,Letter of K. E. Tsiolkovsky to the head of the Sector of Motorization and Aviation Development of Gosplan of the USSR V. A. Zarzar
875,Информационное сообщение Г.И. Солодкова о проведении обследования в Дирижаблестрое группы К.Э. Циолковского и об образовании нового Комитета содействия дирижаблестроению при Осоавиахим,Information report of G. I. Solodkov on the conducting of an inspection at Dirizhablestroy of K. E. Tsiolkovsky's group and on the formation of a new Committee for Assistance to Airship Construction under Osoaviakhim
876,Договор К.Э. Циолковского с Дирижаблестроем о строительстве цельнометаллического дирижабля системы Циолковского,Contract of K. E. Tsiolkovsky with Dirizhablestroy on the construction of an all-metal airship of the Tsiolkovsky system
877,Письмо Украинского лекционного бюро Уполцентротехпрома Наркомата тяжелой промышленности К.Э. Циолковскому с просьбой прочитать ряд лекций,Letter of the Ukrainian Lecture Bureau of Upolcentrotekhprom of the People's Commissariat of Heavy Industry to K. E. Tsiolkovsky requesting him to give a series of lectures
878,"Письмо секции информации и печати ""Бюллетеня ЦАГИ"" К.Э. Циолковскому с просьбой дать статью о работах по строительству цельнометаллических дирижаблей","Letter of the information and press section of the ""TsAGI Bulletin"" to K. E. Tsiolkovsky requesting an article on the work on the construction of all-metal airships"
879,"Календарный план, объяснительная записка и материалы к плану работ Бюро дирижабля Циолковского на 1933 г., составленные Я.А. Рапопортом","Calendar plan, explanatory note and materials for the plan of work of the Bureau of Tsiolkovsky's Airship for 1933, compiled by Ya. A. Rapoport"
880,Протокол совещания при горкоме Союза аэроработников по вопросу о постройке дирижабля К.Э. Циолковского,Minutes of a meeting at the city committee of the Union of Aviation Workers on the question of the construction of K. E. Tsiolkovsky's airship
881,Объяснительная записка Я.А. Рапопорта и материалы к ориентировочному плану работ по дирижаблю Циолковского на 1934 г,Explanatory note of Ya. A. Rapoport and materials for the tentative plan of work on Tsiolkovsky's airship for 1934
882,Тезисы и материалы к докладу Я.А. Рапопорта на коллегии Аэрофлота о дирижабле Циолковского,Theses and materials for the report of Ya. A. Rapoport at the board of Aeroflot on Tsiolkovsky's airship
883,Чертежи опытного дирижабля системы Циолковского (1-й и 2-й варианты) объёмом в 3000 куб. м,Drawings of an experimental airship of the Tsiolkovsky system (1st and 2nd variants) with a volume of 3000 cubic m
884,Протокол производственного совещания Дирижаблестроя по Группе Циолковского о плане работ Группы,Minutes of a production meeting of Dirizhablestroy on the Tsiolkovsky Group on the Group's plan of work
885,Доклад начальника Бюро по сооружению воздушного корабля Циолковского В.В. Разумова коллегии Аэрофлота,Report of the head of the Bureau for the Construction of Tsiolkovsky's Airship V. V. Razumov to the board of Aeroflot
886,Отзыв К.Э. Циолковского на предложения слушателя Военно-транспортной академии Н.А. Петрова о дирижаблестроении,"Review by K. E. Tsiolkovsky of the proposals of N. A. Petrov, a student of the Military Transport Academy, on airship construction"
887,Письмо помощника начальника Дирижаблестроя председателю горкома Союза авиаработников Чуракову о ходе работ над дирижаблем,Letter of the assistant head of Dirizhablestroy to the chairman of the city committee of the Union of Aviation Workers Churakov on the progress of work on the airship
888,Письмо начальника 1-го сектора Управления делами Союза Осоавиахим А. Иорданского начальнику Дирижаблестроя И.А. Фельдману,Letter of the head of the 1st sector of the Administration of Affairs of the Osoaviakhim Union A. Iordansky to the head of Dirizhablestroy I. A. Feldman
889,Письма К.Э. Циолковского начальнику Дирижаблестроя И.А. Фельдману о Г.И. Солодкове и проекте летающей модели дирижабля Циолковского в 3000 куб. м,Letters of K. E. Tsiolkovsky to the head of Dirizhablestroy I. A. Feldman on G. I. Solodkov and the project of a flying model of Tsiolkovsky's airship of 3000 cubic m
890,Беседа корреспондента газеты с начальником Группы по постройке дирижаблей системы К.Э. Циолковского Я.А. Рапопортом по работах по строительству дирижабля,Conversation of a newspaper correspondent with the head of the Group for the Construction of Airships of the K. E. Tsiolkovsky System Ya. A. Rapoport on the work on the construction of the airship
891,"Докладная записка К.Э. Циолковского и Я.А. Рапопорта начальнику Аэрофлота И.С. Уншлихту о недостатках в работе экспериментального ""цеха Циолковского"" после его восстановления","Memorandum of K. E. Tsiolkovsky and Ya. A. Rapoport to the head of Aeroflot I. S. Unshlikht on the shortcomings in the work of the experimental ""Tsiolkovsky shop"" after its restoration"
892,Письмо начальника Аэрофлота И.С. Уншлихта и начальника Дирижаблестроя И.А. Фельдмана К.Э. Циолковскому,Letter of the head of Aeroflot I. S. Unshlikht and the head of Dirizhablestroy I. A. Feldman to K. E. Tsiolkovsky
893,"Заявление Я.А. Рапопорта в Комитет содействия дирижаблестроению при Осоавиахим о недопустимости ликвидации ""цеха Циолковского""","Statement of Ya. A. Rapoport to the Committee for Assistance to Airship Construction under Osoaviakhim on the inadmissibility of liquidating the ""Tsiolkovsky shop"""
894,Заметка в газете об одобрении эскизного проекта дирижабля К.Э. Циолковского,Note in a newspaper on the approval of the preliminary design of K. E. Tsiolkovsky's airship
895,"Письма К.Э. Циолковского в Общество содействия успехам опытных наук им. Х.С. Леденцова и заключения экспертной комиссии Общества о работе К.Э. Циолковского ""Второе начало термодинамики""","Letters of K. E. Tsiolkovsky to the Kh. S. Ledentsov Society for the Advancement of the Experimental Sciences and conclusions of the Society's expert commission on K. E. Tsiolkovsky's work ""The Second Law of Thermodynamics"""
896,Постановление ЦИК СССР и СНК СССР о патентах на изобретения и инструкции Комитета по делам изобретений Научно-технического управления (НТУ) ВСНХ СССР о порядке получения патентов,Resolution of the Central Executive Committee of the USSR and the Council of People's Commissars of the USSR on patents for inventions and instructions of the Committee for Inventions of the Scientific and Technical Directorate (NTU) of the Supreme Council of the National Economy of the USSR on the procedure for obtaining patents
897,"Патент, заявочное свидетельство и переписка К.Э. Циолковского с Комитетом по делам изобретений ВСНХ СССР и Государственным институтом техники управления о выдаче патента на пишущую машинку","Patent, application certificate and correspondence of K. E. Tsiolkovsky with the Committee for Inventions of the Supreme Council of the National Economy of the USSR and the State Institute of Management Technique on the issuance of a patent for a typewriter"
898,"Описание изобретения ""Гигиенические коньки"" и переписка К.Э. Циолковского с Комитетом по делам изобретений ВСНХ СССР о выдаче патента","Description of the invention ""Hygienic Skates"" and correspondence of K. E. Tsiolkovsky with the Committee for Inventions of the Supreme Council of the National Economy of the USSR on the issuance of a patent"
899,"Переписка К.Э. Циолковского с Московской кинофабрикой о постановке научно-фантастического фильма ""Космический рейс""","Correspondence of K. E. Tsiolkovsky with the Moscow Film Factory on the production of the science-fiction film ""Cosmic Voyage"""
900,"Письмо Управления военных изобретений, начальника вооружений РККА К.Э. Циолковскому","Letter of the Directorate of Military Inventions, of the Chief of Armaments of the Red Army to K. E. Tsiolkovsky"
901,Письмо Метеоритного отдела Минералогического музея АН СССР К.Э. Циолковскому о падении метеорита,Letter of the Meteorite Department of the Mineralogical Museum of the Academy of Sciences of the USSR to K. E. Tsiolkovsky on the fall of a meteorite
902,Письмо из книжного отдела Комиссии содействия ученым при СНК СССР К.Э. Циолковскому о составлении им заявки на необходимую для научной работы литературу,Letter from the book department of the Commission for Assistance to Scientists under the Council of People's Commissars of the USSR to K. E. Tsiolkovsky on his compiling a request for literature necessary for scientific work
903,Письмо и отзыв Вагонного научно-исследовательского института о проекте рельсового автопоезда К.Э. Циолковского,Letter and review of the Railcar Scientific Research Institute on K. E. Tsiolkovsky's project for a rail motor train
904,Контурная карта азиатской части СССР с проектом маршрута воздушного корабля Москва - Пекин,Outline map of the Asian part of the USSR with a projected route of an airship Moscow - Beijing
905,Отклик К.Э. Циолковского на постройку стратостата им. Сталина,K. E. Tsiolkovsky's response to the construction of the Stalin stratostat
906,"Письмо К.Э. Циолковского в редакцию газеты ""Биржевые ведомости"" об опубликованной в газете заметке об использовании американской компанией ракет в качестве боевых снарядов","Letter from K. E. Tsiolkovsky to the editorial office of the newspaper ""Birzhevye Vedomosti"" about a note published in the newspaper on the use of rockets as combat projectiles by an American company"
907,Письма К.Э. Циолковского в Секцию межпланетных сообщений Военно-научного общества Академии воздушного флота о работе Общества и издании книг К.Э. Циолковского,Letters from K. E. Tsiolkovsky to the Section on Interplanetary Communications of the Military-Scientific Society of the Air Fleet Academy on the work of the Society and the publication of K. E. Tsiolkovsky's books
908,"Письма Чернова Валерия Ивановича, члена правления Общества изучения межпланетных сообщений, К.Э. Циолковскому о его работе в Обществе","Letters from Valery Ivanovich Chernov, member of the board of the Society for the Study of Interplanetary Communications, to K. E. Tsiolkovsky about his work in the Society"
909,Переписка К.Э. Циолковского с Обществом любителей мироведения в г. Одессе о возможности столкновения ракет с метеоритами,Correspondence of K. E. Tsiolkovsky with the Society of Amateurs of World Studies in Odessa on the possibility of rockets colliding with meteorites
910,"Описание изобретения ""Полуреактивный аэроплан"" и переписка К.Э. Циолковского с Комитетом по делам изобретений ВСНХ СССР и техническим штабом начальника Вооружений РККА","Description of the invention ""Semi-jet Airplane"" and correspondence of K. E. Tsiolkovsky with the Committee for Inventions of the VSNKh USSR and the technical staff of the Chief of Armaments of the RKKA"
911,Письма Центральной группы изучения реактивного движения ОСОАВИАХИМ'а К.Э. Циолковскому об оказании помощи в работе ЦГИРД'а. С пометами К.Э. Циолковского,Letters from the Central Group for the Study of Jet Propulsion of OSOAVIAKHIM to K. E. Tsiolkovsky on rendering assistance in the work of the TsGIRD. With K. E. Tsiolkovsky's notations
912,Переписка К.Э. Циолковского с руководителем Реактивной группы ОСОАВИАХИМ'а И.А. Меркуловым,"Correspondence of K. E. Tsiolkovsky with I. A. Merkulov, head of the Jet Propulsion Group of OSOAVIAKHIM"
913,Переписка К.Э. Циолковского с Реактивным научно-исследовательским институтом о его участии в работах института,Correspondence of K. E. Tsiolkovsky with the Reactive Scientific Research Institute on his participation in the institute's work
914,"Переписка К.Э. Циолковского с Российской академией наук, русским физико-химическим обществом и академиком М.А. Рыкачевым об опытах по сопротивлению воздуха","Correspondence of K. E. Tsiolkovsky with the Russian Academy of Sciences, the Russian Physico-Chemical Society, and academician M. A. Rykachev on experiments on air resistance"
915,Проект письма К.Э. Циолковского в Русское физико-химическое общество об опытах по сопротивлению воздуха,Draft of K. E. Tsiolkovsky's letter to the Russian Physico-Chemical Society on experiments on air resistance
916,Выписки из протоколов заседаний Физико-математического отделения Академии наук об оказании содействия К.Э. Циолковскому в проведении опытов по сопротивлению воздуха,Extracts from the minutes of meetings of the Physico-Mathematical Division of the Academy of Sciences on rendering assistance to K. E. Tsiolkovsky in conducting experiments on air resistance
917,Переписка К.Э. Циолковского с Организационным комитетом 3-го Всероссийского воздухоплавательного съезда об участии его в работе съезда,Correspondence of K. E. Tsiolkovsky with the Organizing Committee of the 3rd All-Russian Aeronautical Congress on his participation in the work of the congress
918,Письмо Калужских Средних общеобразовательных курсов К.Э. Циолковскому с просьбой принять участие в работе курсов,Letter from the Kaluga Secondary General Education Courses to K. E. Tsiolkovsky with a request to take part in the work of the courses
919,Письма Калужского пролетарского университета памяти Октябрьской революции К.Э. Циолковскому о прочтении им лекций по физике и об очередном собрании организационной комиссии университета,Letters from the Kaluga Proletarian University in Memory of the October Revolution to K. E. Tsiolkovsky about his giving lectures on physics and about the next meeting of the university's organizing commission
920,Ответное письмо К.Э. Циолковского на поздравительное письмо Калужского общества по изучению природы и местного края,K. E. Tsiolkovsky's reply letter to the congratulatory letter of the Kaluga Society for the Study of Nature and the Local Region
921,"Запросы о научной работе, извещения и повестки дня общих собраний Калужской секции научных работников, присланные К.Э. Циолковскому. С пометами К.Э. Циолковского","Inquiries about scientific work, notices and agendas of general meetings of the Kaluga Section of Scientific Workers, sent to K. E. Tsiolkovsky. With K. E. Tsiolkovsky's notations"
922,Письмо К.Э. Циолковского в Госплан в Секцию антарктического воздухоплавания о невозможности сделать доклад на конференции,"Letter from K. E. Tsiolkovsky to Gosplan, to the Section of Antarctic Aeronautics, on the impossibility of giving a report at the conference"
923,Письма учреждений Академии наук СССР К.Э. Циолковскому - приглашения на I-ю Всесоюзную конференцию по изучению стратосферы,Letters from institutions of the USSR Academy of Sciences to K. E. Tsiolkovsky - invitations to the 1st All-Union Conference on the Study of the Stratosphere
924,Ответ К.Э. Циолковского на приглашение присутствовать на заседании комитета по развитию воздухоплавания,K. E. Tsiolkovsky's reply to the invitation to attend a meeting of the committee for the development of aeronautics
925,Обращение Богимовского землячества к К.Э. Циолковскому с просьбой прочесть ряд лекций по дирижаблестроению,Appeal of the Bogimovo Countrymen's Association to K. E. Tsiolkovsky with a request to give a series of lectures on airship construction
926,Письмо Сектора техпропа Государственного политехнического музея имени К.Э. Циолковского с просьбой дать согласие на чтение лекций,Letter from the Technical Propaganda Sector of the K. E. Tsiolkovsky State Polytechnic Museum with a request to obtain his consent to give lectures
927,Пригласительное письмо и приветственная телеграмма Оргкомитета по созыву I-ой Всесоюзной конференции по изучению стратосферы К.Э. Циолковскому,Invitation letter and welcome telegram of the Organizing Committee for convening the 1st All-Union Conference on the Study of the Stratosphere to K. E. Tsiolkovsky
928,Ответное письмо К.Э. Циолковского на приглашение II-го дорожного съезда изобретателей Западной дороги,K. E. Tsiolkovsky's reply letter to the invitation of the 2nd Road Congress of Inventors of the Western Railway
929,Письмо Стратосферного комитета Авиационного научного инженерно-технического общества (АВИАВНИТО) К.Э. Циолковскому,Letter from the Stratosphere Committee of the Aviation Scientific Engineering-Technical Society (AVIAVNITO) to K. E. Tsiolkovsky
930,Письмо Всесоюзного совета по аэродинамике ЦАГИ К.Э. Циолковскому об участии в работе конференции по скоростной авиации,Letter from the All-Union Council on Aerodynamics of TsAGI to K. E. Tsiolkovsky on participation in the work of the conference on high-speed aviation
931,Письмо Комиссии по улучшению быта студенчества (КУБС) Первого московского государственного университета К.Э. Циолковскому,Letter from the Commission for the Improvement of Student Living Conditions (KUBS) of the First Moscow State University to K. E. Tsiolkovsky
932,Приглашение Лекционного бюро при Ленинградском военном округе К.Э. Циолковскому выступить с докладом на лекционных вечерах,Invitation from the Lecture Bureau under the Leningrad Military District to K. E. Tsiolkovsky to give a talk at the lecture evenings
933,"Переписка К.Э. Циолковского с Социалистической академией общественных наук РСФСР об утверждении его членом-соревнователем Академии, о разрешении работать в Калуге и др. Часть I","Correspondence of K. E. Tsiolkovsky with the Socialist Academy of Social Sciences of the RSFSR on his confirmation as a corresponding member of the Academy, on permission to work in Kaluga, etc. Part I"
934,"Переписка К.Э. Циолковского с Социалистической академией общественных наук РСФСР. Часть II. Фотокопии материалов, хранящихся в ЦГАОР'е",Correspondence of K. E. Tsiolkovsky with the Socialist Academy of Social Sciences of the RSFSR. Part II. Photocopies of materials held in TsGAOR
935,Выписки из дел Социалистической академии общественных наук по документальным материалам Центрального Государственного архива Октябрьской революции и Социалистического строительства СССР (ЦГАОР СССР),Extracts from the files of the Socialist Academy of Social Sciences based on documentary materials of the Central State Archive of the October Revolution and Socialist Construction of the USSR (TsGAOR SSSR)
936,Письмо Московского Цензурного комитета МВД об издании рукописей К.Э. Циолковского,Letter from the Moscow Censorship Committee of the MVD on the publication of K. E. Tsiolkovsky's manuscripts
937,Письмо И.С. Блонова - владельца мастерской по изготовлению клише о заказе К.Э. Циолковского,"Letter from I. S. Blonov, owner of a workshop for the manufacture of clichés, on K. E. Tsiolkovsky's order"
938,Письмо Государственного технического издательства К.Э. Циолковскому о невозможности напечатать его работы,Letter from the State Technical Publishing House to K. E. Tsiolkovsky on the impossibility of printing his works
939,Письма и извещения Московского общества любителей астрономии К.Э. Циолковскому,Letters and notices from the Moscow Society of Amateurs of Astronomy to K. E. Tsiolkovsky
940,"Ответное письмо К.Э. Циолковского в редакцию журнала ""Помощь самообразованию"" о написании им автобиографии","K. E. Tsiolkovsky's reply letter to the editorial office of the journal ""Help to Self-Education"" on his writing an autobiography"
941,Письма Издательства Ольденбург из Мюнхена (Германия) К.Э. Циолковскому о переводе и напечатании его работ и ответ К.Э. Циолковского,"Letters from the Oldenburg Publishing House of Munich (Germany) to K. E. Tsiolkovsky on the translation and printing of his works, and K. E. Tsiolkovsky's reply"
942,"Переписка К.Э. Циолковского с редколлегией ""10 лет Красного воздухоплавания"" при ОСОАВИАХИМ'е об издании его статей","Correspondence of K. E. Tsiolkovsky with the editorial board of ""10 Years of Red Aeronautics"" under OSOAVIAKHIM on the publication of his articles"
943,"Письма Всесоюзного общества культурной связи с заграницей К.Э. Циолковскому с просьбой дать статью о его научных работах для ""Информационного бюллетеня"" ВОКС'а. С пометами К.Э. Циолковского","Letters from the All-Union Society for Cultural Relations with Foreign Countries to K. E. Tsiolkovsky with a request to provide an article on his scientific works for the VOKS ""Information Bulletin"". With K. E. Tsiolkovsky's notations"
944,"Письмо Ленинградского отделения Государственного издательства К.Э. Циолковскому об издании его книги ""На луне"" и ответ К.Э. Циолковского","Letter from the Leningrad Branch of the State Publishing House to K. E. Tsiolkovsky on the publication of his book ""On the Moon"" and K. E. Tsiolkovsky's reply"
945,"Письма издательства ""Молодая гвардия"" К.Э. Циолковскому","Letters from the ""Molodaya Gvardiya"" publishing house to K. E. Tsiolkovsky"
946,Письмо ОСОАВИАХИМ'а СССР в Калужскую Гостипографию об оказании содействия К.Э. Циолковскому в издании его трудов. Набросок текста письма рукой К.Э. Циолковского,Letter from OSOAVIAKHIM of the USSR to the Kaluga State Printing House on providing assistance to K. E. Tsiolkovsky in the publication of his works. Draft of the letter's text in K. E. Tsiolkovsky's hand
947,Письмо научного книгоиздательства К.Э. Циолковскому о высылке им работ по вопросам научно-философского мировоззрения. С пометами К.Э. Циолковского,Letter from the scientific publishing house to K. E. Tsiolkovsky about sending him works on questions of the scientific-philosophical worldview. With notes by K. E. Tsiolkovsky
948,Письмо директора Калужской типографии Попова К.Э. Циолковскому о невозможности напечатать его работы,"Letter from Popov, director of the Kaluga Printing House, to K. E. Tsiolkovsky about the impossibility of printing his works"
949,"Проект письма К.Э. Циолковского в Издательство Академии наук СССР нескольких его научно-популярных работ и копии писем К.Э. Циолковского в АН СССР о посылке им статьи ""Стратоплан"" на отзыв","Draft of a letter from K. E. Tsiolkovsky to the Publishing House of the USSR Academy of Sciences of several of his popular-science works, and copies of letters from K. E. Tsiolkovsky to the USSR Academy of Sciences about sending his article ""Stratoplan"" for review"
950,Переписка К.Э. Циолковского с Объединением научно-технических издательств об издании и распространении его трудов,Correspondence of K. E. Tsiolkovsky with the Association of Scientific-Technical Publishing Houses on the publication and distribution of his works
951,"Письма Редакции ""Большая Советская энциклопедия"" К.Э. Циолковскому о высылке им автобиографии и портрета для помещения в энциклопедии. С пометами К.Э. Циолковского","Letters from the Editorial Board of the ""Great Soviet Encyclopedia"" to K. E. Tsiolkovsky about sending him an autobiography and portrait for inclusion in the encyclopedia. With notes by K. E. Tsiolkovsky"
952,Письмо Главного управления по делам литературы и издательств ГЛАВЛИТ'а К.Э. Циолковскому с разрешением напечатать ряд рукописей,"Letter from the Main Administration for Literary and Publishing Affairs, GLAVLIT, to K. E. Tsiolkovsky granting permission to print a number of manuscripts"
953,"Письмо Издательства ""Молодой большевик"" К.Э. Циолковскому","Letter from the ""Young Bolshevik"" Publishing House to K. E. Tsiolkovsky"
954,Письмо К.Э. Циолковского о целесообразности издания его работ в Калуге. Адресат не указан,Letter from K. E. Tsiolkovsky on the advisability of publishing his works in Kaluga. Addressee not indicated
955,"Черновая записка К.Э. Циолковского ""Надо спешить"" о необходимости издания его трудов при жизни","Draft note by K. E. Tsiolkovsky ""One Must Hurry"" on the necessity of publishing his works during his lifetime"
956,Переписка К.Э. Циолковского с заместителем председателя Комитета по изучению стратосферы В.А. Сытиным об издании автобиографии и работы о стратоплане,"Correspondence of K. E. Tsiolkovsky with V. A. Sytin, deputy chairman of the Committee for the Study of the Stratosphere, on the publication of an autobiography and a work on the stratoplane"
957,Переписка К.Э. Циолковского с Ленинградским областным издательством об издании автобиографии,Correspondence of K. E. Tsiolkovsky with the Leningrad Regional Publishing House on the publication of an autobiography
958,Письма Госмашметиздата К.Э. Циолковскому об издании его трудов,Letters from Gosmashmetizdat to K. E. Tsiolkovsky on the publication of his works
959,Письмо Государственного социально-экономического издательства К.Э. Циолковскому о помещении в подготавливаемом к изданию массовом политическом словаре его биографии,Letter from the State Socio-Economic Publishing House to K. E. Tsiolkovsky about including his biography in a mass political dictionary being prepared for publication
960,Письма Объединения государственных издательств (ОГИЗ) К.Э. Циолковскому о высылке его избранных трудов,Letters from the Association of State Publishing Houses (OGIZ) to K. E. Tsiolkovsky about sending his selected works
961,"Письма редакции журнала ""Авиапромышленность"" К.Э. Циолковскому с предложением о постоянном сотрудничестве","Letters from the editorial board of the journal ""Aviation Industry"" to K. E. Tsiolkovsky with a proposal for permanent collaboration"
962,"Письма редакции журнала ""Авиация и химия"" К.Э. Циолковскому с просьбой прислать в редакцию статьи о дирижабле его конструкции","Letters from the editorial board of the journal ""Aviation and Chemistry"" to K. E. Tsiolkovsky with a request to send the editorial board articles about the airship of his design"
963,"Переписка редакции журнала ""В бой за технику"" с К.Э. Циолковским о помещении его статей в журнале, отправке статей других авторов ему на отзыв и заключение","Correspondence of the editorial board of the journal ""Into Battle for Technology"" with K. E. Tsiolkovsky about publishing his articles in the journal, sending him articles by other authors for review and opinion"
964,"Переписка К.Э. Циолковского с редакцией журнала ""Вестник воздушного флота"" о помещении его работ в журнале","Correspondence of K. E. Tsiolkovsky with the editorial board of the journal ""Herald of the Air Fleet"" about publishing his works in the journal"
965,"Переписка К.Э. Циолковского с редакцией журнала ""Вестник знания"" с предложением о постоянном сотрудничестве, об издании статьи ""Солнечная энергия"" и др","Correspondence of K. E. Tsiolkovsky with the editorial board of the journal ""Herald of Knowledge"" with a proposal for permanent collaboration, on the publication of the article ""Solar Energy"" and others"
966,"Переписка К.Э. Циолковского с редакцией журналов ""Вестник инженеров и техников"" и ""Инженерный труд"" о помещении его статей в журналах","Correspondence of K. E. Tsiolkovsky with the editorial boards of the journals ""Herald of Engineers and Technicians"" and ""Engineering Labor"" about publishing his articles in the journals"
967,"Письма редакции журнала ""Воздухоплавание"" К.Э. Циолковскому с просьбой прислать статьи для журнала. С пометами К.Э. Циолковского","Letters from the editorial board of the journal ""Aeronautics"" to K. E. Tsiolkovsky with a request to send articles for the journal. With notes by K. E. Tsiolkovsky"
968,"Письмо из редакции журналов ""Вокруг света"" и ""Борьба миров"" К.Э. Циолковскому о сотрудничестве в журналах","Letter from the editorial board of the journals ""Around the World"" and ""Battle of the Worlds"" to K. E. Tsiolkovsky on collaboration in the journals"
969,"Письмо редакции журнала ""Вопросы стенографии и машинописи"" К.Э. Циолковскому с просьбой принять участие в журнале","Letter from the editorial board of the journal ""Questions of Stenography and Typewriting"" to K. E. Tsiolkovsky with a request to take part in the journal"
970,"Письмо редакций журналов ""Всемирный следопыт"", ""Всемирный турист"" К.Э. Циолковскому о сотрудничестве в журналах","Letter from the editorial boards of the journals ""World Pathfinder"" and ""World Tourist"" to K. E. Tsiolkovsky on collaboration in the journals"
971,"Письма редакции журнала ""Гражданская авиация"" К.Э. Циолковскому о помещении его статей в журнале","Letters from the editorial board of the journal ""Civil Aviation"" to K. E. Tsiolkovsky about publishing his articles in the journal"
972,"Письмо редакции ""За рулем"" К.Э. Циолковскому с уведомлением о невозможности использовать в журнале статью ""Жизнь в эфире""","Letter from the editorial board of ""Behind the Wheel"" to K. E. Tsiolkovsky with notification of the impossibility of using the article ""Life in the Ether"" in the journal"
973,"Письмо редакции журнала ""Изобретатель"" К.Э. Циолковскому с просьбой выслать автобиографию, портрет и литературу о его работе и изобретениях. С пометами К.Э. Циолковского","Letter from the editorial board of the journal ""Inventor"" to K. E. Tsiolkovsky with a request to send an autobiography, a portrait, and literature about his work and inventions. With notes by K. E. Tsiolkovsky"
974,"Письма из редакции журнала ""Искры науки"" К.Э. Циолковскому с просьбой прислать статьи для журнала. С пометами К.Э. Циолковского","Letters from the editorial board of the journal ""Sparks of Science"" to K. E. Tsiolkovsky with a request to send articles for the journal. With notes by K. E. Tsiolkovsky"
975,"Письмо редакции журнала ""Мироведение"" К.Э. Циолковскому о невозможности поместить его статью в журнал без обсуждения","Letter from the editorial board of the journal ""World Studies"" to K. E. Tsiolkovsky about the impossibility of publishing his article in the journal without discussion"
976,"Переписка К.Э. Циолковского с редакцией журнала ""Наука и техника"" по вопросу об отправке его статей для журнала. С пометами К.Э. Циолковского","Correspondence of K. E. Tsiolkovsky with the editorial board of the journal ""Science and Technology"" on the matter of sending his articles for the journal. With notes by K. E. Tsiolkovsky"
977,"Переписка К.Э. Циолковского с редакцией журнала ""Наши достижения"" о невозможности напечатать его автобиографии","Correspondence of K. E. Tsiolkovsky with the editorial board of the journal ""Our Achievements"" about the impossibility of printing his autobiography"
978,"Письма редакции журнала ""Огонек"" К.Э. Циолковскому с просьбой прислать статьи для журнала","Letters from the editorial board of the journal ""Ogonyok"" to K. E. Tsiolkovsky with a request to send articles for the journal"
979,"Письма редакции журнала ""Природа"" К.Э. Циолковскому о невозможности поместить его статьи в журнал","Letters from the editorial board of the journal ""Nature"" to K. E. Tsiolkovsky about the impossibility of publishing his articles in the journal"
980,"Письма журнала ""Рабочее изобретательство"" К.Э. Циолковскому с просьбой написать для журнала ряд статей по проблемам дирижаблестроения в СССР","Letters from the journal ""Workers' Invention"" to K. E. Tsiolkovsky with a request to write for the journal a number of articles on problems of airship construction in the USSR"
981,"Письма редакции журнала ""Самолет"" К.Э. Циолковскому с предложением о сотрудничестве, об отправке в редакцию статьи ""Дирижабль ""СССР"" - цельнометаллический дирижабль"" и др","Letters from the editorial board of the journal ""Airplane"" to K. E. Tsiolkovsky with a proposal for collaboration, about sending to the editorial board the article ""The Airship ""USSR"" - an All-Metal Airship"" and others"
982,"Письмо редакции журнала ""Техника Воздушного флота"" о невозможности напечатать его статьи","Letter from the editorial board of the journal ""Technology of the Air Fleet"" about the impossibility of printing his articles"
983,"Письма редакции журнала ""Техника молодежи"" К.Э. Циолковскому с предложением о сотрудничестве и с просьбой разъяснить некоторые места в его статье о планерах","Letters from the editorial board of the journal ""Technology for Youth"" to K. E. Tsiolkovsky with a proposal for collaboration and with a request to clarify certain passages in his article on gliders"
984,"Письма редакции журнала ""Техника и жизнь"" К.Э. Циолковскому с просьбой прислать статьи по проблематике транспорта","Letters from the editorial board of the journal ""Technology and Life"" to K. E. Tsiolkovsky with a request to send articles on transport issues"
985,"Письма редакции журнала ""Техника смене"" К.Э. Циолковскому о его работе в журнале","Letters from the editorial board of the journal ""Technology to the New Generation"" to K. E. Tsiolkovsky about his work for the journal"
986,"Письмо редакции журнала ""30 дней"" К.Э. Циолковскому по вопросу об отправке его статей, биографии и фотографий в редакцию","Letter from the editorial office of the journal ""30 Days"" to K. E. Tsiolkovsky on the question of sending his articles, biography, and photographs to the editorial office"
987,"Черновик письма К.Э. Циолковского в редакцию журнала ""Труд инженера"" с просьбой издать статью об успехах реактивного движения за 1930-1931гг","Draft of a letter from K. E. Tsiolkovsky to the editorial office of the journal ""The Engineer's Labor"" requesting publication of an article on the successes of jet propulsion for 1930-1931"
988,"Письма редакции журнала ""Химия и оборона"" К.Э. Циолковскому о помещении в журнале его статьи ""Энергия химического соединения веществ""","Letters from the editorial office of the journal ""Chemistry and Defense"" to K. E. Tsiolkovsky on placing his article ""The Energy of Chemical Combination of Substances"" in the journal"
989,Письмо Общества межпланетных сообщений К.Э. Циолковскому по вопросу об отправке научных статей для издания в журнале Общества,Letter from the Society for Interplanetary Communications to K. E. Tsiolkovsky on the question of sending scientific articles for publication in the Society's journal
990,"Письма редакции газеты ""Известия"" К.Э. Циолковскому с просьбой выслать статьи о болиде и отказ от помещения статьи в журнале ""Сорена""","Letters from the editorial office of the newspaper ""Izvestia"" to K. E. Tsiolkovsky requesting that he send articles on the bolide, and a refusal to place an article in the journal ""Sorena"""
991,"Письмо редакции газеты ""Кино"" К.Э. Циолковскому и набросок ответа К.Э. Циолковского","Letter from the editorial office of the newspaper ""Kino"" to K. E. Tsiolkovsky, and a draft of K. E. Tsiolkovsky's reply"
992,"Письмо редакции газеты ""Коммуна"" (г. Калуга) К.Э. Циолковскому о помещении в газете его статей, интервью и биографии","Letter from the editorial office of the newspaper ""Kommuna"" (Kaluga) to K. E. Tsiolkovsky on placing his articles, interviews, and biography in the newspaper"
993,"Письмо редакции газеты ""Комсомолец Украины"" К.Э. Циолковскому с просьбой выслать статью для помещения ее в специальном номере, посвященном Дню авиации","Letter from the editorial office of the newspaper ""Komsomolets Ukrainy"" to K. E. Tsiolkovsky requesting that he send an article for placement in a special issue devoted to Aviation Day"
994,"Письмо редакции газеты ""На страже"" (орган Центрального Совета Осоавиахима) К.Э. Циолковскому с просьбой дать для газеты статью, посвященную полету стратостата ""СССР-1-бис""","Letter from the editorial office of the newspaper ""Na Strazhe"" (organ of the Central Council of Osoaviakhim) to K. E. Tsiolkovsky requesting an article for the newspaper devoted to the flight of the stratostat ""USSR-1-bis"""
995,"Переписка К.Э. Циолковского с редакциями газет ""Правда"" и ""Комсомольская правда"" об отправке им статьи о дирижабле, полетах в стратосферу и др","Correspondence of K. E. Tsiolkovsky with the editorial offices of the newspapers ""Pravda"" and ""Komsomolskaya Pravda"" on sending them an article on the dirigible, flights into the stratosphere, and others"
996,"Письмо редакции ""Рабочей газеты"" К.Э. Циолковскому с просьбой прислать в журнал ""Хочу все знать"" ответ на запрос читателя. Запрос неизвестен","Letter from the editorial office of the ""Rabochaya Gazeta"" to K. E. Tsiolkovsky requesting that he send to the journal ""Khochu Vse Znat'"" a reply to a reader's inquiry. The inquiry is unknown"
997,"Письма редакции газеты ""Техника"" К.Э. Циолковскому о помещении его статей в газете. С пометами К.Э. Циолковского","Letters from the editorial office of the newspaper ""Tekhnika"" to K. E. Tsiolkovsky on placing his articles in the newspaper. With K. E. Tsiolkovsky's notes"
998,"Письмо редакции газеты Малинского лесокомбината ""Ударник лесного фронта"" К.Э. Циолковскому с благодарностью за высланную литературу","Letter from the editorial office of the newspaper of the Malin Timber Combine ""Udarnik Lesnogo Fronta"" to K. E. Tsiolkovsky with thanks for the literature sent"
999,"Письмо редакции газеты ""ЦАГИ"" К.Э. Циолковскому с просьбой принять участие в номере, посвященном Дню авиации","Letter from the editorial office of the newspaper ""TsAGI"" to K. E. Tsiolkovsky requesting participation in the issue devoted to Aviation Day"
1000,Письма учреждений и отдельных лиц К.Э. Циолковскому с просьбой прислать книги и с выражением благодарности за полученные книги,Letters from institutions and individuals to K. E. Tsiolkovsky requesting books be sent and expressing thanks for books received
1001,Письма учреждений и отдельных лиц К.Э. Циолковскому с просьбой прислать книги и с выражением благодарности за полученные книги,Letters from institutions and individuals to K. E. Tsiolkovsky requesting books be sent and expressing thanks for books received
1002,Письма учреждений и отдельных лиц К.Э. Циолковскому с просьбой прислать книги и с выражением благодарности за полученные книги,Letters from institutions and individuals to K. E. Tsiolkovsky requesting books be sent and expressing thanks for books received
1003,"Письма Академий наук (Берлин, Вена), Смитсоновского института (Вашингтон), Стокгольмской обсерватории, и других зарубежных научных учреждений К.Э. Циолковскому","Letters from Academies of Sciences (Berlin, Vienna), the Smithsonian Institution (Washington), the Stockholm Observatory, and other foreign scientific institutions to K. E. Tsiolkovsky"
1004,Пустые конверты от писем из различных учреждений. С пометами К.Э. Циолковского,Empty envelopes from letters from various institutions. With K. E. Tsiolkovsky's notes
1005,"Пустые конверты, надписанные К.Э. Циолковским",Empty envelopes inscribed by K. E. Tsiolkovsky
1006,Письмо К.Э. Циолковского к помощнику начальника Воздушного флота действующей армии Анощенко Николаю Дмитриевичу,"Letter from K. E. Tsiolkovsky to the assistant chief of the Air Fleet of the active army, Nikolai Dmitrievich Anoshchenko"
1007,Письмо К.Э. Циолковского к инженеру Ассонову Александру Васильевичу,"Letter of K. E. Tsiolkovsky to engineer Assonov, Alexander Vasilyevich"
1008,Письмо К.Э. Циолковского к общественному деятелю Ассонову Василию Ивановичу,"Letter of K. E. Tsiolkovsky to public figure Assonov, Vasily Ivanovich"
1009,Письма К.Э. Циолковского к инженеру Ассонову Владимиру Васильевичу,Letters from K. E. Tsiolkovsky to the engineer Vladimir Vasilievich Assonov
1010,"Письмо К.Э. Циолковского к сотруднику редакции газеты ""Правда"" Берестинскому Михаилу Исааковичу","Letter from K. E. Tsiolkovsky to a staff member of the editorial office of the newspaper ""Pravda"", Mikhail Isaakovich Berestinsky"
1011,"Письмо К.Э. Циолковского к астроному, профессору Ягеллонского университета Бонахевичу Тадеушу Артуровичу","Letter of K. E. Tsiolkovsky to astronomer, professor of the Jagiellonian University Bonahewicz, Tadeusz Arturovich"
1012,Письма К.Э. Циолковского к начальнику Организационного отдела Главвоздухофлота Вишневу Владимиру Михайловичу,"Letters from K. E. Tsiolkovsky to the head of the Organizational Department of Glavvozdukhoflot, Vladimir Mikhailovich Vishnev"
1013,Письмо К.Э. Циолковского к редактору ОНТИ [Объединенного научно-технического издательства] Вольперту Г,Letter from K. E. Tsiolkovsky to the editor of ONTI [United Scientific and Technical Publishing House] G. Volpert
1014,"Письмо К.Э. Циолковского к инженеру, преподавателю Института инженеров путей сообщения Воробьеву Александру Григорьевичу","Letter from K. E. Tsiolkovsky to the engineer, instructor at the Institute of Railway Engineers, Alexander Grigorievich Vorobyov"
1015,Письмо К.Э. Циолковского к Ворошилову Клименту Ефремовичу,Letter from K. E. Tsiolkovsky to Kliment Yefremovich Voroshilov
1016,Письма К.Э. Циолковского к Н.К. Голованову и П.К. Энгельмейру,Letters from K. E. Tsiolkovsky to N. K. Golovanov and P. K. Engelmeyer
1017,Письмо К.Э. Циолковского к Горькому (Алексею Максимовичу),Letter from K. E. Tsiolkovsky to Gorky (Alexei Maksimovich)
1018,Письмо К.Э. Циолковского к Гулину В.Г,Letter from K. E. Tsiolkovsky to V. G. Gulin
1019,Письма К.Э. Циолковского к профессору Московского университета Жуковскому Николаю Егоровичу,Letters from K. E. Tsiolkovsky to the Moscow University professor Nikolai Yegorovich Zhukovsky
1020,Письма К.Э. Циолковского к кинорежиссеру Журавлеву Василию Николаевичу,Letters of K. E. Tsiolkovsky to film director Zhuravlev Vasily Nikolaevich
1021,Письмо К.Э. Циолковского к журналисту Ивановскому Александру Ивановичу,Letter from K. E. Tsiolkovsky to the journalist Alexander Ivanovich Ivanovsky
1022,Письма К.Э. Циолковского к инженеру Кажинскому Бернарду Бернардовичу,Letters from K. E. Tsiolkovsky to the engineer Bernard Bernardovich Kazhinsky
1023,Письмо К.Э. Циолковского к начальнику Реактивного научно-исследовательского института Клейменову Ивану Терентьевичу,Letter of K. E. Tsiolkovsky to head of the Reactive Scientific Research Institute Kleymenov Ivan Terentyevich
1024,Письма К.Э. Циолковского к заведующему ОНТИ [Объединенного научно-технического издательства] Коссаковскому,Letters from K. E. Tsiolkovsky to the head of ONTI [United Scientific and Technical Publishing House] Kossakovsky
1025,Письма К.Э. Циолковского к инженеру Роберту Ладеману (Lademann R.),Letters from K. E. Tsiolkovsky to the engineer Robert Lademann (Lademann R.)
1026,Письма К.Э. Циолковского к редактору Госмашметиздата ОНТИ Латынину Евгению Всеволодовичу,"Letters from K. E. Tsiolkovsky to the editor of Gosmashmetizdat ONTI, Yevgeny Vsevolodovich Latynin"
1027,Письмо К.Э. Циолковского к редактору газеты Лашмакову,"Letter of K. E. Tsiolkovsky to Lashmakov, editor of the newspaper"
1028,Письмо К.Э. Циолковского к писателю Лею Вилли (Ley Willy),Letter from K. E. Tsiolkovsky to the writer Willy Ley (Ley Willy)
1029,"Письма К.Э. Циолковского к ученому, химику Менделееву Дмитрию Ивановичу","Letters of K. E. Tsiolkovsky to Mendeleyev Dmitri Ivanovich, scientist, chemist"
1030,Письма К.Э. Циолковского к писателю Перельману Якову Исидоровичу,Letters from K. E. Tsiolkovsky to the writer Yakov Isidorovich Perelman
1031,Письмо К.Э. Циолковского к Э.Л. Пороховщиковой [владелица типографии],Letter from K. E. Tsiolkovsky to E. L. Porokhovshchikova [owner of a printing house]
1032,Письма К.Э. Циолковского к Рапопорту Якову Айзиковичу,"Letters of K. E. Tsiolkovsky to Rapoport, Yakov Aizikovich"
1033,Письма К.Э. Циолковского к профессору Рынину Николаю Алексеевичу. Т. 1,"Letters of K. E. Tsiolkovsky to professor Rynin, Nikolai Alekseevich. Vol. 1"
1034,Письмо К.Э. Циолковского к профессору Рынину Николаю Алексеевичу. Т. 2,Letter from K. E. Tsiolkovsky to professor Nikolai Alekseevich Rynin. Vol. 2
1035,Письма К.Э. Циолковского к инженеру Рюмину Владимиру Владимировичу,"Letters of K. E. Tsiolkovsky to engineer Ryumin, Vladimir Vladimirovich"
1036,Письмо К.Э. Циолковского к профессору Военно-воздушной академии Семенову Виктору Александровичу,Letter of K. E. Tsiolkovsky to the professor of the Air Force Academy Semenov Viktor Alexandrovich
1037,Письмо К.Э. Циолковского к сотруднику Ленинградской астрономической обсерватории [Соловьеву] Александру Васильевичу,Letter of K. E. Tsiolkovsky to the staff member of the Leningrad Astronomical Observatory [Solovyov] Alexander Vasilyevich
1038,Письма К.Э. Циолковского к Солодкову Георгию Ильичу,"Letters of K. E. Tsiolkovsky to Solodkov, Georgy Ilyich"
1039,Письмо К.Э. Циолковского к Спектору Залману Гамшеевичу,"Letter of K. E. Tsiolkovsky to Spektor, Zalman Gamsheevich"
1040,Письма К.Э. Циолковского к профессору Московского университета Столетову Александру Григорьевичу,"Letters of K. E. Tsiolkovsky to Moscow University professor Stoletov, Alexander Grigorievich"
1041,Письма К.Э. Циолковского к начальнику Сектора оргмассовой работы ЦГИРД Фортикову Ивану Петровичу,"Letters of K. E. Tsiolkovsky to the head of the Mass Organizational Work Sector of TsGIRD Fortikov, Ivan Petrovich"
1042,Письмо К.Э. Циолковского к Ходову Зелику Философу,Letter from K. E. Tsiolkovsky to Zelik Filosof Khodov
1043,"Письмо К.Э. Циолковского к врачу, биохимику Цветикову Алексею Николаевичу",Letter from K. E. Tsiolkovsky to physician and biochemist Aleksei Nikolaevich Tsvetikov
1044,Письмо К.Э. Циолковского к дочери Циолковской Любови Констатиновне,"Letter of K. E. Tsiolkovsky to daughter Tsiolkovskaya, Lyubov Konstantinovna"
1045,Письмо К.Э. Циолковского к Чернову Виктору Михайловичу,"Letter of K. E. Tsiolkovsky to Chernov, Viktor Mikhailovich"
1046,Письма К.Э. Циолковского к Чижевскому Александру Леонидовичу,"Letters of K. E. Tsiolkovsky to Chizhevsky, Alexander Leonidovich"
1047,Письма К.Э. Циолковского к Шершевскому Александру Борисовичу,"Letters of K. E. Tsiolkovsky to Shershevsky, Alexander Borisovich"
1048,Письмо К.Э. Циолковского к Штернфельду А.Я. (Sternfeld A.Y.),Letter of K. E. Tsiolkovsky to Sternfeld A.Y.
1049,Письма К.Э. Циолковского к председателю Нижегородского кружка любителей физики и астрономии Щербакову Сергею Васильевичу,"Letters of K. E. Tsiolkovsky to the chairman of the Nizhny Novgorod circle of physics and astronomy enthusiasts Shcherbakov, Sergei Vasilyevich"
1050,Письмо К.Э. Циолковского к Нижегородскому кружку любителей физики-астрономии,Letter from K. E. Tsiolkovsky to the Nizhny Novgorod Circle of Physics and Astronomy Enthusiasts
1051,"Письмо К.Э. Циолковского к ""Юным техникам Ленинграда""","Letter of K. E. Tsiolkovsky to the ""Young Technicians of Leningrad"""
1052,Письмо К.Э. Циолковского неустановленным лицам,Letter of K. E. Tsiolkovsky to unidentified persons
1053,Замечания К.Э. Циолковского по поводу писем одного из его корреспондентов,Remarks of K. E. Tsiolkovsky concerning the letters of one of his correspondents
1054,Письма сотрудника Уральского механомашиностроительного института Абазопуло Евгения Павловича к К.Э. Циолковскому,"Letters of Abazopulo, Evgeny Pavlovich, employee of the Ural Institute of Mechanical and Machine Engineering, to K. E. Tsiolkovsky"
1055,Письма студента Новочеркассого авиационного института А. Абецедарского к К.Э. Циолковскому,"Letters of A. Abetsedarsky, student of the Novocherkassk Aviation Institute, to K. E. Tsiolkovsky"
1056,Письмо техника К. Аблекова к К.Э. Циолковскому,Letter of technician K. Ablekov to K. E. Tsiolkovsky
1057,Письмо сельскохозяйственного техника А. Абрамова к К.Э. Циолковскому,Letter of agricultural technician A. Abramov to K. E. Tsiolkovsky
1058,Письмо студента 2 курса Техникума точной механики-электрометрической отделки Л. Аврутиса к К.Э. Циолковскому,"Letter of L. Avrutis, 2nd-year student of the Technical School of Precision Mechanics and Electrometric Finishing, to K. E. Tsiolkovsky"
1059,Письмо вычислительницы Одесской обсерватории Н. Авсенева к К.Э. Циолковскому,"Letter of N. Avseneva, computer of the Odessa Observatory, to K. E. Tsiolkovsky"
1060,Письма Б.В. Агафонова к К.Э. Циолковскому,Letters of B. V. Agafonov to K. E. Tsiolkovsky
1061,Письмо инженера НИИВОГВФ Аксюнина Степана Александровича к К.Э. Циолковскому,"Letter of engineer of NIIVOGVF Aksyunin, Stepan Alexandrovich, to K. E. Tsiolkovsky"
1062,Письма И. Александр[ов]а к К.Э. Циолковскому,Letters of I. Aleksandr[ov] to K. E. Tsiolkovsky
1063,Письма В.А. Александрова к К.Э. Циолковскому,Letters of V. A. Alexandrov to K. E. Tsiolkovsky
1064,Письмо Н.К. Александровича к К.Э. Циолковскому,Letter of N. K. Alexandrovich to K. E. Tsiolkovsky
1065,Письма Алексеева Ивана Ивановича к К.Э. Циолковскому,"Letters of Alekseev, Ivan Ivanovich, to K. E. Tsiolkovsky"
1066,Письмо Альбова Николая Ивановича к К.Э. Циолковскому,"Letter of Albov, Nikolai Ivanovich, to K. E. Tsiolkovsky"
1067,Письмо военного летчика В. Анашева к К.Э. Циолковскому,Letter of military pilot V. Anashev to K. E. Tsiolkovsky
1068,Письмо Андрезена Владимира к К.Э. Циолковскому,"Letter of Andrezen, Vladimir, to K. E. Tsiolkovsky"
1069,Письма астронома Андренко Леонида Леонидовича и Андренко Анны Васильевной к К.Э. Циолковскому,"Letters of astronomer Andrenko, Leonid Leonidovich, and Andrenko, Anna Vasilyevna, to K. E. Tsiolkovsky"
1070,"Письмо зав. редакцией ""Вестника воздушного флота"" Анощенко Николая Дмитриевича к К.Э. Циолковскому","Letter of the head of the editorial office of ""Herald of the Air Fleet"" Anoshchenko, Nikolai Dmitrievich, to K. E. Tsiolkovsky"
1071,Письмо подпоручика артеллерии Аполлова к К.Э. Циолковскому,Letter of artillery sub-lieutenant Apollov to K. E. Tsiolkovsky
1072,Письмо зав. астрономическим бюро Аптер Зинаиды Марковны к К.Э. Циолковскому,"Letter of the head of the astronomical bureau Apter, Zinaida Markovna, to K. E. Tsiolkovsky"
1073,Письмо полковника Аргамакова Александра Павловича к К.Э. Циолковскому,Letter of colonel Argamakov Alexander Pavlovich to K. E. Tsiolkovsky
1074,Письмо А. Арендта к К.Э. Циолковскому,Letter of A. Arendt to K. E. Tsiolkovsky
1075,Письмо астронома Аристовой Татьяны Дмитриевной к К.Э. Циолковскому,"Letter of astronomer Aristova, Tatyana Dmitrievna, to K. E. Tsiolkovsky"
1076,Письмо А.Н. Артамонова к К.Э. Циолковскому,Letter from A. N. Artamonov to K. E. Tsiolkovsky
1077,Письмо горного инженера Арцта Люциана Леопольдовича к К.Э. Циолковскому,Letter from mining engineer Artst Lyutsian Leopoldovich to K. E. Tsiolkovsky
1078,Письмо студента Донского политехнического института Ф.Н. Артынова к К.Э. Циолковскому,Letter from student of the Don Polytechnic Institute F. N. Artynov to K. E. Tsiolkovsky
1079,Письма энтомолога областного земельного управления г. Киева Артюхина Петра Ивановича к К.Э. Циолковскому,Letters from entomologist of the Kiev Regional Land Administration Artyukhin Petr Ivanovich to K. E. Tsiolkovsky
1080,Письмо Архангельского Петра Николаевича к К.Э. Циолковскому,Letter from Arkhangelsky Petr Nikolaevich to K. E. Tsiolkovsky
1081,Письмо инженера Н. Архипова к К.Э. Циолковскому,Letter from engineer N. Arkhipov to K. E. Tsiolkovsky
1082,"Письма инженер-аэромеханика, зав. Воздухоплавательным отделением Высшего аэромеханического института Ф. Ассберга к К.Э. Циолковскому","Letters from aeromechanical engineer, head of the Aeronautical Department of the Higher Aeromechanical Institute, F. Assberg to K. E. Tsiolkovsky"
1083,Письма инженера Ассонова Александра Васильевича к К.Э. Циолковскому,Letters from engineer Assonov Alexander Vasilyevich to K. E. Tsiolkovsky
1084,Письма инженера Ассонова Владимира Васильевича к К.Э. Циолковскому,Letters from engineer Assonov Vladimir Vasilyevich to K. E. Tsiolkovsky
1085,Письмо А. Ассоновой (матери А.В. и В.В. Ассоновых) к К.Э. Циолковскому,Letter from A. Assonova (mother of A. V. and V. V. Assonov) to K. E. Tsiolkovsky
1086,Письмо Афанасенко Василия Константиновича к К.Э. Циолковскому,Letter from Afanasenko Vasily Konstantinovich to K. E. Tsiolkovsky
1087,Письмо В.П. Афанасьева к К.Э. Циолковскому,Letter from V. P. Afanasyev to K. E. Tsiolkovsky
1088,Письмо И.Н. Бабикова к К.Э. Циолковскому,Letter from I. N. Babikov to K. E. Tsiolkovsky
1089,Письмо В.Н. Баданина к К.Э. Циолковскому,Letter from V. N. Badanin to K. E. Tsiolkovsky
1090,"Письма председателя ""Культурно-земельного общества"" Баженова Бориса Васильевича к К.Э. Циолковскому","Letters from chairman of the ""Cultural-Land Society"" Bazhenov Boris Vasilyevich to K. E. Tsiolkovsky"
1091,Письмо Валентина Балашова к К.Э. Циолковскому,Letter from Valentin Balashov to K. E. Tsiolkovsky
1092,Письмо Балашовых Алексея и Ксении к К.Э. Циолковскому,Letter from Alexei and Ksenia Balashov to K. E. Tsiolkovsky
1093,Письмо профессора Банахевича Тадеуша Артуровича к К.Э. Циолковскому,Letter from professor Banachiewicz Tadeusz Arturovich to K. E. Tsiolkovsky
1094,Письмо В.Н. Банухина к К.Э. Циолковскому,Letter from V. N. Banukhin to K. E. Tsiolkovsky
1095,Письмо Ф.П. Барсукова к К.Э. Циолковскому,Letter from F. P. Barsukov to K. E. Tsiolkovsky
1096,Письма Бартко Александра И. к К.Э. Циолковскому,Letters from Bartko Alexander I. to K. E. Tsiolkovsky
1097,Письмо Батиева к К.Э. Циолковскому,Letter from Batiev to K. E. Tsiolkovsky
1098,Письма Бачинского Алексея Иосифовича к К.Э. Циолковскому,Letters from Bachinsky Alexei Iosifovich to K. E. Tsiolkovsky
1099,Письма Башкирова Ивана Сергеевича к К.Э. Циолковскому,Letters from Bashkirov Ivan Sergeevich to K. E. Tsiolkovsky
1100,Письмо профессора Безсонова Сергея Васильевича К.Э. Циолковскому,Letter from professor Bezsonov Sergei Vasilyevich to K. E. Tsiolkovsky
1101,Письмо студентки Энергетического института (3-й курс) Безсоновой Елены Сергеевны (дочь проф. С.В. Безсонова) к К.Э. Циолковскому,Letter from student of the Energy Institute (3rd year) Bezsonova Elena Sergeevna (daughter of prof. S. V. Bezsonov) to K. E. Tsiolkovsky
1102,Письмо Бека Александра (Веска) к К.Э. Циолковскому,Letter from Bek Alexander (Veska) to K. E. Tsiolkovsky
1103,Письмо медсестры А.В. Беккаревич к К.Э. Циолковскому,Letter from nurse A. V. Bekkarevich to K. E. Tsiolkovsky
1104,Письмо А. Белавенцева к К.Э. Циолковскому,Letter from A. Belaventsev to K. E. Tsiolkovsky
1105,Письма Белевича Бориса Александровича к К.Э. Циолковскому,Letters from Belevich Boris Alexandrovich to K. E. Tsiolkovsky
1106,Письмо инженер-строителя М.Н. Белевцева к К.Э. Циолковскому,Letter from construction engineer M. N. Belevtsev to K. E. Tsiolkovsky
1107,Письмо Беленкова Павла Ивановича к К.Э. Циолковскому,Letter from Belenkov Pavel Ivanovich to K. E. Tsiolkovsky
1108,Письма юрисконсульта и друга детства Белопольского Петра Васильевича к К.Э. Циолковскому,Letters from legal counsel and childhood friend Belopolsky Petr Vasilyevich to K. E. Tsiolkovsky
1109,Письмо Белоусовой Марьи к К.Э. Циолковскому,Letter from Belousova Marya to K. E. Tsiolkovsky
1110,Письмо писателя Беляева Александра Романовича к К.Э. Циолковскому,Letter from writer Alexander Romanovich Belyaev to K. E. Tsiolkovsky
1111,Письмо Беляевой М. (жена писателя А.Р. Беляева) к К.Э. Циолковскому,Letter from Belyaeva M. (wife of writer A. R. Belyaev) to K. E. Tsiolkovsky
1112,Письмо Бергера Наума к К.Э. Циолковскому,Letter from Berger Naum to K. E. Tsiolkovsky
1113,Письмо Береснева С. к К.Э. Циолковскому,Letter from Beresnev S. to K. E. Tsiolkovsky
1114,Письмо Бескишкина С.Н. и Спотапуло Н.К. к К.Э. Циолковскому,Letter from Beskishkin S. N. and Spotapulo N. K. to K. E. Tsiolkovsky
1115,Письмо студента 4 курса Московского химического техникума Бесчастного Алексея к К.Э. Циолковскому,Letter from 4th-year student of the Moscow Chemical Technical School Beschastny Alexei to K. E. Tsiolkovsky
1116,"Письмо учителя, члена ЦГИРДа Бикчентаева Анвера Гадеевича к К.Э. Циолковскому","Letter of teacher, member of the Central Group for the Study of Reactive Motion (TsGIRD) Bikchentaev Anver Gadeevich to K. E. Tsiolkovsky"
1117,Письмо Бирючинского к К.Э. Циолковскому,Letter of Biryuchinsky to K. E. Tsiolkovsky
1118,Письмо инженера Бихеле Глеба к К.Э. Циолковскому,Letter of engineer Bikhele Gleb to K. E. Tsiolkovsky
1119,Письма Благовещенского Бориса Сергеевича к К.Э. Циолковскому,Letters of Boris Sergeevich Blagoveshchensky to K. E. Tsiolkovsky
1120,Письма Блохинцева Дмитрия И. к К.Э. Циолковскому,Letters of Blokhintsev Dmitry I. to K. E. Tsiolkovsky
1121,Письмо Бобовича В.М. к К.Э. Циолковскому,Letter of Bobovich V.M. to K. E. Tsiolkovsky
1122,Письмо Богданова П.С. к К.Э. Циолковскому,Letter of Bogdanov P.S. to K. E. Tsiolkovsky
1123,Письмо инженера-технопога пирогенных процессов Московского технологического института Богодарова А.Н. к К.Э. Циолковскому,Letter of engineer-technologist of pyrogenic processes of the Moscow Technological Institute Bogodarov A.N. to K. E. Tsiolkovsky
1124,Письмо Богольнова Михаила к К.Э. Циолковскому,Letter of Bogolnov Mikhail to K. E. Tsiolkovsky
1125,Письмо Бодло А.А. к К.Э. Циолковскому,Letter of Bodlo A.A. to K. E. Tsiolkovsky
1126,Письмо студента 3 курса наземных сооружений В. Ф.(уч[ебно]-стр[оительный] комбинат) В.А. Бокулева к К.Э. Циолковскому,Letter of 3rd-year student of ground structures V. F. (educational-construction combine) V.A. Bokulev to K. E. Tsiolkovsky
1127,Письмо Болотрикова Павла Ивановича к К.Э. Циолковскому,Letter of Bolotrikov Pavel Ivanovich to K. E. Tsiolkovsky
1128,Письма Борисова Александра С. к К.Э. Циолковскому,Letters of Borisov Alexander S. to K. E. Tsiolkovsky
1129,Письмо Борисова Ив[ана] Петр[овича] к К.Э. Циолковскому,Letter of Borisov Iv[an] Petr[ovich] to K. E. Tsiolkovsky
1130,Письма студента П. Борисова к К.Э. Циолковскому,Letters of student P. Borisov to K. E. Tsiolkovsky
1131,Письмо Борисовой Нины к К.Э. Циолковскому,Letter of Borisova Nina to K. E. Tsiolkovsky
1132,Письмо сотрудника группы реактивных двигателей [ГРД] Бородаева Ив[ана] к К.Э. Циолковскому,Letter of staff member of the reactive engine group [GRD] Borodaev Iv[an] to K. E. Tsiolkovsky
1133,Письмо члена общества Р.О.Л.М. Бородулина Николая К. к К.Э. Циолковскому,Letter of member of the R.O.L.M. society Borodulin Nikolai K. to K. E. Tsiolkovsky
1134,Письмо студента авиационного техникума Н.Н. Боронина к К.Э. Циолковскому,Letter of aviation technical school student N.N. Boronin to K. E. Tsiolkovsky
1135,Письма студента Электро-механического техникума Борща Виктора Петровича к К.Э. Циолковскому,Letters of Electro-Mechanical Technical School student Borshch Viktor Petrovich to K. E. Tsiolkovsky
1136,Письма Босенко Петра Петровича к К.Э. Циолковскому,Letters of Bosenko Pyotr Petrovich to K. E. Tsiolkovsky
1137,Письмо лектора-антирелигиозника (педагога) Ю.В. Бошенятова к К.Э. Циолковскому,Letter of anti-religious lecturer (educator) Yu.V. Boshenyatov to K. E. Tsiolkovsky
1138,Письма инженера Б.Н. Брандта к К.Э. Циолковскому,Letters of engineer B.N. Brandt to K. E. Tsiolkovsky
1139,"Письма [агронома, милиоратора] Бровареца Алексея Евдокимовича к К.Э. Циолковскому","Letters of [agronomist, land reclamation specialist] Brovarets Alexei Yevdokimovich to K. E. Tsiolkovsky"
1140,Письма писателя Брюгеля Веркера (Brugl W.) к К.Э. Циолковскому,Letters of writer Brugel Verker (Brugl W.) to K. E. Tsiolkovsky
1141,Письмо А.П. Булавенко к К.Э. Циолковскому,Letter of A.P. Bulavenko to K. E. Tsiolkovsky
1142,Письмо токаря государственного завода пишущих машин Булатова Рауфа Вафича к К.Э. Циолковскому,Letter of lathe operator of the state typewriter factory Bulatov Rauf Vafich to K. E. Tsiolkovsky
1143,Письмо Бунескула Евгения Григорьевича к К.Э. Циолковскому,Letter of Buneskul Yevgeny Grigoryevich to K. E. Tsiolkovsky
1144,Письмо инженера воздушного флота Бураго Георгия Федоровича к К.Э. Циолковскому,Letter of air fleet engineer Burago Georgy Fedorovich to K. E. Tsiolkovsky
1145,Письма поэта-футуриста Бурлюка Давида Давидовича к К.Э. Циолковскому,Letters of futurist poet Burliuk David Davidovich to K. E. Tsiolkovsky
1146,Письмо А. Бурмистрова к К.Э. Циолковскому,Letter of A. Burmistrov to K. E. Tsiolkovsky
1147,Письма Бутурлина Сергея Александровича к К.Э. Циолковскому,Letters of Buturlin Sergei Alexandrovich to K. E. Tsiolkovsky
1148,Письмо Буховеца Виталия к К.Э. Циолковскому,Letter of Bukhovets Vitaly to K. E. Tsiolkovsky
1149,"Письмо слесаря-инструментальщика, студента 4 курса рабфака Быкова Леонида Тихоновича к К.Э. Циолковскому","Letter of tool-fitter, 4th-year student of the workers' faculty Bykov Leonid Tikhonovich to K. E. Tsiolkovsky"
1150,Письмо изобретателя Ю. Былинского к К.Э. Циолковскому,Letter of inventor Yu. Bylinsky to K. E. Tsiolkovsky
1151,Письмо юриста Быстрицкого Александра Евгеньевича к К.Э. Циолковскому,Letter of lawyer Bystritsky Alexander Yevgenyevich to K. E. Tsiolkovsky
1152,Письмо артиста миманса ГАБТ (мимического ансамбля) Бычкова Гарри к К.Э. Циолковскому,Letter of mime ensemble artist of the Bolshoi Theater (GABT) Bychkov Harry to K. E. Tsiolkovsky
1153,Письмо Бычковского Влад[имир]а к К.Э. Циолковскому,Letter of Bychkovsky Vlad[imir] to K. E. Tsiolkovsky
1154,Письмо А. Вакулича к К.Э. Циолковскому,Letter of A. Vakulich to K. E. Tsiolkovsky
1155,Письмо студента Московского автодорожного института В.П. Ванчурова к К.Э. Циолковскому,"Letter of V. P. Vanchurov, student of the Moscow Automobile and Road Institute, to K. E. Tsiolkovsky"
1156,Письмо педагога-математика Васильева Александра Андреевича к К.Э. Циолковскому,"Letter of Vasilyev Alexander Andreyevich, mathematics teacher, to K. E. Tsiolkovsky"
1157,Письма Л.А. Васильева к К.Э. Циолковскому,Letters of L. A. Vasilyev to K. E. Tsiolkovsky
1158,Письма студента Ленинградского авиатехникума Васяева Григория к К.Э. Циолковскому,"Letters of Grigory Vasyaev, student of the Leningrad Aviation Technical School, to K. E. Tsiolkovsky"
1159,Письмо В. Венгерова к К.Э. Циолковскому,Letter of V. Vengerov to K. E. Tsiolkovsky
1160,Письма Верьяненкова Якова Карповича к К.Э. Циолковскому,Letters of Veryanenkov Yakov Karpovich to K. E. Tsiolkovsky
1161,Письмо Т.Е. Вестмана к К.Э. Циолковскому,Letter of T. E. Vestman to K. E. Tsiolkovsky
1162,Письмо профессора Ветчинкина Владимира Петровича к К.Э. Циолковскому,Letter of Professor Vetchinkin Vladimir Petrovich to K. E. Tsiolkovsky
1163,"Письмо инженера, доцента Ленинградского Лесного института Ветчинкина Николая Сергеевича к К.Э. Циолковскому","Letter of Vetchinkin Nikolai Sergeyevich, engineer, docent of the Leningrad Forestry Institute, to K. E. Tsiolkovsky"
1164,Письмо школьников В. Вигдерчана и А. Гауза к К.Э. Циолковскому,Letter of schoolchildren V. Vigderchan and A. Gauz to K. E. Tsiolkovsky
1165,Письмо Виницкой Ольги В. к К.Э. Циолковскому,Letter of Vinitskaya Olga V. to K. E. Tsiolkovsky
1166,Письмо ассистента секретаря Королевского общества Р. Винкворта (Winckworth R) к К.Э. Циолковскому,"Letter of R. Winckworth (Winckworth R), assistant secretary of the Royal Society, to K. E. Tsiolkovsky"
1167,Письмо учителя К. Виноградова к К.Э. Циолковскому,"Letter of K. Vinogradov, teacher, to K. E. Tsiolkovsky"
1168,Письмо студента 4 курса Московского авиационного института Винокура Ильи Федоровича к К.Э. Циолковскому,"Letter of Vinokur Ilya Fedorovich, 4th-year student of the Moscow Aviation Institute, to K. E. Tsiolkovsky"
1169,Письма начальника отрганизационного отдела общего отдела Главвоздухфлота Вишнева Владимира Михайловича к К.Э. Циолковскому,"Letters of Vishnev Vladimir Mikhailovich, head of the organizational section of the general department of Glavvozdukhflot, to K. E. Tsiolkovsky"
1170,Письмо Н. Вишнякова к К.Э. Циолковскому,Letter of N. Vishnyakov to K. E. Tsiolkovsky
1171,Письмо Вишнякова Сергея Владимировича к К.Э. Циолковскому,Letter of Vishnyakov Sergei Vladimirovich to K. E. Tsiolkovsky
1172,Письмо Войды Александра Николаевича к К.Э. Циолковскому,Letter of Voyda Alexander Nikolayevich to K. E. Tsiolkovsky
1173,Письма Волкова Ивана Ивановича к К.Э. Циолковскому,Letters of Volkov Ivan Ivanovich to K. E. Tsiolkovsky
1174,"Письмо Студента 3 курса Ленинградского индустриального политехникума, Волкова Ник[олая] Зос[имовича] к К.Э. Циолковскому","Letter of Volkov Nik[olai] Zos[imovich], 3rd-year student of the Leningrad Industrial Polytechnic School, to K. E. Tsiolkovsky"
1175,Письма Н.М. Волкова к К.Э. Циолковскому,Letters of N. M. Volkov to K. E. Tsiolkovsky
1176,Письмо Волынской Марии Алексеевны к К.Э. Циолковскому,Letter of Volynskaya Maria Alekseyevna to K. E. Tsiolkovsky
1177,"Письма инженера, преподавателя Института инженеров путей сообщения, Ленинградского Политехнического института и Военной воздухоплавательной школы к К.Э. Циолковскому","Letters of an engineer, lecturer of the Institute of Railway Engineers, the Leningrad Polytechnic Institute and the Military Aeronautical School, to K. E. Tsiolkovsky"
1178,Письмо инженера Воробьева Бориса Никитича к К.Э. Циолковскому,"Letter of Vorobyev Boris Nikitich, engineer, to K. E. Tsiolkovsky"
1179,Письмо Воробьёвой Варвары Ивановны к К.Э. Циолковскому,Letter of Vorobyova Varvara Ivanovna to K. E. Tsiolkovsky
1180,Письмо В.В. Ворошилова к К.Э. Циолковскому,Letter of V. V. Voroshilov to K. E. Tsiolkovsky
1181,Письмо Н.Д. Восокобойникова к К.Э. Циолковскому,Letter of N. D. Vosokoboynikov to K. E. Tsiolkovsky
1182,Письма Выгузова Александра Андреевича к К.Э. Циолковскому,Letters of Vyguzov Alexander Andreyevich to K. E. Tsiolkovsky
1183,Письмо Гаврилова к К.Э. Циолковскому,Letter of Gavrilov to K. E. Tsiolkovsky
1184,Письма Галаховой Варвары Яковлевной к К.Э. Циолковскому,Letters of Galakhova Varvara Yakovlevna to K. E. Tsiolkovsky
1185,Письмо В. Галицкого к К.Э. Циолковскому,Letter of V. Galitsky to K. E. Tsiolkovsky
1186,Письма Галкина Нила к К.Э. Циолковскому,Letters of Galkin Nil to K. E. Tsiolkovsky
1187,Письма М.А. Гарбузова к К.Э. Циолковскому,Letters of M. A. Garbuzov to K. E. Tsiolkovsky
1188,Письмо Гейнаца Игоря Григорьевича к К.Э. Циолковскому,Letter of Geynats Igor Grigoryevich to K. E. Tsiolkovsky
1189,Письма писателя Геко Юрия Вячеславовича к К.Э. Циолковскому,"Letters of Geko Yuri Vyacheslavovich, writer, to K. E. Tsiolkovsky"
1190,"Письмо рабочего завода ""Самоточка"", студента ВТУЗа Герасимова Марка к К.Э. Циолковскому","Letter of Gerasimov Mark, worker at the ""Samotochka"" plant, student of a VTUZ, to K. E. Tsiolkovsky"
1191,"Письма технического редактора журнала ""Аэростат"", издаваемого ОДВФ РСФСР, Германа Юрия Николаевича к К.Э. Циолковскому","Letters of German Yuri Nikolayevich, technical editor of the journal ""Aerostat"", published by the ODVF RSFSR, to K. E. Tsiolkovsky"
1192,Письмо Гильберта Степана Фомича к К.Э. Циолковскому,Letter of Gilbert Stepan Fomich to K. E. Tsiolkovsky
1193,Письмо Я.С. Гинцбурга к К.Э. Циолковскому,Letter from Ya. S. Gintsburg to K. E. Tsiolkovsky
1194,Письмо слушателя Академии Военно-воздушного флота РККА Глазова Сергея Сергеевича к К.Э. Циолковскому,"Letter from Sergei Sergeevich Glazov, a student of the Air Force Academy of the RKKA, to K. E. Tsiolkovsky"
1195,Письмо писателя Глебова к К.Э. Циолковскому,Letter from the writer Glebov to K. E. Tsiolkovsky
1196,Письмо Б.В. Глебовича к К.Э. Циолковскому,Letter from B. V. Glebovich to K. E. Tsiolkovsky
1197,Письмо Глухарева Николая Поликар[повича] к К.Э. Циолковскому,Letter from Nikolai Polikar[povich] Glukharev to K. E. Tsiolkovsky
1198,Письма инженера Глушко Валентина Петровича к К.Э. Циолковскому,Letters from the engineer Valentin Petrovich Glushko to K. E. Tsiolkovsky
1199,Письма Голитовского Геннадия к К.Э. Циолковскому,Letters from Gennady Golitovsky to K. E. Tsiolkovsky
1200,Письмо студентов 1-го Петроградского политехнического института им. Калинина Л. Голубева и К. Кор[...]а к К.Э. Циолковскому,"Letter from L. Golubev and K. Kor[...]a, students of the 1st Petrograd Polytechnic Institute named after Kalinin, to K. E. Tsiolkovsky"
1201,Письма бывшего ученика Калужского уездного училища Гольцова Ивана Алексеевича к К.Э. Циолковскому,"Letters from Ivan Alekseevich Goltsov, a former pupil of the Kaluga uyezd school, to K. E. Tsiolkovsky"
1202,Письма А.Н. Гордова к К.Э. Циолковскому,Letters of A. N. Gordov to K. E. Tsiolkovsky
1203,Письмо С.И. Городова к К.Э. Циолковскому,Letter from S. I. Gorodov to K. E. Tsiolkovsky
1204,Телеграмма писателя М. Горького [Алексей Максимович Пешков] к К.Э. Циолковскому,Telegram from the writer M. Gorky [Alexei Maksimovich Peshkov] to K. E. Tsiolkovsky
1205,Письмо члена кружка любителей физики и астрономии Горяинова к К.Э. Циолковскому,"Letter from Goryainov, a member of the physics and astronomy amateurs' circle, to K. E. Tsiolkovsky"
1206,Письмо Гофедитца Ник[олая] к К.Э. Циолковскому,Letter from Nik[olai] Gofeditts to K. E. Tsiolkovsky
1207,Письмо писателя Граве Сергея Людвиговича к К.Э. Циолковскому,Letter from the writer Sergei Ludvigovich Grave to K. E. Tsiolkovsky
1208,Письмо красноармейца Гребенюка к К.Э. Циолковскому,Letter from the Red Army soldier Grebenyuk to K. E. Tsiolkovsky
1209,Письма Грибакина Германа Васильевича к К.Э. Циолковскому,Letters from German Vasilyevich Gribakin to K. E. Tsiolkovsky
1210,Письмо учителя Григорьева Аркадия Петровича к К.Э. Циолковскому,Letter from the teacher Arkady Petrovich Grigoriev to K. E. Tsiolkovsky
1211,Письмо Григорьева А.Я к К.Э. Циолковскому,Letter from A. Ya. Grigoriev to K. E. Tsiolkovsky
1212,Письмо студента машиностроительного факультета Московского ВТУЗа Григорьева Сергея Николаевича к К.Э. Циолковскому,"Letter from Sergei Nikolaevich Grigoriev, a student of the mechanical engineering faculty of the Moscow VTUZ, to K. E. Tsiolkovsky"
1213,Письма студента Высшего Московского технического училища инженерно-строительного факультета Груздева Петра Алексеевича к К.Э. Циолковскому,"Letters from Pyotr Alekseevich Gruzdev, a student of the civil engineering faculty of the Moscow Higher Technical School, to K. E. Tsiolkovsky"
1214,Письма от В. Гулина к К.Э. Циолковскому,Letters from V. Gulin to K. E. Tsiolkovsky
1215,Письмо М. Гуревича к К.Э. Циолковскому,Letter from M. Gurevich to K. E. Tsiolkovsky
1216,Письмо профессора Смоленского государственного университета М. Даняна к К.Э. Циолковскому,"Letter from M. Danyan, a professor of Smolensk State University, to K. E. Tsiolkovsky"
1217,Письмо [писателя] Дашевского Бориса Леонтьевича к К.Э. Циолковскому,Letter from [the writer] Boris Leontyevich Dashevsky to K. E. Tsiolkovsky
1218,Письмо Демидова Константина Васильевича к К.Э. Циолковскому,Letter from Konstantin Vasilyevich Demidov to K. E. Tsiolkovsky
1219,Письмо студента МИЭИ Демина Алексея Петровича к К.Э. Циолковскому,"Letter from Alexei Petrovich Demin, a student of the MIEI, to K. E. Tsiolkovsky"
1220,Письмо Н. Дерибазова к К.Э. Циолковскому,Letter from N. Deribazov to K. E. Tsiolkovsky
1221,Письмо аспиранта НИИ физики инженера электромеханика Лаборатории Московского электрозавода Джапаридзе Виктора Аркадьевича к К.Э. Циолковскому,"Letter from Viktor Arkadyevich Dzhaparidze, a graduate student at the Physics Research Institute, engineer-electromechanic of the Laboratory of the Moscow Elektrozavod, to K. E. Tsiolkovsky"
1222,"Письма учительницы Дмитриевой Елизаветы Николаевны, жены авиатора Дмитриева Николая Михайловича к К.Э. Циолковскому","Letters from the teacher Elizaveta Nikolaevna Dmitrieva, wife of the aviator Nikolai Mikhailovich Dmitriev, to K. E. Tsiolkovsky"
1223,Письмо Дневского Ивана Александровича к К.Э. Циолковскому,Letter from Ivan Alexandrovich Dnevsky to K. E. Tsiolkovsky
1224,Письмо Добрецова Николая Николаевича к К.Э. Циолковскому,Letter from Nikolai Nikolaevich Dobretsov to K. E. Tsiolkovsky
1225,Письмо Доброгаева Игоря к К.Э. Циолковскому,Letter from Igor Dobrogaev to K. E. Tsiolkovsky
1226,Письмо Дондука Виктора к К.Э. Циолковскому,Letter from Viktor Donduk to K. E. Tsiolkovsky
1227,Письмо слесаря И. Доронина к К.Э. Циолковскому,Letter from the locksmith I. Doronin to K. E. Tsiolkovsky
1228,Письмо профессора Сибирской сельскохозяйственной Академии Драверта Петра Людовиков[ича] к К.Э. Циолковскому,"Letter from Pyotr Lyudvikov[ich] Dravert, a professor of the Siberian Agricultural Academy, to K. E. Tsiolkovsky"
1229,Письмо инженера-конструктора С.Н. Драновского к К.Э. Циолковскому,Letter from the design engineer S. N. Dranovsky to K. E. Tsiolkovsky
1230,Письмо Драчука Сергея Матвеевича к К.Э. Циолковскому,Letter from Sergei Matveevich Drachuk to K. E. Tsiolkovsky
1231,Письмо члена Русского общества любителей мироведения (РОЛМ) Р.Л. Дрейзина к К.Э. Циолковскому,"Letter from R. L. Dreizin, a member of the Russian Society of World-Study Amateurs (ROLM), to K. E. Tsiolkovsky"
1232,Письма члена Русского общества любителей мироведения (РОЛМ) С. Дроздова к К.Э. Циолковскому,"Letters from S. Drozdov, a member of the Russian Society of World-Study Amateurs (ROLM), to K. E. Tsiolkovsky"
1233,Письмо рабочего М.К. Дружинина к К.Э. Циолковскому,Letter of worker M. K. Druzhinin to K. E. Tsiolkovsky
1234,Письмо Н. Дубинского к К.Э. Циолковскому,Letter of N. Dubinsky to K. E. Tsiolkovsky
1235,Письмо Дугина Сергея Александровича к К.Э. Циолковскому,Letter of Dugin Sergei Alexandrovich to K. E. Tsiolkovsky
1236,Письма председателя кружка юных любителей астрономии и физики Думаревского Сергея Сергеевича к К.Э. Циолковскому,Letters of the chairman of the circle of young amateurs of astronomy and physics Dumarevsky Sergei Sergeevich to K. E. Tsiolkovsky
1237,Письмо журналиста В.А. Дылева к К.Э. Циолковскому,Letter of the journalist V. A. Dylev to K. E. Tsiolkovsky
1238,Письма учителя Технической школы И.А. Дьякова к К.Э. Циолковскому,Letters of the teacher of the Technical School I. A. Dyakov to K. E. Tsiolkovsky
1239,Письмо Дюнина Аркадия Константиновича к К.Э. Циолковскому,Letter of Dyunin Arkady Konstantinovich to K. E. Tsiolkovsky
1240,Письмо профессора Томского технологического института М.И. Евдокимова-Ростоцкого к К.Э. Циолковскому,Letter of the professor of the Tomsk Technological Institute M. I. Evdokimov-Rostotsky to K. E. Tsiolkovsky
1241,Письмо журналиста С.С. Емелина к К.Э. Циолковскому,Letter of the journalist S. S. Emelin to K. E. Tsiolkovsky
1242,Письмо Емельянова Ал. Ив[ановича] к К.Э. Циолковскому,Letter of Emelyanov Al. Iv[anovich] to K. E. Tsiolkovsky
1243,Письмо студента Есменского Игоря к К.Э. Циолковскому,Letter of the student Esmensky Igor to K. E. Tsiolkovsky
1244,Письмо Ефимова Вл[адимира] Вас[ильевича] к К.Э. Циолковскому,Letter of Efimov Vl[adimir] Vas[ilyevich] to K. E. Tsiolkovsky
1245,Письма начинающего писателя Ефременкова Василия Конс[тантиновича] к К.Э. Циолковскому,Letters of the beginning writer Efremenkov Vasily Kons[tantinovich] to K. E. Tsiolkovsky
1246,Письмо преподавателя курсов Ефремова Леонида Ник. к К.Э. Циолковскому,Letter of the course instructor Efremov Leonid Nik. to K. E. Tsiolkovsky
1247,Письмо секретаря научно-технического кружка авиастроительного факультета Ленинградского политехнического института им. М.И. Калинина Н. Ефремова к К.Э. Циолковскому,Letter of the secretary of the scientific-technical circle of the aircraft-building faculty of the Leningrad Polytechnic Institute named after M. I. Kalinin N. Efremov to K. E. Tsiolkovsky
1248,Письма Желтова Федора Алексеевича к К.Э. Циолковскому,Letters of Zheltov Fyodor Alekseevich to K. E. Tsiolkovsky
1249,Письмо сотрудника физико-механического института инженерной Акакдемии Н.А. Желудева к К.Э. Циолковскому,Letter of the staff member of the physico-mechanical institute of the Engineering Academy N. A. Zheludev to K. E. Tsiolkovsky
1250,"Письмо инженера-механика, конструктора преподавателя ВУЗ-ов Л. Жигалина к К.Э. Циолковскому","Letter of the mechanical engineer, designer, teacher of higher educational institutions L. Zhigalin to K. E. Tsiolkovsky"
1251,"Письмо инструментальщика спичечной фабрики ""Красная звезда"" Жукова Василия Григорьевича к К.Э. Циолковскому","Letter of the tool maker of the ""Krasnaya Zvezda"" match factory Zhukov Vasily Grigoryevich to K. E. Tsiolkovsky"
1252,Письмо инженера И.Д. Жукова к К.Э. Циолковскому,Letter of the engineer I. D. Zhukov to K. E. Tsiolkovsky
1253,Письма кинорежиссера Журавлева Василия Николаевича к К.Э. Циолковскому,Letters of the film director Zhuravlev Vasily Nikolaevich to K. E. Tsiolkovsky
1254,Письма литератора Заболоцкого Николая Алексеевича к К.Э. Циолковскому,Letters of the writer Zabolotsky Nikolai Alekseevich to K. E. Tsiolkovsky
1255,Письмо студента Днепропетровского Горного института геологоразведочного факультета Заводовского Василия Ивановича к К.Э. Циолковскому,Letter of the student of the Dnepropetrovsk Mining Institute geological prospecting faculty Zavodovsky Vasily Ivanovich to K. E. Tsiolkovsky
1256,Письмо надсмотрщика телеграфа Закауро Александра Никифоровича к К.Э. Циолковскому,Letter of the telegraph overseer Zakauro Alexander Nikiforovich to K. E. Tsiolkovsky
1257,Письмо П. Зальцмана к К.Э. Циолковскому,Letter of P. Zaltsman to K. E. Tsiolkovsky
1258,Письма П.А. Запольского к К.Э. Циолковскому,Letters of P. A. Zapolsky to K. E. Tsiolkovsky
1259,Письмо штурмана дальнего плаванья Заславского Владимира Алексеевича к К.Э. Циолковскому,Letter of the ocean-going navigator Zaslavsky Vladimir Alekseevich to K. E. Tsiolkovsky
1260,Письмо учителя Захарина Ивана Николаевича к К.Э. Циолковскому,Letter of the teacher Zakharin Ivan Nikolaevich to K. E. Tsiolkovsky
1261,Письмо Захарова М. к К.Э. Циолковскому,Letter of Zakharov M. to K. E. Tsiolkovsky
1262,Письмо Зеленкова Василия Васильевича к К.Э. Циолковскому,Letter of Zelenkov Vasily Vasilyevich to K. E. Tsiolkovsky
1263,Письмо химика Зиновьева Михаила Григорьевича к К.Э. Циолковскому,Letter of the chemist Zinovyev Mikhail Grigoryevich to K. E. Tsiolkovsky
1264,Письмо рабочего-монтера телефона и телеграфа Знатнова Николая Васильевича к К.Э. Циолковскому,Letter of the telephone and telegraph fitter Znatnov Nikolai Vasilyevich to K. E. Tsiolkovsky
1265,Письмо Зонтарева А. к К.Э. Циолковскому,Letter of Zontarev A. to K. E. Tsiolkovsky
1266,Письма художника Зотова Владимира Семеновича к К.Э. Циолковскому,Letters of the artist Zotov Vladimir Semyonovich to K. E. Tsiolkovsky
1267,Письма профессора Харьковского Технологического института Зуева М.Д. к К.Э. Циолковскому,Letters of the professor of the Kharkov Technological Institute Zuev M. D. to K. E. Tsiolkovsky
1268,Письма графолога-эксперта Зуева-Инсарова Дмитрия Митрофановича к К.Э. Циолковскому,Letters of the graphologist-expert Zuev-Insarov Dmitry Mitrofanovich to K. E. Tsiolkovsky
1269,Письма командира Красной Армии Иванова А.И. к К.Э. Циолковскому,Letters of the Red Army commander Ivanov A. I. to K. E. Tsiolkovsky
1270,Письма Иванова Александра к К.Э. Циолковскому,Letters of Ivanov Alexander to K. E. Tsiolkovsky
1271,Письмо Иванова Григория Григорьевича к К.Э. Циолковскому,Letter from Grigory Grigorievich Ivanov to K. E. Tsiolkovsky
1272,Письма [учителя] Иванова П. к К.Э. Циолковскому,Letters from [teacher] P. Ivanov to K. E. Tsiolkovsky
1273,Письмо ученика школы ФЗУ Иванова Ю. к К.Э. Циолковскому,"Letter from Yu. Ivanov, a student of an FZU school, to K. E. Tsiolkovsky"
1274,Письмо инженера Иванова Ю.И. к К.Э. Циолковскому,Letter from engineer Yu. I. Ivanov to K. E. Tsiolkovsky
1275,Письмо журналиста Ивановского А.И. к К.Э. Циолковскому,Letter from journalist A. I. Ivanovsky to K. E. Tsiolkovsky
1276,Письмо Иванушкина И. и др. сотрудников Вычислительного Бюро Геодезического комитета ВСНХ к К.Э. Циолковскому,Letter from I. Ivanushkin and other staff members of the Computing Bureau of the Geodetic Committee of the VSNKh to K. E. Tsiolkovsky
1277,Письмо Иванченко А. к К.Э. Циолковскому,Letter from A. Ivanchenko to K. E. Tsiolkovsky
1278,Письма изобретателя Ивашнина Евгения Васильевича к К.Э. Циолковскому,Letters from inventor Evgeny Vasilyevich Ivashnin to K. E. Tsiolkovsky
1279,Письмо военнослужащего М.К. Иващенко к К.Э. Циолковскому,Letter from serviceman M. K. Ivashchenko to K. E. Tsiolkovsky
1280,Письмо В. Ильина к К.Э. Циолковскому,Letter from V. Ilyin to K. E. Tsiolkovsky
1281,Письма члена Президиума Осоавиахима Ф.Н. Ильина к К.Э. Циолковскому,"Letters from F. N. Ilyin, a member of the Presidium of Osoaviakhim, to K. E. Tsiolkovsky"
1282,Письмо сотрудника Мосфильма Л. Инденбом к К.Э. Циолковскому,"Letter from L. Indenbom, a staff member of Mosfilm, to K. E. Tsiolkovsky"
1283,Письмо М. Ионова к К.Э. Циолковскому,Letter from M. Ionov to K. E. Tsiolkovsky
1284,Письмо Истомина Алексея Сергеевича к К.Э. Циолковскому,Letter from Aleksei Sergeevich Istomin to K. E. Tsiolkovsky
1285,"Письма инженера, кандидата технических наук Кажинского Бернарда Бернардовича к К.Э. Циолковскому","Letters from Bernard Bernardovich Kazhinsky, engineer and candidate of technical sciences, to K. E. Tsiolkovsky"
1286,Письмо Б.И. Калашникова к К.Э. Циолковскому,Letter from B. I. Kalashnikov to K. E. Tsiolkovsky
1287,Письмо техника Кальмана к К.Э. Циолковскому,Letter from technician Kalman to K. E. Tsiolkovsky
1288,Письма Каннинг Лидии Георгиевны к К.Э. Циолковскому,Letters from Lidia Georgievna Kanning to K. E. Tsiolkovsky
1289,Письма Каннинга Павла Павловича к К.Э. Циолковскому,Letters from Pavel Pavlovich Kanning to K. E. Tsiolkovsky
1290,Письма Каракулина Михаила Григорьевича к К.Э. Циолковскому,Letters from Mikhail Grigorievich Karakulin to K. E. Tsiolkovsky
1291,Письмо Кардо-Сысоева К.Н. к К.Э. Циолковскому,Letter from K. N. Kardo-Sysoev to K. E. Tsiolkovsky
1292,"Письма редактора газеты "" Журнальная летопись"" Картавцова Ильи Михайловича к К.Э. Циолковскому","Letters from Ilya Mikhailovich Kartavtsov, editor of the newspaper ""Journal Chronicle"", to K. E. Tsiolkovsky"
1293,Письмо писателя Кассиля Льва Абрамовича к К.Э. Циолковскому,Letter from writer Lev Abramovich Kassil to K. E. Tsiolkovsky
1294,Письмо [учителя] Касьянова Василия Тихоновича к К.Э. Циолковскому,Letter from [teacher] Vasily Tikhonovich Kasyanov to K. E. Tsiolkovsky
1295,Письмо И.Д. Катаева к К.Э. Циолковскому,Letter from I. D. Kataev to K. E. Tsiolkovsky
1296,Письмо Квятковского В.Станиславовича к К.Э. Циолковскому,Letter from V. Stanislavovich Kvyatkovsky to K. E. Tsiolkovsky
1297,Письмо Квятковского Станислава Ивановича к К.Э. Циолковскому,Letter from Stanislav Ivanovich Kvyatkovsky to K. E. Tsiolkovsky
1298,Письмо продавца книг Кекушева Алексея Степановича к К.Э. Циолковскому,"Letter from Aleksei Stepanovich Kekushev, a book seller, to K. E. Tsiolkovsky"
1299,Письмо воспитанника детдома Кеммера Якова к К.Э. Циолковскому,"Letter from Yakov Kemmer, a pupil of a children's home, to K. E. Tsiolkovsky"
1300,Письмо Кенина Л. к К.Э. Циолковскому,Letter from L. Kenin to K. E. Tsiolkovsky
1301,Письма Кириллова Георгия Евгеньевича к К.Э. Циолковскому,Letters from Georgy Evgenievich Kirillov to K. E. Tsiolkovsky
1302,Письма [изобретателя] Киркеля Я.Л. к К.Э. Циолковскому,Letters from [inventor] Ya. L. Kirkel to K. E. Tsiolkovsky
1303,Письмо [инженера-дирижаблиста] Кирсанова к К.Э. Циолковскому,Letter from [airship engineer] Kirsanov to K. E. Tsiolkovsky
1304,Письма Кирштейна Олега Оттовича к К.Э. Циолковскому,Letters from Oleg Ottovich Kirshtein to K. E. Tsiolkovsky
1305,Письмо председателя Правления Ветроводсила И.З. Кирьяна к К.Э. Циолковскому,"Letter from I. Z. Kiryan, chairman of the Board of Vetrovodsila, to K. E. Tsiolkovsky"
1306,Письмо Е. Киселева к К.Э. Циолковскому,Letter from E. Kiselev to K. E. Tsiolkovsky
1307,Письмо А.К. Кислова к К.Э. Циолковскому,Letter of A. K. Kislov to K. E. Tsiolkovsky
1308,Письмо Клибанова к К.Э. Циолковскому,Letter from Klibanov to K. E. Tsiolkovsky
1309,Письмо М.И. Климовича к К.Э. Циолковскому,Letter from M. I. Klimovich to K. E. Tsiolkovsky
1310,Письмо А.С. Кнауба к К.Э. Циолковскому,Letter from A. S. Knaub to K. E. Tsiolkovsky
1311,Письмо М. Книповича к К.Э. Циолковскому,Letter from M. Knipovich to K. E. Tsiolkovsky
1312,Письма Ковальчука Мирона Михайловича к К.Э. Циолковскому,Letters from Miron Mikhailovich Kovalchuk to K. E. Tsiolkovsky
1313,Письма студента Института им. Плеханова Н. Козеренко к К.Э. Циолковскому,"Letters from N. Kozerenko, a student of the Plekhanov Institute, to K. E. Tsiolkovsky"
1314,Письмо Р.Н. Козина к К.Э. Циолковскому,Letter from R. N. Kozin to K. E. Tsiolkovsky
1315,Письмо Козлова В. [чернорабочий] к К.Э. Циолковскому,Letter from Kozlov V. [unskilled laborer] to K. E. Tsiolkovsky
1316,Письмо Козловского Николая Феофановича к К.Э. Циолковскому,Letter from Nikolai Feofanovich Kozlovsky to K. E. Tsiolkovsky
1317,Письмо Козминского К.Д к К.Э. Циолковскому,Letter from Kozminsky K. D. to K. E. Tsiolkovsky
1318,Письмо Колгановой М.В. к К.Э. Циолковскому,Letter from Kolganova M. V. to K. E. Tsiolkovsky
1319,Письмо В.Комарова к К.Э. Циолковскому,Letter from V. Komarov to K. E. Tsiolkovsky
1320,Письмо механика-изобретателя Кондратюка Юрия Васильевича к К.Э. Циолковскому,"Letter from Yuri Vasilyevich Kondratyuk, mechanic-inventor, to K. E. Tsiolkovsky"
1321,Письмо Кондрахина Ивана Михайловича к К.Э. Циолковскому,Letter from Ivan Mikhailovich Kondrakhin to K. E. Tsiolkovsky
1322,"Письмо преподавателя русского языка, бывшего ученика К. Э. Циолковского, Коновалова Григория Дмитриевича к К.Э. Циолковскому","Letter from Grigory Dmitrievich Konovalov, a teacher of Russian language, a former pupil of K. E. Tsiolkovsky, to K. E. Tsiolkovsky"
1323,Письмо Коноплева Николая Павловича к К.Э. Циолковскому,Letter from Nikolai Pavlovich Konoplev to K. E. Tsiolkovsky
1324,Письмо студента Горного института Коноплева Сергея Петровича к К.Э. Циолковскому,"Letter from Sergei Petrovich Konoplev, a student of the Mining Institute, to K. E. Tsiolkovsky"
1325,Письма научного работника Копорского С.А. к К.Э. Циолковскому,"Letters from S. A. Koporsky, a research worker, to K. E. Tsiolkovsky"
1326,Письмо Корака к К.Э. Циолковскому,Letter from Korak to K. E. Tsiolkovsky
1327,Письмо учителя Корвина-Веледницкого Д.И. к К.Э. Циолковскому,Letter from the teacher D. I. Korvin-Velednitsky to K. E. Tsiolkovsky
1328,Письма инженера Корнеева Л.К. к К.Э. Циолковскому,Letters from the engineer L. K. Korneev to K. E. Tsiolkovsky
1329,Письмо дочери Л.К. Корнеева Корнеевой М. к К.Э. Циолковскому,"Letter from M. Korneeva, daughter of L. K. Korneev, to K. E. Tsiolkovsky"
1330,Письмо Коробкова Ю. к К.Э. Циолковскому,Letter from Yu. Korobkov to K. E. Tsiolkovsky
1331,Письма Коршунова Василия Александровича к К.Э. Циолковскому,Letters from Vasily Alexandrovich Korshunov to K. E. Tsiolkovsky
1332,Письмо Корякина Василия Никандоровича к К.Э. Циолковскому,Letter from Vasily Nikandorovich Koryakin to K. E. Tsiolkovsky
1333,Письмо рабочего Костина Константина Григорьевича к К.Э. Циолковскому,Letter from the worker Konstantin Grigorievich Kostin to K. E. Tsiolkovsky
1334,Письмо учителя А.М. Костякова к К.Э. Циолковскому,Letter from the teacher A. M. Kostyakov to K. E. Tsiolkovsky
1335,Письмо профессора Сибирского института черных металлов [СИЧМ] П.И. Кохановского к К.Э. Циолковскому,Letter from Professor P. I. Kokhanovsky of the Siberian Institute of Ferrous Metals [SICHM] to K. E. Tsiolkovsky
1336,Письмо Кошелевой Елены Алексеевны к К.Э. Циолковскому,Letter from Elena Alekseevna Kosheleva to K. E. Tsiolkovsky
1337,Письмо Кравцова Александра к К.Э. Циолковскому,Letter from Alexander Kravtsov to K. E. Tsiolkovsky
1338,Письмо В.А. Кравцова к К.Э. Циолковскому,Letter from V. A. Kravtsov to K. E. Tsiolkovsky
1339,Письма от школьника В.А. Кравченко к К.Э. Циолковскому,Letters from the schoolboy V. A. Kravchenko to K. E. Tsiolkovsky
1340,Письмо Крайнева Василия Федоровича к К.Э. Циолковскому,Letter from Vasily Fedorovich Krainev to K. E. Tsiolkovsky
1341,Письмо А.М. Крамаренко к К.Э. Циолковскому,Letter from A. M. Kramarenko to K. E. Tsiolkovsky
1342,Письмо агронома-педагога Н.З. Крачкевича к К.Э. Циолковскому,"Letter from N. Z. Krachkevich, agronomist-teacher, to K. E. Tsiolkovsky"
1343,Письма студента Ленинградского политехнического института Ф. Крейна к К.Э. Циолковскому,"Letters from F. Kreyn, a student of the Leningrad Polytechnic Institute, to K. E. Tsiolkovsky"
1344,Письмо школьника Кривоуса Юрия к К.Э. Циолковскому,Letter from the schoolboy Yuri Krivous to K. E. Tsiolkovsky
1345,Письмо студента Института путей сообщения Кривошеина Николая Григорьевича к К.Э. Циолковскому,"Letter from Nikolai Grigorievich Krivoshein, a student of the Institute of Railway Engineers, to K. E. Tsiolkovsky"
1346,Письмо школьников Б. Кринкина и Н. Горлина к К.Э. Циолковскому,Letter from the schoolboys B. Krinkin and N. Gorlin to K. E. Tsiolkovsky
1347,Письмо рабочего Кругликова Федора Васильевича к К.Э. Циолковскому,Letter from the worker Fyodor Vasilievich Kruglikov to K. E. Tsiolkovsky
1348,Письмо Кружкова Владимира Ивановича к К.Э. Циолковскому,Letter from Vladimir Ivanovich Kruzhkov to K. E. Tsiolkovsky
1349,Письма Е.И. Крупского к К.Э. Циолковскому,Letters from E. I. Krupsky to K. E. Tsiolkovsky
1350,Письмо Л.Н. Кублицкого к К.Э. Циолковскому,Letter from L. N. Kublitsky to K. E. Tsiolkovsky
1351,Письма Кузьминой Валентины Илларионовны к К.Э. Циолковскому,Letters from Valentina Illarionovna Kuzmina to K. E. Tsiolkovsky
1352,Письмо священника Куклина Константина Васильевича к К.Э. Циолковскому,Letter from the priest Konstantin Vasilyevich Kuklin to K. E. Tsiolkovsky
1353,Письмо Куликова Петра Адриановича к К.Э. Циолковскому,Letter from Pyotr Adrianovich Kulikov to K. E. Tsiolkovsky
1354,Письмо Куманина Михаила Георгиевича к К.Э. Циолковскому,Letter from Mikhail Georgievich Kumanin to K. E. Tsiolkovsky
1355,Письма Куприянова Леонида к К.Э. Циолковскому,Letters from Leonid Kupriyanov to K. E. Tsiolkovsky
1356,Письмо Л.Ю. Курра к К.Э. Циолковскому,Letter from L. Yu. Kurra to K. E. Tsiolkovsky
1357,Письмо Куцева Михаила Ильича к К.Э. Циолковскому,Letter from Mikhail Ilyich Kutsev to K. E. Tsiolkovsky
1358,Письмо [члена РОЛМ] Лавцовской к К.Э. Циолковскому,Letter from [a member of ROLM] Lavtsovskaya to K. E. Tsiolkovsky
1359,Письмо инженера Ладемана Роберта (Lademann R.) к К.Э. Циолковскому,Letter from the engineer Robert Lademann (Lademann R.) to K. E. Tsiolkovsky
1360,Письмо В. Лазаревой к К.Э. Циолковскому,Letter from V. Lazareva to K. E. Tsiolkovsky
1361,Письма инженера Лангемака Георгия Эриховича к К.Э. Циолковскому,Letters from the engineer Georgy Erikhovich Langemak to K. E. Tsiolkovsky
1362,Письмо инженера Ланского Александра Витальевича к К.Э. Циолковскому,Letter from the engineer Alexander Vitalyevich Lansky to K. E. Tsiolkovsky
1363,Письмо Лапина Александра Дмитриевича к К.Э. Циолковскому,Letter from Alexander Dmitrievich Lapin to K. E. Tsiolkovsky
1364,Письма редактора ОНТИ [редакция Госмашметиздат] Латынина Евгения Дмитриевича к К.Э. Циолковскому,Letters from the ONTI editor [Gosmashmetizdat editorial office] Evgeny Dmitrievich Latynin to K. E. Tsiolkovsky
1365,Письма Лебедева И.Д. [работник Комитета заготовок при СНК СССР] к К.Э. Циолковскому,Letters from I. D. Lebedev [employee of the Committee for Procurement under the Council of People's Commissars of the USSR] to K. E. Tsiolkovsky
1366,Письма студента МВТУ Лебедева Михаила Евгеньевича к К.Э. Циолковскому,Letters from the Moscow Higher Technical School student Mikhail Evgenyevich Lebedev to K. E. Tsiolkovsky
1367,Письмо С. Лебедева к К.Э. Циолковскому,Letter from S. Lebedev to K. E. Tsiolkovsky
1368,Письма Леви Владимира Ивановича к К.Э. Циолковскому к К.Э. Циолковскому,Letters from Vladimir Ivanovich Levi to K. E. Tsiolkovsky to K. E. Tsiolkovsky
1369,Письмо инженера Левитина Исидора Борисовича к К.Э. Циолковскому,Letter from the engineer Isidor Borisovich Levitin to K. E. Tsiolkovsky
1370,Письма Левитина Семена Борисовича к К.Э. Циолковскому,Letters from Semyon Borisovich Levitin to K. E. Tsiolkovsky
1371,Письма изобретателя Левитского Николая Ф. к К.Э. Циолковскому,Letters from the inventor Nikolai F. Levitsky to K. E. Tsiolkovsky
1372,Письмо П.Д. Ледяна к К.Э. Циолковскому,Letter from P. D. Ledyan to K. E. Tsiolkovsky
1373,"Письма писателя, историка авиации Лея Вилли (Ley Willi) к К.Э. Циолковскому",Letters from the writer and aviation historian Willy Ley (Ley Willi) to K. E. Tsiolkovsky
1374,Письма ответственного секретаря Секции междупланетных сообщений ВНО Лейтензена Мориса Гавриловича к К.Э. Циолковскому,Letters from the executive secretary of the Section of Interplanetary Communications of VNO Moris Gavrilovich Leitenzen to K. E. Tsiolkovsky
1375,Письма Я.И. Линцбаха к К.Э. Циолковскому,Letters from Ya. I. Lintsbakh to K. E. Tsiolkovsky
1376,Письма ученика химико-электротехнической школы Листенгартена Александра к К.Э. Циолковскому,Letters from the student of the chemical-electrotechnical school Alexander Listengarten to K. E. Tsiolkovsky
1377,Письмо школьника Ловля Владимира к К.Э. Циолковскому,Letter from the schoolboy Vladimir Lovlya to K. E. Tsiolkovsky
1378,Письмо студента Механико-машиностроительного института Ломаева к К.Э. Циолковскому,"Letter from Lomaev, a student of the Institute of Mechanical Engineering, to K. E. Tsiolkovsky"
1379,Письмо А. Лоренца к К.Э. Циолковскому,Letter from A. Lorenz to K. E. Tsiolkovsky
1380,Письмо Лохера (H.V. Locher) к К.Э. Циолковскому,Letter from Locher (H.V. Locher) to K. E. Tsiolkovsky
1381,Письма инженера А.Я. Луганского к К.Э. Циолковскому,Letters from the engineer A. Ya. Lugansky to K. E. Tsiolkovsky
1382,Письмо рабочего-механика Лукашева Сергея к К.Э. Циолковскому,Letter from the worker-mechanic Sergei Lukashev to K. E. Tsiolkovsky
1383,Письма Д. Лукьянова к К.Э. Циолковскому,Letters from D. Lukyanov to K. E. Tsiolkovsky
1384,"Письма студента политехнического института, затем инженера, начальника учебной части авиакурсов Осоавиахима Луценко Емельяна Васильевича к К.Э. Циолковскому","Letters from Emelyan Vasilyevich Lutsenko, a student of the polytechnic institute, later an engineer and head of the educational department of the Osoaviakhim aviation courses, to K. E. Tsiolkovsky"
1385,Письмо Луценко Петра Зиновьевича к К.Э. Циолковскому,Letter from Pyotr Zinovyevich Lutsenko to K. E. Tsiolkovsky
1386,"Письмо сотрудника газеты ""Славянский вестник"" В.Н. Лучника к К.Э. Циолковскому","Letter from V. N. Luchnik, a staff member of the newspaper ""Slavic Herald,"" to K. E. Tsiolkovsky"
1387,Письмо Львова Игоря Павловича к К.Э. Циолковскому,Letter from Igor Pavlovich Lvov to K. E. Tsiolkovsky
1388,Письма В.Ф. Лыткина к К.Э. Циолковскому,Letters from V. F. Lytkin to K. E. Tsiolkovsky
1389,Письмо Любавской Екатерины Ивановны к К.Э. Циолковскому,Letter from Liubavskaia Ekaterina Ivanovna to K. E. Tsiolkovsky
1390,Письмо Любарского Эдуарда к К.Э. Циолковскому,Letter from Liubarsky Eduard to K. E. Tsiolkovsky
1391,Письма школьника Любашевского Владислава к К.Э. Циолковскому,Letters from schoolboy Liubashevsky Vladislav to K. E. Tsiolkovsky
1392,"Письма врача педиатра, мужа сестры К.Э. Циолковского Любимова Александра Дмитриевича к К.Э. Циолковскому","Letters from pediatrician, husband of K. E. Tsiolkovsky's sister, Liubimov Alexander Dmitrievich to K. E. Tsiolkovsky"
1393,Письма студента Любимова Александра Николаевича к К.Э. Циолковскому,Letters from student Liubimov Alexander Nikolaevich to K. E. Tsiolkovsky
1394,Письмо учащегося рабфака Любимова М.М. к К.Э. Циолковскому,Letter from workers' faculty student Liubimov M.M. to K. E. Tsiolkovsky
1395,Письма студента Химико-технологического института Лютершпигеля Григория Б. к К.Э. Циолковскому,Letters from student of the Chemical-Technological Institute Liutershpigel Grigory B. to K. E. Tsiolkovsky
1396,Письмо школьника Ляпунова Б. к К.Э. Циолковскому,Letter from schoolboy Liapunov B. to K. E. Tsiolkovsky
1397,Письмо слесаря Ляховицкого И.Я. к К.Э. Циолковскому,Letter from locksmith Liakhovitsky I.Ya. to K. E. Tsiolkovsky
1398,Письма Майнова Владимира Владимировича (профессор эсперанто) к К.Э. Циолковскому,Letters from Mainov Vladimir Vladimirovich (professor of Esperanto) to K. E. Tsiolkovsky
1399,Письмо Макарова И [авиатехник] к К.Э. Циолковскому,Letter from Makarov I [aviation technician] to K. E. Tsiolkovsky
1400,Письмо Макарова С. к К.Э. Циолковскому,Letter from Makarov S. to K. E. Tsiolkovsky
1401,Письмо курсанта Макаровского Л.П. к К.Э. Циолковскому,Letter from cadet Makarovsky L.P. to K. E. Tsiolkovsky
1402,Письмо Максимова Н.И. к К.Э. Циолковскому,Letter from Maksimov N.I. to K. E. Tsiolkovsky
1403,"Письма ученика Харьковского ФЗД, изобретателя Малкова М.С. к К.Э. Циолковскому","Letters from pupil of the Kharkov Factory Seven-Year School, inventor Malkov M.S. to K. E. Tsiolkovsky"
1404,Письмо Малковых С.и Л.(родители М.С. Малкова) к К.Э. Циолковскому,Letter from the Malkovs S. and L. (parents of M.S. Malkov) to K. E. Tsiolkovsky
1405,Письма студента Московского авиатехникума Малова Н.Ф.(сын племянницы Циолковского-Елены Иосифовны) к К.Э. Циолковскому,Letters from student of the Moscow Aviation Technical School Malov N.F. (son of Tsiolkovsky's niece Elena Iosifovna) to K. E. Tsiolkovsky
1406,Письмо Малофеева А. к К.Э. Циолковскому,Letter from Malofeev A. to K. E. Tsiolkovsky
1407,Письмо студента Одесского Госуниверситета Малуко В.А. к К.Э. Циолковскому,Letter from student of Odessa State University Maluko V.A. to K. E. Tsiolkovsky
1408,Письмо школьного работника Манакова Григория И. к К.Э. Циолковскому,Letter from school worker Manakov Grigory I. to K. E. Tsiolkovsky
1409,Письмо Маратканова А.П. к К.Э. Циолковскому,Letter from Maratkanov A.P. to K. E. Tsiolkovsky
1410,Письмо Маркмана А.Л. к К.Э. Циолковскому,Letter from Markman A.L. to K. E. Tsiolkovsky
1411,Письмо члена Русского общества любителей мироведения Мирковича Ал[ек]сандра Александровича к К.Э. Циолковскому,Letter from member of the Russian Society of Lovers of World Studies Mirkovich Al[ek]sandr Alexandrovich to K. E. Tsiolkovsky
1412,Письмо Марченко Михаила Григорьевича к К.Э. Циолковскому,Letter from Marchenko Mikhail Grigorievich to K. E. Tsiolkovsky
1413,Письма изобретателя Маслянского к К.Э. Циолковскому,Letters from inventor Maslyansky to K. E. Tsiolkovsky
1414,Письма изобретателя Матвеева [А.В.] к К.Э. Циолковскому,Letters from inventor Matveev [A.V.] to K. E. Tsiolkovsky
1415,Письмо товароведа Матвеева С.И. к К.Э. Циолковскому,Letter from commodity specialist Matveev S.I. to K. E. Tsiolkovsky
1416,Письмо Мацака Валентина Гавриловича к К.Э. Циолковскому,Letter from Matsak Valentin Gavrilovich to K. E. Tsiolkovsky
1417,Письмо Медникова А.А. к К.Э. Циолковскому,Letter from Mednikov A.A. to K. E. Tsiolkovsky
1418,Письмо Медоусова Н.М. к К.Э. Циолковскому,Letter from Medousov N.M. to K. E. Tsiolkovsky
1419,Письмо Мельника Николая Федоровича (изобретатель) к К.Э. Циолковскому,Letter from Melnik Nikolai Fedorovich (inventor) to K. E. Tsiolkovsky
1420,Письмо Менделеева Ивана Павловича к К.Э. Циолковскому,Letter from Mendeleev Ivan Pavlovich to K. E. Tsiolkovsky
1421,Письмо Меньшикова Владимира Леонидовича к К.Э. Циолковскому,Letter from Menshikov Vladimir Leonidovich to K. E. Tsiolkovsky
1422,Письма изобретателя Меркуловского Бориса Леонидовича к К.Э. Циолковскому,Letters from inventor Merkulovsky Boris Leonidovich to K. E. Tsiolkovsky
1423,Письмо Микони К.С. к К.Э. Циолковскому,Letter from Mikoni K.S. to K. E. Tsiolkovsky
1424,Письмо Миленушкина Юрия Ивановича к К.Э. Циолковскому,Letter from Milenushkin Yuri Ivanovich to K. E. Tsiolkovsky
1425,Письмо Милициной Надежды Павловны к К.Э. Циолковскому,Letter from Militsina Nadezhda Pavlovna to K. E. Tsiolkovsky
1426,Письма студента техникума электросвязи Милова Александра к К.Э. Циолковскому,Letters from student of the telecommunications technical school Milov Alexander to K. E. Tsiolkovsky
1427,Письмо военного чиновника Мильшина к К.Э. Циолковскому,Letter from military official Milshin to K. E. Tsiolkovsky
1428,Письмо Минаева Е.С. к К.Э. Циолковскому,Letter from Minaev E.S. to K. E. Tsiolkovsky
1429,Письмо студента Миненко Н.М. к К.Э. Циолковскому,Letter from the student N. M. Minenko to K. E. Tsiolkovsky
1430,Письмо Минина Владимира Леонидовича к К.Э. Циолковскому,Letter from Vladimir Leonidovich Minin to K. E. Tsiolkovsky
1431,Письмо учащегося Миронова Василия Тимофеевича к К.Э. Циолковскому,Letter from the pupil Vasily Timofeevich Mironov to K. E. Tsiolkovsky
1432,Письмо Мирошниченко Степана Корнеевича к К.Э. Циолковскому,Letter from Stepan Korneevich Miroshnichenko to K. E. Tsiolkovsky
1433,Письмо учащихся Митекина Ф и других к К.Э. Циолковскому,Letter from the pupils F. Mitekin and others to K. E. Tsiolkovsky
1434,Письмо школьника Михлина Бориса Захаровича к К.Э. Циолковскому,Letter from the schoolboy Boris Zakharovich Mikhlin to K. E. Tsiolkovsky
1435,Письма сотрудника ВАСХНИЛ (быв. председатель Ассоциации натуралистов при Главнауке НКП) Модестова Александра Петровича к К.Э. Циолковскому,"Letters from Alexander Petrovich Modestov, an employee of VASKhNIL (former chairman of the Association of Naturalists under Glavnauka of the NKP), to K. E. Tsiolkovsky"
1436,Письмо учительницы Моисеенко М.В. к К.Э. Циолковскому,Letter from the teacher M. V. Moiseenko to K. E. Tsiolkovsky
1437,Письмо Мокрова И.Н. к К.Э. Циолковскому,Letter from I. N. Mokrov to K. E. Tsiolkovsky
1438,"Письмо корреспондента газеты ""Наша газета"" Монастырева Бориса к К.Э. Циолковскому","Letter from Boris Monastyrev, correspondent of the newspaper ""Our Newspaper"", to K. E. Tsiolkovsky"
1439,Письмо В. Моравского к К.Э. Циолковскому,Letter from V. Moravsky to K. E. Tsiolkovsky
1440,Письма школьника Моргулиса Александра Я. к К.Э. Циолковскому,Letters from the schoolboy Alexander Ya. Morgulis to K. E. Tsiolkovsky
1441,Письма учащегося Морозова Бориса Степановича к К.Э. Циолковскому,Letters from the pupil Boris Stepanovich Morozov to K. E. Tsiolkovsky
1442,Письмо Русского общества любителей мироведения Морозова Георгия к К.Э. Циолковскому,Letter from Georgy Morozov of the Russian Society of Lovers of World Studies to K. E. Tsiolkovsky
1443,Письма директора Естественно-Научного института им. Лесгафта Морозова Николая Александровича к К.Э. Циолковскому,"Letters from Nikolai Alexandrovich Morozov, director of the Lesgaft Institute of Natural Science, to K. E. Tsiolkovsky"
1444,Письмо М.А. Мостовщикова к К.Э. Циолковскому,Letter from M. A. Mostovshchikov to K. E. Tsiolkovsky
1445,Письмо студента Казанского университета Мохноножкина Анатолия Тимофеевича к К.Э. Циолковскому,"Letter from Anatoly Timofeevich Mokhnonozhkin, a student of Kazan University, to K. E. Tsiolkovsky"
1446,Письмо Мошкалова Евгения Павловича к К.Э. Циолковскому,Letter from Evgeny Pavlovich Moshkalov to K. E. Tsiolkovsky
1447,Письмо землемера Насибова к К.Э. Циолковскому,Letter from the land surveyor Nasibov to K. E. Tsiolkovsky
1448,Письмо П. Незнамова к К.Э. Циолковскому,Letter from P. Neznamov to K. E. Tsiolkovsky
1449,Письма Т.А. Немчинова к К.Э. Циолковскому,Letters from T. A. Nemchinov to K. E. Tsiolkovsky
1450,Письма А.Н. Нестеренко к К.Э. Циолковскому,Letters from A. N. Nesterenko to K. E. Tsiolkovsky
1451,Письмо К. Нечаева к К.Э. Циолковскому,Letter from K. Nechaev to K. E. Tsiolkovsky
1452,Письмо школьника Нечаева Михаила Владимировича к К.Э. Циолковскому,Letter from the schoolboy Mikhail Vladimirovich Nechaev to K. E. Tsiolkovsky
1453,Письмо заведующей книжным киоском Нечаевой Марии Андреевны к К.Э. Циолковскому,"Letter from Maria Andreevna Nechaeva, manager of a book kiosk, to K. E. Tsiolkovsky"
1454,Письмо А. Никитина к К.Э. Циолковскому,Letter from A. Nikitin to K. E. Tsiolkovsky
1455,"Письмо бывшего литсекретаря газеты ""Коммуна"", инженера Никитина Александра Александровича к К.Э. Циолковскому","Letter from Alexander Alexandrovich Nikitin, former literary secretary of the newspaper ""Commune"", engineer, to K. E. Tsiolkovsky"
1456,Письмо изобретателя-самоучки Никитина Николая Николаевича к К.Э. Циолковскому,Letter from the self-taught inventor Nikolai Nikolaevich Nikitin to K. E. Tsiolkovsky
1457,Письма работника авиационного завода П.А. Никитина к К.Э. Циолковскому,"Letters from P. A. Nikitin, a worker at an aircraft factory, to K. E. Tsiolkovsky"
1458,Письмо члена Русского общества любителей мироведения А. Николаева к К.Э. Циолковскому,"Letter from A. Nikolaev, a member of the Russian Society of Lovers of World Studies, to K. E. Tsiolkovsky"
1459,Письмо Николаева Леонида Ивановича к К.Э. Циолковскому,Letter from Leonid Ivanovich Nikolaev to K. E. Tsiolkovsky
1460,Письмо Никольской Валентины Алексеевны к К.Э. Циолковскому,Letter from Valentina Alekseevna Nikolskaya to K. E. Tsiolkovsky
1461,Письма члена РОЛМ Никольского Константина Ивановича к К.Э. Циолковскому,"Letters from Konstantin Ivanovich Nikolsky, a member of ROLM, to K. E. Tsiolkovsky"
1462,Письма электромеханика Никольского Николая Васильевича к К.Э. Циолковскому,Letters from the electrical mechanic Nikolai Vasilyevich Nikolsky to K. E. Tsiolkovsky
1463,Письма Б.И. Никулина к К.Э. Циолковскому,Letters from B. I. Nikulin to K. E. Tsiolkovsky
1464,Письмо Новерехова Ивана Ефимовича к К.Э. Циолковскому,Letter from Ivan Efimovich Noverekhov to K. E. Tsiolkovsky
1465,Письмо Новикова Петра Георгиевича к К.Э. Циолковскому,Letter from Pyotr Georgievich Novikov to K. E. Tsiolkovsky
1466,Письмо изобретателя Новоселова Ильи Ивановича к К.Э. Циолковскому,Letter from the inventor Ilya Ivanovich Novoselov to K. E. Tsiolkovsky
1467,Письмо В. Новосельского к К.Э. Циолковскому,Letter from V. Novoselsky to K. E. Tsiolkovsky
1468,Письмо сельского учителя Ноллетова Владимира Александровича к К.Э. Циолковскому,Letter from the village teacher Vladimir Alexandrovich Nolletov to K. E. Tsiolkovsky
1469,Письма А.Л. Нутиса к К.Э. Циолковскому,Letters of A. L. Nutis to K. E. Tsiolkovsky
1470,Письмо художника Оболенского Михаила Васильевича к К.Э. Циолковскому,Letter of the artist Mikhail Vasilyevich Obolensky to K. E. Tsiolkovsky
1471,Письма профессора Оберта Германа (Oberth H.) к К.Э. Циолковскому,Letters of professor Hermann Oberth (Oberth H.) to K. E. Tsiolkovsky
1472,Письма В.Н. Оводова к К.Э. Циолковскому,Letters of V. N. Ovodov to K. E. Tsiolkovsky
1473,Письма студентки Химического отделения Индустриального техникума Овчинниковой Нонны Васильевны к К.Э. Циолковскому,"Letters of Nonna Vasilyevna Ovchinnikova, student of the Chemical Department of the Industrial Technicum, to K. E. Tsiolkovsky"
1474,Письмо техника-электрика Оганджаняна Карена Рубеновича к К.Э. Циолковскому,"Letter of Karen Rubenovich Ogandzhanyan, electrical technician, to K. E. Tsiolkovsky"
1475,Письмо слушательницы подготовительных курсов изобретателей Т. Оденовой к К.Э. Циолковскому,"Letter of T. Odenova, student of the preparatory courses for inventors, to K. E. Tsiolkovsky"
1476,Письмо А. Окуневой к К.Э. Циолковскому,Letter of A. Okuneva to K. E. Tsiolkovsky
1477,Письма члена Русского общества любителей мироведения Петра Васильевича Оленина к К.Э. Циолковскому,"Letters of Pyotr Vasilyevich Olenin, member of the Russian Society of Lovers of World Studies, to K. E. Tsiolkovsky"
1478,Письмо [учителя] Н. Олисова к К.Э. Циолковскому,Letter of [teacher] N. Olisov to K. E. Tsiolkovsky
1479,Письмо Вл. Ольденборгера к К.Э. Циолковскому,Letter of Vl. Oldenborger to K. E. Tsiolkovsky
1480,Письмо М. Орлова к К.Э. Циолковскому,Letter of M. Orlov to K. E. Tsiolkovsky
1481,Письмо школьника А. Островского к К.Э. Циолковскому,Letter of the schoolboy A. Ostrovsky to K. E. Tsiolkovsky
1482,Письмо студента Ленинградского Коммунистического университета И.М. Офеникова к К.Э. Циолковскому,"Letter of I. M. Ofenikov, student of the Leningrad Communist University, to K. E. Tsiolkovsky"
1483,Письмо инспектора классов Калужского Епархиального училища Василия Одигитриевского к К.Э. Циолковскому,"Letter of Vasily Odigitrievsky, inspector of classes of the Kaluga Diocesan School, to K. E. Tsiolkovsky"
1484,Письмо Павлова Ивана Гавриловича к К.Э. Циолковскому,Letter of Ivan Gavrilovich Pavlov to K. E. Tsiolkovsky
1485,Письмо Н.Ф. Павлова к К.Э. Циолковскому,Letter of N. F. Pavlov to K. E. Tsiolkovsky
1486,Письмо Александра Павлова к К.Э. Циолковскому,Letter of Alexander Pavlov to K. E. Tsiolkovsky
1487,Письма А.Р. Палея к К.Э. Циолковскому,Letters of A. R. Paley to K. E. Tsiolkovsky
1488,Письмо учителя Палея Исая Цалеровича к К.Э. Циолковскому,Letter of the teacher Isai Tsalerovich Paley to K. E. Tsiolkovsky
1489,Письма М. Палканова к К.Э. Циолковскому,Letters of M. Palkanov to K. E. Tsiolkovsky
1490,"Письмо работника лесозавода №42, Северного края Панова Алексея Игнатьевича к К.Э. Циолковскому","Letter of Alexei Ignatyevich Panov, worker of sawmill No. 42 of the Northern Krai, to K. E. Tsiolkovsky"
1491,Письмо Н. Панова к К.Э. Циолковскому,Letter of N. Panov to K. E. Tsiolkovsky
1492,Письма Папшева Дмитрия Дмитриевича к К.Э. Циолковскому,Letters of Dmitry Dmitrievich Papshev to K. E. Tsiolkovsky
1493,Письма инженера-изобретателя Пастухова Николая Семеновича к К.Э. Циолковскому,"Letters of Nikolai Semyonovich Pastukhov, engineer-inventor, to K. E. Tsiolkovsky"
1494,Письмо Н. Пашкевича к К.Э. Циолковскому,Letter of N. Pashkevich to K. E. Tsiolkovsky
1495,Письмо писателя Перельмана Якова Исидоровича к К.Э. Циолковскому,Letter of the writer Yakov Isidorovich Perelman to K. E. Tsiolkovsky
1496,Письма К.М. Печурина к К.Э. Циолковскому,Letters of K. M. Pechurin to K. E. Tsiolkovsky
1497,Письма Пирца Августа к К.Э. Циолковскому,Letters of August Pirtz to K. E. Tsiolkovsky
1498,Письмо рабочего-монтера К. Пичугина к К.Э. Циолковскому,Letter of the worker-fitter K. Pichugin to K. E. Tsiolkovsky
1499,Письмо Подашевского Бориса Петровича к К.Э. Циолковскому,Letter of Boris Petrovich Podashevsky to K. E. Tsiolkovsky
1500,Письмо Подобедовой Анны Акимовны к К.Э. Циолковскому,Letter of Anna Akimovna Podobedova to K. E. Tsiolkovsky
1501,Письма агронома Подъяпольского Н. и врача Подъяпольской А. к К.Э. Циолковскому,Letters of the agronomist N. Podyapolsky and the physician A. Podyapolskaya to K. E. Tsiolkovsky
1502,Письма Ивана Борисовича Позняка к К.Э. Циолковскому,Letters of Ivan Borisovich Poznyak to K. E. Tsiolkovsky
1503,"Письмо изобретателя, пилота-авиатора, члена АИИЗа [Ассоциация изобретателей инвентистов] Полевого А. к К.Э. Циолковскому","Letter of A. Polevoy, inventor, aviator-pilot, member of the AIIZ [Association of Inventor-Inventists] to K. E. Tsiolkovsky"
1504,Письмо П. В. Полесского к К.Э. Циолковскому,Letter of P. V. Polessky to K. E. Tsiolkovsky
1505,Письмо библиографа Полосатовой Евгении Владимировны к К.Э. Циолковскому,Letter of the bibliographer Evgenia Vladimirovna Polosatova to K. E. Tsiolkovsky
1506,Письмо Михаила Ивановича Полянского к К.Э. Циолковскому,Letter of Mikhail Ivanovich Polyansky to K. E. Tsiolkovsky
1507,Письмо Л. Померанцева к К.Э. Циолковскому,Letter of L. Pomerantsev to K. E. Tsiolkovsky
1508,Письма Попова Михаила Игнатьевича к К.Э. Циолковскому,Letters of Mikhail Ignatyevich Popov to K. E. Tsiolkovsky
1509,Письмо Гр. Поргина к К.Э. Циолковскому,Letter of Gr. Porgin to K. E. Tsiolkovsky
1510,Письма школьника Портного Григория Л. к К.Э. Циолковскому,Letters of schoolboy Grigory L. Portnoi to K. E. Tsiolkovsky
1511,Письма С.Ф. Постникова к К.Э. Циолковскому,Letters of S. F. Postnikov to K. E. Tsiolkovsky
1512,Письма Преображенского Андрея Владимировича к К.Э. Циолковскому,Letters of Andrei Vladimirovich Preobrazhensky to K. E. Tsiolkovsky
1513,Письмо школьника В.В. Привалова к К.Э. Циолковскому,Letter of schoolboy V. V. Privalov to K. E. Tsiolkovsky
1514,Письмо студента Московского механико-машиностроительного института им. Баумана Прокофьева Вл[адимира] Ник[олаевича] к К.Э. Циолковскому,"Letter of Vl[adimir] Nik[olaevich] Prokofiev, student of the Bauman Moscow Mechanical-Machine-Building Institute, to K. E. Tsiolkovsky"
1515,Письмо студента Ленинградского авиационного института А.Л. Простакова к К.Э. Циолковскому,"Letter of A. L. Prostakov, student of the Leningrad Aviation Institute, to K. E. Tsiolkovsky"
1516,Письмо Н. Протопопова к К.Э. Циолковскому,Letter of N. Protopopov to K. E. Tsiolkovsky
1517,Письмо школьника Б. Проценко к К.Э. Циолковскому,Letter of schoolboy B. Protsenko to K. E. Tsiolkovsky
1518,Письма А.Т. Пружинина к К.Э. Циолковскому,Letters of A. T. Pruzhinin to K. E. Tsiolkovsky
1519,Письма члена Русского общества любителей мироведения Прянишникова Вас[илия] Осип[овича] к К.Э. Циолковскому,"Letters of Vas[ily] Osip[ovich] Pryanishnikov, member of the Russian Society of Lovers of World Studies, to K. E. Tsiolkovsky"
1520,Письма Н.Е. Пухова к К.Э. Циолковскому,Letters of N. E. Pukhov to K. E. Tsiolkovsky
1521,Письмо члена научно-технического кружка Московского Авиационного института Р. Пятышева к К.Э. Циолковскому,"Letter of R. Pyatyshev, member of the scientific-technical circle of the Moscow Aviation Institute, to K. E. Tsiolkovsky"
1522,Письмо школьника Б. Рабиновича к К.Э. Циолковскому,Letter of schoolboy B. Rabinovich to K. E. Tsiolkovsky
1523,Письма уполномоченного АССНАТа по делу К.Циолковского Рапопорта Якова Айзиковича к К.Э. Циолковскому,"Letters of Yakov Aizikovich Rapoport, plenipotentiary of ASSNAT for the K. Tsiolkovsky affair, to K. E. Tsiolkovsky"
1524,Письма уполномоченного АССНАТа по делу К.Циолковского Рапопорта Якова Айзиковича к К.Э. Циолковскому,"Letters of Yakov Aizikovich Rapoport, plenipotentiary of ASSNAT for the K. Tsiolkovsky affair, to K. E. Tsiolkovsky"
1525,Письма уполномоченного АССНАТа по делу К.Циолковского Рапопорта Якова Айзиковича к К.Э. Циолковскому,"Letters of Yakov Aizikovich Rapoport, plenipotentiary of ASSNAT for the K. Tsiolkovsky affair, to K. E. Tsiolkovsky"
1526,Письма уполномоченного АССНАТа по делу К.Циолковского Рапопорта Якова Айзиковича к К.Э. Циолковскому,"Letters of Yakov Aizikovich Rapoport, plenipotentiary of ASSNAT for the K. Tsiolkovsky affair, to K. E. Tsiolkovsky"
1527,Письма уполномоченного АССНАТа по делу К.Циолковского Рапопорта Якова Айзиковича к К.Э. Циолковскому,"Letters of Yakov Aizikovich Rapoport, plenipotentiary of ASSNAT for the K. Tsiolkovsky affair, to K. E. Tsiolkovsky"
1528,Письма уполномоченного АССНАТа по делу К.Циолковского Рапопорта Якова Айзиковича к К.Э. Циолковскому,"Letters of Yakov Aizikovich Rapoport, plenipotentiary of ASSNAT for the K. Tsiolkovsky affair, to K. E. Tsiolkovsky"
1529,Письма уполномоченного АССНАТа по делу К.Циолковского Рапопорта Якова Айзиковича к К.Э. Циолковскому,"Letters of Yakov Aizikovich Rapoport, plenipotentiary of ASSNAT for the K. Tsiolkovsky affair, to K. E. Tsiolkovsky"
1530,Письма уполномоченного АССНАТа по делу К.Циолковского Рапопорта Якова Айзиковича к К.Э. Циолковскому,"Letters of Yakov Aizikovich Rapoport, plenipotentiary of ASSNAT for the K. Tsiolkovsky affair, to K. E. Tsiolkovsky"
1531,Письма уполномоченного АССНАТа по делу К.Циолковского Рапопорта Якова Айзиковича к К.Э. Циолковскому,"Letters of Yakov Aizikovich Rapoport, plenipotentiary of ASSNAT for the K. Tsiolkovsky affair, to K. E. Tsiolkovsky"
1532,Письма уполномоченного АССНАТа по делу К.Циолковского Рапопорта Якова Айзиковича к К.Э. Циолковскому,"Letters of Yakov Aizikovich Rapoport, plenipotentiary of ASSNAT for the K. Tsiolkovsky affair, to K. E. Tsiolkovsky"
1533,Письма уполномоченного АССНАТа по делу К.Циолковского Рапопорта Якова Айзиковича к К.Э. Циолковскому,"Letters of Yakov Aizikovich Rapoport, plenipotentiary of ASSNAT for the K. Tsiolkovsky affair, to K. E. Tsiolkovsky"
1534,Письма уполномоченного АССНАТа по делу К.Циолковского Рапопорта Якова Айзиковича к К.Э. Циолковскому,"Letters of Yakov Aizikovich Rapoport, plenipotentiary of ASSNAT for the K. Tsiolkovsky affair, to K. E. Tsiolkovsky"
1535,Письма уполномоченного АССНАТа по делу К.Циолковского Рапопорта Якова Айзиковича к К.Э. Циолковскому,"Letters of Yakov Aizikovich Rapoport, plenipotentiary of ASSNAT for the K. Tsiolkovsky affair, to K. E. Tsiolkovsky"
1536,Письмо Ратнера Павла к К.Э. Циолковскому,Letter of Pavel Ratner to K. E. Tsiolkovsky
1537,Письмо Раушенбаха к К.Э. Циолковскому,Letter of Raushenbakh to K. E. Tsiolkovsky
1538,Письма метеоролога Роговского Павла Ивановича к К.Э. Циолковскому,Letters of meteorologist Pavel Ivanovich Rogovsky to K. E. Tsiolkovsky
1539,Письмо В.Д. Родзаевской к К.Э. Циолковскому,Letter of V. D. Rodzaevskaya to K. E. Tsiolkovsky
1540,Письмо зав. учебными мастерскими Калужского Технического училища Василия Георгиевича Родионова к К.Э. Циолковскому,"Letter of Vasily Georgievich Rodionov, head of the training workshops of the Kaluga Technical School, to K. E. Tsiolkovsky"
1541,Письмо Н.А. Родионова к К.Э. Циолковскому,Letter of N. A. Rodionov to K. E. Tsiolkovsky
1542,"Письма редактора-издателя журнала ""Летун"" Родных Александра Алексеевича к К.Э. Циолковскому","Letters of Alexander Alekseevich Rodnykh, editor-publisher of the journal ""Letun"", to K. E. Tsiolkovsky"
1543,Письма Родюшкина Евгения Ивановича к К.Э. Циолковскому,Letters of Evgeny Ivanovich Rodyushkin to K. E. Tsiolkovsky
1544,"Письмо бывшей ученицы К.Э. Циолковского, статистки Александры Дмитриевны Рождественской к К.Э. Циолковскому","Letter of Alexandra Dmitrievna Rozhdestvenskaya, former pupil of K. E. Tsiolkovsky, statistician, to K. E. Tsiolkovsky"
1545,Письмо Юлии Рождественской к К.Э. Циолковскому,Letter of Yulia Rozhdestvenskaya to K. E. Tsiolkovsky
1546,Письмо Рожкова Анатолия Емельяновича к К.Э. Циолковскому,Letter of Anatoly Emelyanovich Rozhkov to K. E. Tsiolkovsky
1547,Письма Н.Я. Розенштейна к К.Э. Циолковскому,Letters of N. Ya. Rozenshtein to K. E. Tsiolkovsky
1548,"Письма студента, председателя бюро Харьковской реактивной группы военно-научного комитета Виктора Розова к К.Э. Циолковскому","Letters of Viktor Rozov, student, chairman of the bureau of the Kharkov Reactive Group of the Military-Scientific Committee, to K. E. Tsiolkovsky"
1549,Письмо Мих[аила] Романенко к К.Э. Циолковскому,Letter of Mikh[ail] Romanenko to K. E. Tsiolkovsky
1550,Письмо школьника Россова Владимира Вл. к К.Э. Циолковскому,Letter of schoolboy Rossov Vladimir Vl. to K. E. Tsiolkovsky
1551,Письмо инженера Ростовцева к К.Э. Циолковскому,Letter of engineer Rostovtsev to K. E. Tsiolkovsky
1552,Письмо студента физмата Ленинградского университета Ротштейна И.Х. к К.Э. Циолковскому,Letter of physics and mathematics student of Leningrad University Rothstein I. Kh. to K. E. Tsiolkovsky
1553,Письма директора интернационального института психологии и библиографии Рубакина Николая Александровича к К.Э. Циолковскому,Letters of director of the International Institute of Psychology and Bibliography Rubakin Nikolai Aleksandrovich to K. E. Tsiolkovsky
1554,Письмо почтальона-изобретателя Рубенко В.А. к К.Э. Циолковскому,Letter of postman-inventor Rubenko V.A. to K. E. Tsiolkovsky
1555,"Письмо школьников, юнтехников Николая Рублева и Владимира Козлова к К.Э. Циолковскому","Letter of schoolboys, young technicians Nikolai Rublev and Vladimir Kozlov to K. E. Tsiolkovsky"
1556,Письмо Руденко Виктора Михайловича к К.Э. Циолковскому,Letter of Rudenko Viktor Mikhailovich to K. E. Tsiolkovsky
1557,Письмо Рудого Павла Павл[овича] к К.Э. Циолковскому,Letter of Rudoy Pavel Pavl[ovich] to K. E. Tsiolkovsky
1558,Письмо Румянцева Михаила Е. к К.Э. Циолковскому,Letter of Rumyantsev Mikhail E. to K. E. Tsiolkovsky
1559,Письма Ф.А. Русак к К.Э. Циолковскому,Letters of F.A. Rusak to K. E. Tsiolkovsky
1560,Письмо студента В.А. Рыбчинского к К.Э. Циолковскому,Letter of student V.A. Rybchinsky to K. E. Tsiolkovsky
1561,Письма профессора Рынина Николая Алексеевича к К.Э. Циолковскому,Letters of professor Rynin Nikolai Alekseevich to K. E. Tsiolkovsky
1562,Письма инженера Владимира Владимировича Рюмина к К.Э. Циолковскому,Letters of engineer Vladimir Vladimirovich Ryumin to K. E. Tsiolkovsky
1563,Письма Савицкого А.К. к К.Э. Циолковскому,Letters of Savitsky A.K. to K. E. Tsiolkovsky
1564,Письмо гимназиста Витольда Савицкого к К.Э. Циолковскому,Letter of gymnasium student Vitold Savitsky to K. E. Tsiolkovsky
1565,Письмо М.С. Саврона к К.Э. Циолковскому,Letter of M.S. Savron to K. E. Tsiolkovsky
1566,"Письма колхозника, зав. народной астрономической обсерватории, Савченко Ивана Никифоровича к К.Э. Циолковскому","Letters of kolkhoznik, head of the people's astronomical observatory, Savchenko Ivan Nikiforovich to K. E. Tsiolkovsky"
1567,Письмо представителя группы студентов Сазонова Николая Ивановича к К.Э. Циолковскому,Letter of representative of a group of students Sazonov Nikolai Ivanovich to K. E. Tsiolkovsky
1568,Письма председателя секции научных работников Самойловича Сергея Ивановича к К.Э. Циолковскому,Letters of the chairman of the section of scientific workers Sergei Ivanovich Samoilovich to K. E. Tsiolkovsky
1569,Письма Самошина Андрея Георгиевича к К.Э. Циолковскому,Letters of Samoshin Andrei Georgievich to K. E. Tsiolkovsky
1570,Письма наблюдателя Одесской геофизической обсерватории Санютина Ник[олая] к К.Э. Циолковскому,Letters of observer of the Odessa Geophysical Observatory Sanyutin Nik[olai] to K. E. Tsiolkovsky
1571,Письмо преподавателя Сафронова Степана Семеновича к К.Э. Циолковскому,Letter of teacher Safronov Stepan Semyonovich to K. E. Tsiolkovsky
1572,Письмо преподавателя физики Свиридова Георгия Георгиевича к К.Э. Циолковскому,Letter of physics teacher Sviridov Georgy Georgievich to K. E. Tsiolkovsky
1573,Письма В.К. Севаева к К.Э. Циолковскому,Letters of V.K. Sevaev to K. E. Tsiolkovsky
1574,"Письма преподавателя и машиниста, изобретателей Селезневых А.В. и К.В. к К.Э. Циолковскому","Letters of teacher and machinist, inventors Seleznev A.V. and K.V. to K. E. Tsiolkovsky"
1575,Письмо члена Русского общества любителей мироведения И. Селецкого к К.Э. Циолковскому,Letter of member of the Russian Society of Lovers of World Studies I. Seletsky to K. E. Tsiolkovsky
1576,Письма профессора Военно-воздушной Академии Семёнова Виктора Ал[ексан]др[овича] к К.Э. Циолковскому,Letters of professor of the Air Force Academy Semyonov Viktor Al[eksan]dr[ovich] to K. E. Tsiolkovsky
1577,Письмо Семячкова Феофана Степановича к К.Э. Циолковскому,Letter of Semyachkov Feofan Stepanovich to K. E. Tsiolkovsky
1578,Письмо техника Сибирко к К.Э. Циолковскому,Letter of technician Sibirko to K. E. Tsiolkovsky
1579,Письмо студента Индустриального Института (физмат) С.К. Сидорова к К.Э. Циолковскому,Letter of student of the Industrial Institute (physics and mathematics) S.K. Sidorov to K. E. Tsiolkovsky
1580,Письмо Симанчука Александра Осиповича к К.Э. Циолковскому,Letter of Simanchuk Alexander Osipovich to K. E. Tsiolkovsky
1581,Письмо Синицкого Владимира Ивановича к К.Э. Циолковскому,Letter of Sinitsky Vladimir Ivanovich to K. E. Tsiolkovsky
1582,Письма М.А. Ситникова к К.Э. Циолковскому,Letters of M.A. Sitnikov to K. E. Tsiolkovsky
1583,Письмо Скородумова Николая к К.Э. Циолковскому,Letter of Skorodumov Nikolai to K. E. Tsiolkovsky
1584,Письма школьника Бориса Слобидкера к К.Э. Циолковскому,Letters of schoolboy Boris Slobidker to K. E. Tsiolkovsky
1585,Письмо А. Соломинского к К.Э. Циолковскому,Letter of A. Solominsky to K. E. Tsiolkovsky
1586,Письма Валерия Михайловича Смирнова к К.Э. Циолковскому,Letters of Valery Mikhailovich Smirnov to K. E. Tsiolkovsky
1587,Письмо В.Я. Смирнова к К.Э. Циолковскому,Letter of V.Ya. Smirnov to K. E. Tsiolkovsky
1588,Письма З.И. Смирнова к К.Э. Циолковскому,Letters of Z.I. Smirnov to K. E. Tsiolkovsky
1589,Письмо студента Белорусского политехнического института Б.М. Смольского к К.Э. Циолковскому,Letter of student of the Belorussian Polytechnic Institute B.M. Smolsky to K. E. Tsiolkovsky
1590,Письма эсперантиста Дмитрия Семеновича Снежко к К.Э. Циолковскому,Letters from the Esperantist Dmitry Semenovich Snezhko to K. E. Tsiolkovsky
1591,Письмо Бориса Андреевича Соболева к К.Э. Циолковскому,Letter from Boris Andreevich Sobolev to K. E. Tsiolkovsky
1592,Письмо школьного инструктора политехнического труда В.Ф. Соболева к К.Э. Циолковскому,Letter from the school polytechnic-labor instructor V. F. Sobolev to K. E. Tsiolkovsky
1593,Письмо Соболевского Вас[илия] И. к К.Э. Циолковскому,"Letter from Sobolevsky, Vas[ily] I. to K. E. Tsiolkovsky"
1594,Письма Соваля Я.А. к К.Э. Циолковскому,Letters from Ya. A. Soval to K. E. Tsiolkovsky
1595,Письмо Бориса Дмитриевича Соколова к К.Э. Циолковскому,Letter from Boris Dmitrievich Sokolov to K. E. Tsiolkovsky
1596,Письмо Владимира Соколова к К.Э. Циолковскому,Letter from Vladimir Sokolov to K. E. Tsiolkovsky
1597,Письма М.М. Соколова к К.Э. Циолковскому,Letters from M. M. Sokolov to K. E. Tsiolkovsky
1598,Письмо Ф. Соколова к К.Э. Циолковскому,Letter from F. Sokolov to K. E. Tsiolkovsky
1599,Письмо Лидии Николаевны Соколовой к К.Э. Циолковскому,Letter from Lidia Nikolaevna Sokolova to K. E. Tsiolkovsky
1600,Письмо А. и З. Соколовых к К.Э. Циолковскому,Letter of A. and Z. Sokolov to K. E. Tsiolkovsky
1601,Письмо Павла Александровича Соколовского к К.Э. Циолковскому,Letter from Pavel Alexandrovich Sokolovsky to K. E. Tsiolkovsky
1602,Письмо учащегося рабфака Солдатова И.И. к К.Э. Циолковскому,Letter from the workers' faculty student Soldatov I. I. to K. E. Tsiolkovsky
1603,Письма сотрудника Ленинградской астрономической обсерватории Соловьева А[лександра] В[асильевича] к К.Э. Циолковскому,Letters from the Leningrad Astronomical Observatory staff member Soloviev A[lexander] V[asilyevich] to K. E. Tsiolkovsky
1604,Письма Александра Фёдоровича Соловьёва к К.Э. Циолковскому,Letters from Alexander Fyodorovich Soloviev to K. E. Tsiolkovsky
1605,"Письма секретаря шефбюро над изобретательством по дирежаблестроению при газете ""Вечерняя Москва"" Солодкова Георгия Ильича к К.Э. Циолковскому","Letters from Georgy Ilyich Solodkov, secretary of the bureau for patronage of invention in dirigible construction at the newspaper ""Vechernyaya Moskva,"" to K. E. Tsiolkovsky"
1606,Письмо школьницы Музы Солодковой к К.Э. Циолковскому,Letter from the schoolgirl Muza Solodkova to K. E. Tsiolkovsky
1607,Письмо секретаря Туркестанского общества любителей астрономии В. Солодова к К.Э. Циолковскому,"Letter from V. Solodov, secretary of the Turkestan Society of Astronomy Amateurs, to K. E. Tsiolkovsky"
1608,Письмо преподавателя физики Солока И. к К.Э. Циолковскому,Letter from the physics teacher Soloka I. to K. E. Tsiolkovsky
1609,Письма Соломонова Николая Алексеевича к К.Э. Циолковскому,Letters from Solomonov Nikolai Alekseevich to K. E. Tsiolkovsky
1610,Письма Сомова Василия Ивановича к К.Э. Циолковскому,Letters from Somov Vasily Ivanovich to K. E. Tsiolkovsky
1611,Письма изобретателя Соснина Александра Васильевича к К.Э. Циолковскому,Letters from the inventor Sosnin Alexander Vasilyevich to K. E. Tsiolkovsky
1612,Письмо М. Софроновича-Романченко к К.Э. Циолковскому,Letter from M. Sofronovich-Romanchenko to K. E. Tsiolkovsky
1613,Письма Валентина Сергеевича Стеблина к К.Э. Циолковскому,Letters from Valentin Sergeevich Steblin to K. E. Tsiolkovsky
1614,Письмо Степанова Ювеналия Маркеловича к К.Э. Циолковскому,Letter from Stepanov Yuvenaly Markelovich to K. E. Tsiolkovsky
1615,Письмо Н. Стобровского к К.Э. Циолковскому,Letter from N. Stobrovsky to K. E. Tsiolkovsky
1616,Письмо студента строительного техникума Евгения Стратановича к К.Э. Циолковскому,Letter from the construction technical school student Evgeny Stratanovich to K. E. Tsiolkovsky
1617,Письмо Ф.А. Стрелкина к К.Э. Циолковскому,Letter from F. A. Strelkin to K. E. Tsiolkovsky
1618,Письма Петра Стрелковского к К.Э. Циолковскому,Letters from Pyotr Strelkovsky to K. E. Tsiolkovsky
1619,Письма Ивана Александровича Субботина к К.Э. Циолковскому,Letters from Ivan Alexandrovich Subbotin to K. E. Tsiolkovsky
1620,Письмо изобретателя Субботина П. к К.Э. Циолковскому,Letter from the inventor Subbotin P. to K. E. Tsiolkovsky
1621,Письмо Герасима Суравегина к К.Э. Циолковскому,Letter from Gerasim Suravegin to K. E. Tsiolkovsky
1622,Письма художника Сурнина Александра Николаевича к К.Э. Циолковскому,Letters from the artist Surnin Alexander Nikolaevich to K. E. Tsiolkovsky
1623,Письмо Сухотина Александра Михайловича к К.Э. Циолковскому,Letter from Sukhotin Alexander Mikhailovich to K. E. Tsiolkovsky
1624,Письмо Сыромятникова Ипполита Семеновича к К.Э. Циолковскому,Letter from Syromyatnikov Ippolit Semyonovich to K. E. Tsiolkovsky
1625,Письмо теплотехника Сыромятникова Николая Ивановича к К.Э. Циолковскому,Letter from the heating engineer Syromyatnikov Nikolai Ivanovich to K. E. Tsiolkovsky
1626,Письмо зам. председателя Комитета по изучению стратосферы ОСОАВИАХИМа Сытина Виктора Александровича к К.Э. Циолковскому,"Letter from Sytin Viktor Alexandrovich, deputy chairman of the Committee for Stratosphere Study of OSOAVIAKHIM, to K. E. Tsiolkovsky"
1627,Письмо студента Московского Текстильного института В.Н. Татищева к К.Э. Циолковскому,"Letter from V. N. Tatishchev, student of the Moscow Textile Institute, to K. E. Tsiolkovsky"
1628,Письмо Теплицкого Рувима к К.Э. Циолковскому,Letter from Teplitsky Ruvim to K. E. Tsiolkovsky
1629,Письма Теплухина Ник. Ник. к К.Э. Циолковскому,Letters from Teplukhin Nik. Nik. to K. E. Tsiolkovsky
1630,Письма быв. преподавателя бухгалтерии и коммерческо-финансовых вычислений Тепцова Михаила Никитича к К.Э. Циолковскому,"Letters from Tepstov Mikhail Nikitich, former teacher of bookkeeping and commercial-financial calculations, to K. E. Tsiolkovsky"
1631,Письмо Терешина А. к К.Э. Циолковскому,Letter from Tereshin A. to K. E. Tsiolkovsky
1632,Письмо студента Харьковского Авиационного института Тесленко А.И. к К.Э. Циолковскому,"Letter from Teslenko A.I., student of the Kharkov Aviation Institute, to K. E. Tsiolkovsky"
1633,Письмо Тетёркина Б. к К.Э. Циолковскому,Letter from Tetyorkin B. to K. E. Tsiolkovsky
1634,Письма инженера Тетиора Н.А. к К.Э. Циолковскому,Letters from engineer Tetior N.A. to K. E. Tsiolkovsky
1635,Письмо доцента 1-го Московского Государственного университета Тимакова А.Е. к К.Э. Циолковскому,"Letter from Timakov A.E., docent of the 1st Moscow State University, to K. E. Tsiolkovsky"
1636,Письмо Тимченко А. к К.Э. Циолковскому,Letter from Timchenko A. to K. E. Tsiolkovsky
1637,Письмо Тимченко К.И. к К.Э. Циолковскому,Letter from Timchenko K.I. to K. E. Tsiolkovsky
1638,Письмо Тихомирова Порфирия Фёдоровича к К.Э. Циолковскому,Letter from Tikhomirov Porfiry Fyodorovich to K. E. Tsiolkovsky
1639,Письма студента медтехникума Тихонова Константина Борисовича к К.Э. Циолковскому,"Letters from Tikhonov Konstantin Borisovich, student of the medical technical school, to K. E. Tsiolkovsky"
1640,Письмо Ткешелашвили Георгия к К.Э. Циолковскому,Letter from Tkeshelashvili Georgy to K. E. Tsiolkovsky
1641,Письмо В.Токарева к К.Э. Циолковскому,Letter from V. Tokarev to K. E. Tsiolkovsky
1642,Письмо Токаревича Константина Николаевича к К.Э. Циолковскому,Letter from Tokarevich Konstantin Nikolaevich to K. E. Tsiolkovsky
1643,Письмо члена русского общества любителей мироведения Торлина А.С. к К.Э. Циолковскому,"Letter from Torlin A.S., member of the Russian Society of Amateurs of World Studies, to K. E. Tsiolkovsky"
1644,Письмо прораба Третьякова к К.Э. Циолковскому,Letter from foreman Tretyakov to K. E. Tsiolkovsky
1645,Письмо Трошина Ивана к К.Э. Циолковскому,Letter from Troshin Ivan to K. E. Tsiolkovsky
1646,"Письмо слушателя подготовительных курсов в ПедВУЗе, изобретателя Трояновского Василия Митрофановича к К.Э. Циолковскому","Letter from Troyanovsky Vasily Mitrofanovich, listener of the preparatory courses at the Pedagogical Institute, inventor, to K. E. Tsiolkovsky"
1647,Письмо школьника Улубекова Аркадия к К.Э. Циолковскому,Letter from schoolboy Ulubekov Arkady to K. E. Tsiolkovsky
1648,Письма Умфасика Д.Я. к К.Э. Циолковскому,Letters from Umfasik D.Ya. to K. E. Tsiolkovsky
1649,Письма Урицкого Н. к К.Э. Циолковскому,Letters from Uritsky N. to K. E. Tsiolkovsky
1650,Письма заведующей медпунктом Успенской Татьяны Александровны к К.Э. Циолковскому,"Letters from Uspenskaya Tatyana Alexandrovna, head of the medical station, to K. E. Tsiolkovsky"
1651,Письмо изобретателя Уфимцева А. к К.Э. Циолковскому,Letter from inventor Ufimtsev A. to K. E. Tsiolkovsky
1652,Письма журналиста Фалина [Макутина] Виктора И. к К.Э. Циолковскому,"Letters from Falin [Makutin] Viktor I., journalist, to K. E. Tsiolkovsky"
1653,Письма изобретателя Федоренкова Н.К. к К.Э. Циолковскому,Letters from inventor Fedorenkov N.K. to K. E. Tsiolkovsky
1654,Письмо изобретателя Федорова А.П. к К.Э. Циолковскому,Letter from inventor Fedorov A.P. to K. E. Tsiolkovsky
1655,Письма Федорова А.Я. к К.Э. Циолковскому,Letters from Fedorov A.Ya. to K. E. Tsiolkovsky
1657,Письмо медицинского работника Федорова М.М. к К.Э. Циолковскому,Letter from medical worker Fedorov M.M. to K. E. Tsiolkovsky
1658,Письмо инженера-механика Федяевского Константина Константиновича к К.Э. Циолковскому,Letter from mechanical engineer Fedyaevsky Konstantin Konstantinovich to K. E. Tsiolkovsky
1659,Письмо учеников Коростень-Подольской школы Фельдмана М. и других к К.Э. Циолковскому,Letter from pupils of the Korosten-Podolsk school Feldman M. and others to K. E. Tsiolkovsky
1660,Письмо шахтера Фельсера Александра А. к К.Э. Циолковскому,Letter from miner Felser Alexander A. to K. E. Tsiolkovsky
1661,Письмо В.Э. Фербея к К.Э. Циолковскому,Letter from V.E. Ferbey to K. E. Tsiolkovsky
1662,Письма Алексея Михайловича Филиппова к К.Э. Циолковскому,Letters from Alexey Mikhailovich Filippov to K. E. Tsiolkovsky
1663,Письмо Е.П. Филиппова к К.Э. Циолковскому,Letter from E.P. Filippov to K. E. Tsiolkovsky
1664,Письмо студента Московского Горного института И.А. Филиппова к К.Э. Циолковскому,"Letter from I.A. Filippov, student of the Moscow Mining Institute, to K. E. Tsiolkovsky"
1665,Письмо инженера М.И. Фокина к К.Э. Циолковскому,Letter from engineer M.I. Fokin to K. E. Tsiolkovsky
1666,Письмо инженеров Ансберт и Анны Форрайтер (Anzbert and Anna Vorreiter) к К.Э. Циолковскому,Letter from engineers Anzbert and Anna Vorreiter (Anzbert and Anna Vorreiter) to K. E. Tsiolkovsky
1667,Письма начальника сектора оргмассовой работы ЦГИРДа Ивана Петровича Фортикова к К.Э. Циолковскому,"Letters from Fortikov Ivan Petrovich, head of the mass organizational work sector of TsGIRD, to K. E. Tsiolkovsky"
1668,Письмо школьников Ф. Фрейденберга и других к К.Э. Циолковскому,Letter from schoolchildren F. Freudenberg and others to K. E. Tsiolkovsky
1669,Письма Александра Робертовича Фрейдлиха к К.Э. Циолковскому,Letters from Alexander Robertovich Freudlikh to K. E. Tsiolkovsky
1670,"Письмо школьников, членов астрономического кружка А.Фросина и других к К.Э. Циолковскому","Letter from schoolchildren, members of the astronomical circle, A. Frosin and others to K. E. Tsiolkovsky"
1671,Письмо С. Фукельмана к К.Э. Циолковскому,Letter from S. Fukelman to K. E. Tsiolkovsky
1672,Письмо инженера-изобретателя М.М. Хайкина к К.Э. Циолковскому,Letter of engineer-inventor M. M. Khaikin to K. E. Tsiolkovsky
1673,Письмо Л.М. Хандросса к К.Э. Циолковскому,Letter of L. M. Khandross to K. E. Tsiolkovsky
1674,Письмо Харитонова Александра к К.Э. Циолковскому,Letter of Kharitonov Alexander to K. E. Tsiolkovsky
1675,Письмо профессора Петроградского университета Ореста Даниловича Хвольсона к К.Э. Циолковскому,Letter of professor of Petrograd University Orest Danilovich Khvolson to K. E. Tsiolkovsky
1676,Письма Муле Яковлевича Хейфеца к К.Э. Циолковскому,Letters of Mulya Yakovlevich Kheifets to K. E. Tsiolkovsky
1677,Письма Е.А. Хинкулова к К.Э. Циолковскому,Letters of E. A. Khinkulov to K. E. Tsiolkovsky
1678,Письма Зелика Ходова к К.Э. Циолковскому,Letters of Zelik Khodov to K. E. Tsiolkovsky
1679,Письма Б.М. Ходоровского к К.Э. Циолковскому,Letters of B. M. Khodorovsky to K. E. Tsiolkovsky
1680,Письмо студента А.С. Холода к К.Э. Циолковскому,Letter of student A. S. Kholod to K. E. Tsiolkovsky
1681,Письмо Хонякевича к К.Э. Циолковскому,Letter of Khonyakevich to K. E. Tsiolkovsky
1682,Письмо инструктора с / х кооператива Алексея Павловича Хренова к К.Э. Циолковскому,Letter of instructor of an agricultural cooperative Alexei Pavlovich Khrenov to K. E. Tsiolkovsky
1683,Письма М.М. Хрущинского к К.Э. Циолковскому,Letters of M. M. Khrushchinsky to K. E. Tsiolkovsky
1684,Письмо Л. Хшановского к К.Э. Циолковскому,Letter of L. Khshanovsky to K. E. Tsiolkovsky
1685,Письма инжнера-конструктора по реактивным аппаратам Фридриха Артуровича Цандера к К.Э. Циолковскому,Letters of design engineer for jet apparatus Friedrich Arturovich Zander to K. E. Tsiolkovsky
1686,Письма врача - биохимика Алексея Николаевича Цветикова к К.Э. Циолковскому,Letters of physician-biochemist Alexei Nikolaevich Tsvetikov to K. E. Tsiolkovsky
1687,Письмо техника Семена Цейтлина к К.Э. Циолковскому,Letter of technician Semyon Tseitlin to K. E. Tsiolkovsky
1688,Письмо Николая Ивановича Центерова к К.Э. Циолковскому,Letter of Nikolai Ivanovich Tsenterov to K. E. Tsiolkovsky
1689,Письмо студента Казанского университета Л. Ценцыпера к К.Э. Циолковскому,Letter of Kazan University student L. Tsentsyper to K. E. Tsiolkovsky
1690,Письмо студента рыбтехникума Матвея Церехова к К.Э. Циолковскому,Letter of fish technical school student Matvei Tserekhov to K. E. Tsiolkovsky
1691,Письма племянницы Елены Иосифовны Циолковской к К.Э. Циолковскому,Letters of niece Elena Iosifovna Tsiolkovskaya to K. E. Tsiolkovsky
1692,Письма дочери Любови Константиновны Циолковской к К.Э. Циолковскому,Letters of daughter Lyubov Konstantinovna Tsiolkovskaya to K. E. Tsiolkovsky
1693,Письма племянников Павла и Клавдии Циолковских к К.Э. Циолковскому,Letters of nephew and niece Pavel and Klavdiya Tsiolkovsky to K. E. Tsiolkovsky
1694,Письма изобретателя С. Циркова к К.Э. Циолковскому,Letters of inventor S. Tsirkov to K. E. Tsiolkovsky
1695,Письмо политредактора Главлита Зинаиды Чалой к К.Э. Циолковскому,Letter of Glavlit political editor Zinaida Chalaya to K. E. Tsiolkovsky
1696,Письмо Н.М. Чапова к К.Э. Циолковскому,Letter of N. M. Chapov to K. E. Tsiolkovsky
1697,Письма П. Черенкова к К.Э. Циолковскому,Letters of P. Cherenkov to K. E. Tsiolkovsky
1698,Письма Виктора Михайловича Чернова к К.Э. Циолковскому,Letters of Viktor Mikhailovich Chernov to K. E. Tsiolkovsky
1699,Письмо Бориса Чернохлеба к К.Э. Циолковскому,Letter of Boris Chernokhleb to K. E. Tsiolkovsky
1700,Письмо инженера - начальника работ по постройке 1-го советского стратостата Е.Е. Чертавского к К.Э. Циолковскому,"Letter of engineer, head of construction works on the 1st Soviet stratostat E. E. Chertavsky to K. E. Tsiolkovsky"
1701,Письмо изобретателя - рационализатора Федора Михайловича Чехонина к К.Э. Циолковскому,Letter of inventor-rationalizer Fyodor Mikhailovich Chekhonin to K. E. Tsiolkovsky
1702,Письма Всеволода Евграфовича Чешихина к К.Э. Циолковскому,Letters of Vsevolod Evgrafovich Cheshikhin to K. E. Tsiolkovsky
1703,Письмо инженера Юрия Чибисова к К.Э. Циолковскому,Letter of engineer Yuri Chibisov to K. E. Tsiolkovsky
1704,Письма профессора-директора Центральной Научно - исследовательской лаборатории по ионификации Александра Леонидовича Чижевского к К.Э. Циолковскому,Letters of professor-director of the Central Scientific Research Laboratory of Ionification Alexander Leonidovich Chizhevsky to K. E. Tsiolkovsky
1705,Письмо Е.И. Чижова к К.Э. Циолковскому,Letter of E. I. Chizhov to K. E. Tsiolkovsky
1706,Письмо инженера С. Чистоклетова к К.Э. Циолковскому,Letter of engineer S. Chistokletov to K. E. Tsiolkovsky
1707,Письма изобретателя Георгия Николаевича Чуваева к К.Э. Циолковскому,Letters of inventor Georgy Nikolaevich Chuvaev to K. E. Tsiolkovsky
1708,"Письма школьника, изобретателя Анатолия Марковича Шамрая к К.Э. Циолковскому","Letters of schoolboy, inventor Anatoly Markovich Shamrai to K. E. Tsiolkovsky"
1709,Письмо Петра Ивановича Шатилова к К.Э. Циолковскому,Letter of Pyotr Ivanovich Shatilov to K. E. Tsiolkovsky
1710,Письмо И.Н. Шахова к К.Э. Циолковскому,Letter of I. N. Shakhov to K. E. Tsiolkovsky
1711,Письма студента Машиностроительного института М.Я. Шашина к К.Э. Циолковскому,Letters of Mechanical Engineering Institute student M. Ya. Shashin to K. E. Tsiolkovsky
1712,Письмо И.М. Шермана к К.Э. Циолковскому,Letter from I. M. Sherman to K. E. Tsiolkovsky
1713,Письма инженера Александра Борисовича Шершевского к К.Э. Циолковскому,Letters from engineer Alexander Borisovich Shershevsky to K. E. Tsiolkovsky
1714,Письмо В.Д. Шефова к К.Э. Циолковскому,Letter from V. D. Shefov to K. E. Tsiolkovsky
1715,Письмо студента Политехнического института им. Калинина Н. Шитова к К.Э. Циолковскому,"Letter from N. Shitov, a student of the Kalinin Polytechnic Institute, to K. E. Tsiolkovsky"
1716,Письмо драматургов Мих. Шифмана и С. Дилина к К.Э. Циолковскому,Letter from the playwrights Mikh. Shifman and S. Dilin to K. E. Tsiolkovsky
1717,Письмо агронома Шконде Эдмунда И. к К.Э. Циолковскому,Letter from the agronomist Shkonde Edmund I. to K. E. Tsiolkovsky
1718,Письма инженера В.Ф. Шмурло к К.Э. Циолковскому,Letters from engineer V. F. Shmurlo to K. E. Tsiolkovsky
1719,"Письмо сотрудника редакции ж. ""Самолет"", органа Центрального совета Союза ОСОАВИАХИМа Шнукова Алексея Владимировича к К.Э. Циолковскому","Letter from Shnukov Alexei Vladimirovich, a staff member of the editorial office of the journal ""Airplane"", organ of the Central Council of the Union of OSOAVIAKHIM, to K. E. Tsiolkovsky"
1720,Письмо студента В.Я. Шолмина к К.Э. Циолковскому,Letter from student V. Ya. Sholmin to K. E. Tsiolkovsky
1721,Письма Секретаря Московского общества любителей астрономии С.А. Шорыгина к К.Э. Циолковскому,"Letters from S. A. Shorygin, Secretary of the Moscow Society of Astronomy Lovers, to K. E. Tsiolkovsky"
1722,"Письма школьника, изобретателя Бориса К. Штавемана к К.Э. Циолковскому","Letters from Boris K. Shtaveman, schoolboy and inventor, to K. E. Tsiolkovsky"
1723,Письма инженера-механика А. Штернфельда (A.J. Sternfeld) к К.Э. Циолковскому,Letters from mechanical engineer A. Shternfeld (A.J. Sternfeld) to K. E. Tsiolkovsky
1724,Письма вагонного мастера на строительстве ж.д. Штокмара Иосифа Ивановича к К.Э. Циолковскому,"Letters from Shtokmar Iosif Ivanovich, car foreman on railroad construction, to K. E. Tsiolkovsky"
1725,Письма изобретателя Шурупова Анатолия Константиновича к К.Э. Циолковскому,Letters from the inventor Shurupov Anatoly Konstantinovich to K. E. Tsiolkovsky
1726,Письмо инженера Н.М. Щапова к К.Э. Циолковскому,Letter from engineer N. M. Shchapov to K. E. Tsiolkovsky
1727,Письма Щеголевой Фаины Алексеевны к К.Э. Циолковскому,Letters from Shchegoleva Faina Alekseevna to K. E. Tsiolkovsky
1728,Письмо юных техников Филиппа Щербы и других к К.Э. Циолковскому,Letter from young technicians Filipp Shcherba and others to K. E. Tsiolkovsky
1729,Письмо студента Харьковского Технического института А.Я. Щербакова к К.Э. Циолковскому,"Letter from A. Ya. Shcherbakov, a student of the Kharkov Technical Institute, to K. E. Tsiolkovsky"
1730,Письма председателя Нижегородского кружка любителей физики и астрономии Горьковского геодезического общества Сергея Васильевича Щербакова к К.Э. Циолковскому,"Letters from Sergei Vasilyevich Shcherbakov, chairman of the Nizhny Novgorod Circle of Physics and Astronomy Lovers of the Gorky Geodetic Society, to K. E. Tsiolkovsky"
1731,Письма зав. авиамодельной лабораторией ОСОАВИАХИМа Я. Эвентова к К.Э. Циолковскому,"Letters from Ya. Eventov, head of the aircraft-model laboratory of OSOAVIAKHIM, to K. E. Tsiolkovsky"
1732,Письмо студента индустриального техникума Василия Михайловича Эма к К.Э. Циолковскому,"Letter from Vasily Mikhailovich Em, a student of an industrial technical school, to K. E. Tsiolkovsky"
1733,Письма учительницы Веры Ф. Энман к К.Э. Циолковскому,Letters from the teacher Vera F. Enman to K. E. Tsiolkovsky
1734,Письма Н. Эрайзера к К.Э. Циолковскому,Letters from N. Erayzer to K. E. Tsiolkovsky
1735,Письма руководителя спецбригады Нефтяного геолого-разведочного института Леонида Семеновича Эратова к К.Э. Циолковскому,"Letters from Leonid Semyonovich Eratov, head of a special brigade of the Petroleum Geological Exploration Institute, to K. E. Tsiolkovsky"
1736,Письмо Ф.Ф. Юдалевича к К.Э. Циолковскому,Letter from F. F. Yudalevich to K. E. Tsiolkovsky
1737,Письма студентов Арк[адия] Юдина и В. Шолмина к К.Э. Циолковскому,Letters from students Ark[ady] Yudin and V. Sholmin to K. E. Tsiolkovsky
1738,Письмо Роберта Юцита к К.Э. Циолковскому,Letter from Robert Yutsit to K. E. Tsiolkovsky
1739,Письма аспиранта Ленинградского государственного университета Николая Владимировича Юшманова к К.Э. Циолковскому,"Letters from Nikolai Vladimirovich Yushmanov, a graduate student of Leningrad State University, to K. E. Tsiolkovsky"
1740,Письмо летчика Фрица Якобзена ( Fritz John Jacobsen) к К.Э. Циолковскому,Letter from the pilot Fritz Jacobsen (Fritz John Jacobsen) to K. E. Tsiolkovsky
1741,Письмо студента-конструктора А.Н. Яковлева к К.Э. Циолковскому,"Letter from A. N. Yakovlev, student designer, to K. E. Tsiolkovsky"
1742,Письмо инженера Николая Яковлевича Яковлева к К.Э. Циолковскому,Letter from engineer Nikolai Yakovlevich Yakovlev to K. E. Tsiolkovsky
1743,Письма Ф.И. Янчевского к К.Э. Циолковскому,Letters from F. I. Yanchevsky to K. E. Tsiolkovsky
1744,Письмо Ант. Никит. Яременко к К.Э. Циолковскому,Letter from Ant. Nikit. Yaremenko to K. E. Tsiolkovsky
1745,Письмо Я.Р. Ярмоленко к К.Э. Циолковскому,Letter from Ya. R. Yarmolenko to K. E. Tsiolkovsky
1746,Письмо студентов Ленинградского института гражданского воздушного флота к К.Э. Циолковскому,Letter from students of the Leningrad Institute of Civil Air Fleet to K. E. Tsiolkovsky
1747,Письмо студентов Купянского механического техникума к К.Э. Циолковскому,Letter from students of the Kupyansk Mechanical Technical School to K. E. Tsiolkovsky
1748,"Письмо группы молодежи Киевских политехнических курсов и кружка по постройке модели аэронатов, изобретенных К.Э. Циолковским к К.Э. Циолковскому","Letter from a group of young people of the Kiev Polytechnic Courses and a circle for building a model of the aeronats invented by K. E. Tsiolkovsky, to K. E. Tsiolkovsky"
1749,Письмо пионеров авиамодельного кружка школы №4 при автозаводе им. Молотова к К.Э. Циолковскому,Letter from the pioneers of the aircraft-model circle of School No. 4 at the Molotov Automobile Plant to K. E. Tsiolkovsky
1750,"Письмо пионеров неполной средней школы Мишеронского завода ""Пионер"" к К.Э. Циолковскому","Letter from the pioneers of the incomplete secondary school of the Misheronsky Plant ""Pioneer"" to K. E. Tsiolkovsky"
1751,Письма юных техников Центральной детской технической станции им. Шверника к К.Э. Циолковскому,Letters from young technicians of the Central Children's Technical Station named after Shvernik to K. E. Tsiolkovsky
1752,Письмо юношеской секции Забайкальского Общества любителей астрономии к К.Э. Циолковскому,Letter from the youth section of the Trans-Baikal Society of Amateur Astronomers to K. E. Tsiolkovsky
1753,Письмо школьника [ В.Ч.] (личность не установлена ) к К.Э. Циолковскому,Letter from a schoolboy [V.Ch.] (identity not established) to K. E. Tsiolkovsky
1754,Письмо неустановленных лиц. Письма [с неразборчивыми подписями и без подписей] к К.Э. Циолковскому,Letter from unidentified persons. Letters [with illegible signatures and without signatures] to K. E. Tsiolkovsky
1755,Конверты от писем неустановленных корреспондентов с пометами К.Э. Циолковского,Envelopes from letters of unidentified correspondents with notes by K. E. Tsiolkovsky
1756,"Письмо преподавателя физики Александротальского с/х техникума А. Абрамова к К.Э. Циолковскому в ответ на его заметку ""Кто видел Болид?""","Letter from A. Abramov, physics teacher at the Aleksandrotal Agricultural Technical School, to K. E. Tsiolkovsky in response to his note ""Who Saw the Bolide?"""
1757,"Письма преподавателя физики и математики Б.В. Агафонова к К.Э. Циолковскому в ответ на его заметку ""Кто видел Болид?""","Letters from B. V. Agafonov, teacher of physics and mathematics, to K. E. Tsiolkovsky in response to his note ""Who Saw the Bolide?"""
1758,"Письмо начальника отдела технического контроля завода №75 Л.Л. Алексеева к К.Э. Циолковскому в ответ на его заметку ""Кто видел Болид?""","Letter from L. L. Alekseev, head of the technical control department of Factory No. 75, to K. E. Tsiolkovsky in response to his note ""Who Saw the Bolide?"""
1759,"Письмо мастера Дорогомиловского химзавода Б.Д. Алмазова к К.Э. Циолковскому в ответ на его заметку ""Кто видел Болид?""","Letter from B. D. Almazov, foreman of the Dorogomilovo Chemical Plant, to K. E. Tsiolkovsky in response to his note ""Who Saw the Bolide?"""
1760,"Письмо специального редактора журнала ""Фронт фабзавуча"" Б. Андреева к К.Э. Циолковскому в ответ на его заметку ""Кто видел Болид?""","Letter from B. Andreev, special editor of the journal ""Front of the Factory Apprenticeship School"", to K. E. Tsiolkovsky in response to his note ""Who Saw the Bolide?"""
1761,"Письмо К.К. Аникина к К.Э. Циолковскому в ответ на его заметку ""Кто видел Болид?""","Letter from K. K. Anikin to K. E. Tsiolkovsky in response to his note ""Who Saw the Bolide?"""
1762,"Письмо члена Московской коллегии защитников Григория Евгеньевича Артынова к К.Э. Циолковскому в ответ на его заметку ""Кто видел Болид?""","Letter from Grigory Evgenievich Artynov, member of the Moscow Bar Association, to K. E. Tsiolkovsky in response to his note ""Who Saw the Bolide?"""
1763,"Письмо А.Е. Архангельского и Гуреева к К.Э. Циолковскому в ответ на его заметку ""Кто видел Болид?""","Letter from A. E. Arkhangelsky and Gureev to K. E. Tsiolkovsky in response to his note ""Who Saw the Bolide?"""
1764,"Письмо преподавателя педтехникума Барага к К.Э. Циолковскому в ответ на его заметку ""Кто видел Болид?""","Letter from Barag, teacher at a pedagogical technical school, to K. E. Tsiolkovsky in response to his note ""Who Saw the Bolide?"""
1765,"Письмо Ф. Барынкина и О. Паутовой к К.Э. Циолковскому в ответ на его заметку ""Кто видел Болид?""","Letter from F. Barynkin and O. Pautova to K. E. Tsiolkovsky in response to his note ""Who Saw the Bolide?"""
1766,"Письмо Ирины Владимировны Барыкиной к К.Э. Циолковскому в ответ на его заметку ""Кто видел Болид?""","Letter from Irina Vladimirovna Barykina to K. E. Tsiolkovsky in response to his note ""Who Saw the Bolide?"""
1767,"Письмо Евгения Ивановича Белозерского к К.Э. Циолковскому в ответ на его заметку ""Кто видел Болид?""","Letter from Evgeny Ivanovich Belozersky to K. E. Tsiolkovsky in response to his note ""Who Saw the Bolide?"""
1768,"Письмо учителя Макаровской школы Ивана Белякова к К.Э. Циолковскому в ответ на его заметку ""Кто видел Болид?""","Letter from Ivan Belyakov, teacher at the Makarovo school, to K. E. Tsiolkovsky in response to his note ""Who Saw the Bolide?"""
1769,"Письмо техника путей сообщения Е.Е. Березина к К.Э. Циолковскому в ответ на его заметку ""Кто видел Болид?""","Letter from E. E. Berezin, railway technician, to K. E. Tsiolkovsky in response to his note ""Who Saw the Bolide?"""
1770,"Письмо врача В. Благовещенского к К.Э. Циолковскому в ответ на его заметку ""Кто видел Болид?""","Letter from V. Blagoveshchensky, physician, to K. E. Tsiolkovsky in response to his note ""Who Saw the Bolide?"""
1771,"Письмо рабочего завода №11 Виктора Бокова к К.Э. Циолковскому в ответ на его заметку ""Кто видел Болид?""","Letter from Viktor Bokov, worker at Factory No. 11, to K. E. Tsiolkovsky in response to his note ""Who Saw the Bolide?"""
1772,"Письмо Боярского к К.Э. Циолковскому в ответ на его заметку ""Кто видел Болид?»","Letter from Boyarsky to K. E. Tsiolkovsky in response to his note ""Who Saw the Bolide?"""
1773,"Письмо С.Л. Будинова к К.Э. Циолковскому в ответ на его заметку ""Кто видел Болид?»","Letter from S. L. Budinov to K. E. Tsiolkovsky in response to his note ""Who Saw the Bolide?"""
1774,"Письмо инженера М.Е. Быханова к К.Э. Циолковскому в ответ на его заметку ""Кто видел Болид?»","Letter from engineer M. E. Bykhanov to K. E. Tsiolkovsky in response to his note ""Who Saw the Bolide?"""
1775,"Письмо С. Васильева к К.Э. Циолковскому в ответ на его заметку ""Кто видел Болид?»","Letter from S. Vasiliev to K. E. Tsiolkovsky in response to his note ""Who Saw the Bolide?"""
1776,"Письмо сотрудницы редакции журнала ""Техника молодежи"" В. Вейде к К.Э. Циолковскому в ответ на его заметку ""Кто видел Болид?»","Letter from V. Veide, staff member of the editorial office of the journal ""Tekhnika Molodezhi"", to K. E. Tsiolkovsky in response to his note ""Who Saw the Bolide?"""
1777,"Письмо заведующей Сергиевской школой А.А. Величко к К.Э. Циолковскому в ответ на его заметку ""Кто видел Болид?»","Letter from A. A. Velichko, head of the Sergievskaya school, to K. E. Tsiolkovsky in response to his note ""Who Saw the Bolide?"""
1778,"Письмо П.Д. Величко к К.Э. Циолковскому в ответ на его заметку ""Кто видел Болид?»","Letter from P. D. Velichko to K. E. Tsiolkovsky in response to his note ""Who Saw the Bolide?"""
1779,"Письмо Степана Васильевича Верёвкина к К.Э. Циолковскому в ответ на его заметку ""Кто видел Болид?»","Letter from Stepan Vasilievich Verevkin to K. E. Tsiolkovsky in response to his note ""Who Saw the Bolide?"""
1780,"Письмо ученика школы ШКМ Василия Васильевича Виноградова к К.Э. Циолковскому в ответ на его заметку ""Кто видел Болид?»","Letter from Vasily Vasilievich Vinogradov, pupil of a ShKM school, to K. E. Tsiolkovsky in response to his note ""Who Saw the Bolide?"""
1781,"Письмо бухгалтера Сергея Сергеевича Винокурова к К.Э. Циолковскому в ответ на его заметку ""Кто видел Болид?»","Letter from Sergei Sergeevich Vinokurov, accountant, to K. E. Tsiolkovsky in response to his note ""Who Saw the Bolide?"""
1782,"Письмо Вл. Вихляева к К.Э. Циолковскому в ответ на его заметку ""Кто видел Болид?»","Letter from Vl. Vikhlyaev to K. E. Tsiolkovsky in response to his note ""Who Saw the Bolide?"""
1783,"Письмо председателя правления Бежецкого райпотребсоюза Власова к К.Э. Циолковскому в ответ на его заметку ""Кто видел Болид?»","Letter from Vlasov, chairman of the board of the Bezhetsk district consumer union, to K. E. Tsiolkovsky in response to his note ""Who Saw the Bolide?"""
1784,"Письмо В. Воздвиженского к К.Э. Циолковскому в ответ на его заметку ""Кто видел Болид?»","Letter from V. Vozdvizhensky to K. E. Tsiolkovsky in response to his note ""Who Saw the Bolide?"""
1785,"Письмо лесовода Вл. Мих[айловича] Вознесенского к К.Э. Циолковскому в ответ на его заметку ""Кто видел Болид?»","Letter from Vl. Mikh[ailovich] Voznesensky, forester, to K. E. Tsiolkovsky in response to his note ""Who Saw the Bolide?"""
1786,"Письмо Станислава Войцеховича к К.Э. Циолковскому в ответ на его заметку ""Кто видел Болид?»","Letter from Stanislav Voitsekhovich to K. E. Tsiolkovsky in response to his note ""Who Saw the Bolide?"""
1787,"Письмо П.В. Волкова к К.Э. Циолковскому в ответ на его заметку ""Кто видел Болид?»","Letter from P. V. Volkov to K. E. Tsiolkovsky in response to his note ""Who Saw the Bolide?"""
1788,"Письмо В. Волобуева к К.Э. Циолковскому в ответ на его заметку ""Кто видел Болид?»","Letter from V. Volobuev to K. E. Tsiolkovsky in response to his note ""Who Saw the Bolide?"""
1789,"Письмо главного механика 1-го таксомоторного парка Георгия Захаровича Гаврилова к К.Э. Циолковскому в ответ на его заметку ""Кто видел Болид?»","Letter from Georgy Zakharovich Gavrilov, chief mechanic of Taxi Depot No. 1, to K. E. Tsiolkovsky in response to his note ""Who Saw the Bolide?"""
1790,"Письмо Ивана Антиповича Гаврилюка к К.Э. Циолковскому в ответ на его заметку ""Кто видел Болид?»","Letter from Ivan Antipovich Gavrilyuk to K. E. Tsiolkovsky in response to his note ""Who Saw the Bolide?"""
1791,"Письмо техника Георгия Георгиевича Гангардта к К.Э. Циолковскому в ответ на его заметку ""Кто видел Болид?»","Letter from Georgy Georgievich Gangardt, technician, to K. E. Tsiolkovsky in response to his note ""Who Saw the Bolide?"""
1792,"Письмо Вас. И. Гвелесиани к К.Э. Циолковскому в ответ на его заметку ""Кто видел Болид?»","Letter from Vas. I. Gvelesiani to K. E. Tsiolkovsky in response to his note ""Who Saw the Bolide?"""
1793,"Письмо В.П. Геннадиева к К.Э. Циолковскому в ответ на его заметку ""Кто видел Болид?»","Letter from V.P. Gennadiev to K. E. Tsiolkovsky in response to his note ""Who Saw the Bolide?"""
1794,"Письмо Константина Васильевича Глазкова к К.Э. Циолковскому в ответ на его заметку ""Кто видел Болид?»","Letter from Konstantin Vasilyevich Glazkov to K. E. Tsiolkovsky in response to his note ""Who Saw the Bolide?"""
1795,"Письмо Ивана Сергеевича Гнезднёва к К.Э. Циолковскому в ответ на его заметку ""Кто видел Болид?»","Letter from Ivan Sergeyevich Gnezdnyov to K. E. Tsiolkovsky in response to his note ""Who Saw the Bolide?"""
1796,"Письмо А.М. Година к К.Э. Циолковскому в ответ на его заметку ""Кто видел Болид?»","Letter from A.M. Godin to K. E. Tsiolkovsky in response to his note ""Who Saw the Bolide?"""
1797,"Письмо заведующего метеорологической станцией Н.Б. Голенкевича к К.Э. Циолковскому в ответ на его заметку ""Кто видел Болид?»","Letter from the head of the meteorological station N.B. Golenkevich to K. E. Tsiolkovsky in response to his note ""Who Saw the Bolide?"""
1798,"Письмо Л. Головина к К.Э. Циолковскому в ответ на его заметку ""Кто видел Болид?»","Letter from L. Golovin to K. E. Tsiolkovsky in response to his note ""Who Saw the Bolide?"""
1799,"Письмо Т.А. Головинова к К.Э. Циолковскому в ответ на его заметку ""Кто видел Болид?»","Letter from T.A. Golovinov to K. E. Tsiolkovsky in response to his note ""Who Saw the Bolide?"""
1800,"Письмо школьника Вадима Голубцова к К.Э. Циолковскому в ответ на его заметку ""Кто видел Болид?»","Letter from schoolboy Vadim Golubtsov to K. E. Tsiolkovsky in response to his note ""Who Saw the Bolide?"""
1801,"Письмо С.М. Гоухберга к К.Э. Циолковскому в ответ на его заметку ""Кто видел Болид?»","Letter from S.M. Goukhberg to K. E. Tsiolkovsky in response to his note ""Who Saw the Bolide?"""
1802,"Письмо Н.А. Громова к К.Э. Циолковскому в ответ на его заметку ""Кто видел Болид?»","Letter from N.A. Gromov to K. E. Tsiolkovsky in response to his note ""Who Saw the Bolide?"""
1803,"Письмо В. Грязнова к К.Э. Циолковскому в ответ на его заметку ""Кто видел Болид?»","Letter from V. Gryaznov to K. E. Tsiolkovsky in response to his note ""Who Saw the Bolide?"""
1804,"Письмо В. Данилина к К.Э. Циолковскому в ответ на его заметку ""Кто видел Болид?»","Letter from V. Danilin to K. E. Tsiolkovsky in response to his note ""Who Saw the Bolide?"""
1805,"Письмо школьника И. Дебольского к К.Э. Циолковскому в ответ на его заметку ""Кто видел Болид?»","Letter from schoolboy I. Debolsky to K. E. Tsiolkovsky in response to his note ""Who Saw the Bolide?"""
1806,"Письмо инспектора Госстраха П.Я. Демидова к К.Э. Циолковскому в ответ на его заметку ""Кто видел Болид?»","Letter from Gosstrakh inspector P.Ya. Demidov to K. E. Tsiolkovsky in response to his note ""Who Saw the Bolide?"""
1807,"Письмо Н. Денисова к К.Э. Циолковскому в ответ на его заметку ""Кто видел Болид?»","Letter from N. Denisov to K. E. Tsiolkovsky in response to his note ""Who Saw the Bolide?"""
1808,"Письмо начальника лаборатории полигона А.С. Добросердова к К.Э. Циолковскому в ответ на его заметку ""Кто видел Болид?»","Letter from the head of the proving ground laboratory A.S. Dobroserdov to K. E. Tsiolkovsky in response to his note ""Who Saw the Bolide?"""
1809,"Письмо табельщика А.И. Донского к К.Э. Циолковскому в ответ на его заметку ""Кто видел Болид?»","Letter from timekeeper A.I. Donskoy to K. E. Tsiolkovsky in response to his note ""Who Saw the Bolide?"""
1810,"Письмо С. Дойникова к К.Э. Циолковскому в ответ на его заметку ""Кто видел Болид?»","Letter from S. Doynikov to K. E. Tsiolkovsky in response to his note ""Who Saw the Bolide?"""
1811,"Письмо Петра Ивановича Докучаева к К.Э. Циолковскому в ответ на его заметку ""Кто видел Болид?»","Letter from Pyotr Ivanovich Dokuchaev to K. E. Tsiolkovsky in response to his note ""Who Saw the Bolide?"""
1812,"Письмо Л. Дорикова к К.Э. Циолковскому в ответ на его заметку ""Кто видел Болид?»","Letter from L. Dorikov to K. E. Tsiolkovsky in response to his note ""Who Saw the Bolide?"""
1813,"Письмо доктора Льва Львовича Дорфмана к К.Э. Циолковскому в ответ на его заметку ""Кто видел Болид?»","Letter from Dr. Lev Lvovich Dorfman to K. E. Tsiolkovsky in response to his note ""Who Saw the Bolide?"""
1814,"Письмо командира батальона Дьяченко к К.Э. Циолковскому в ответ на его заметку ""Кто видел Болид?»","Letter from battalion commander Dyachenko to K. E. Tsiolkovsky in response to his note ""Who Saw the Bolide?"""
1815,"Письмо доцента Московского института стали А.М. Дымова к К.Э. Циолковскому в ответ на его заметку ""Кто видел Болид?»","Letter from docent of the Moscow Institute of Steel A.M. Dymov to K. E. Tsiolkovsky in response to his note ""Who Saw the Bolide?"""
1816,"Письмо В. Егорова к К.Э. Циолковскому в ответ на его заметку ""Кто видел Болид?»","Letter from V. Yegorov to K. E. Tsiolkovsky in response to his note ""Who Saw the Bolide?"""
1817,"Письмо помощника инженера Николая Николаевича Еленина к К.Э. Циолковскому в ответ на его заметку ""Кто видел Болид?»","Letter of the assistant engineer Nikolai Nikolaevich Elenin to K. E. Tsiolkovsky in reply to his note ""Who Saw the Bolide?"""
1818,"Письмо А. Жучкова к К.Э. Циолковскому в ответ на его заметку ""Кто видел Болид?»","Letter from A. Zhuchkov to K. E. Tsiolkovsky in response to his note ""Who Saw the Bolide?"""
1819,"Письмо С. Заболотнова к К.Э. Циолковскому в ответ на его заметку ""Кто видел Болид?»","Letter from S. Zabolotnov to K. E. Tsiolkovsky in response to his note ""Who Saw the Bolide?"""
1820,"Письма Николая Васильевича Заикина к К.Э. Циолковскому в ответ на его заметку ""Кто видел Болид?»","Letters from Nikolai Vasilyevich Zaikin to K. E. Tsiolkovsky in response to his note ""Who Saw the Bolide?"""
1821,"Письмо С. Закрасина к К.Э. Циолковскому в ответ на его заметку ""Кто видел Болид?»","Letter from S. Zakrasin to K. E. Tsiolkovsky in response to his note ""Who Saw the Bolide?"""
1822,"Письмо начальника административно-хозяйственного сектора Автоснаба Константина Константиновича Запрудского к К.Э. Циолковскому в ответ на его заметку ""Кто видел Болид?»","Letter from the head of the administrative and household sector of Avtosnab Konstantin Konstantinovich Zaprudsky to K. E. Tsiolkovsky in response to his note ""Who Saw the Bolide?"""
1823,"Письмо школьника В. Звезденкова к К.Э. Циолковскому в ответ на его заметку ""Кто видел Болид?»","Letter from schoolboy V. Zvezdenkov to K. E. Tsiolkovsky in response to his note ""Who Saw the Bolide?"""
1824,"Письмо преподавателей средней школы А.М. Звягина и Д.П. Свечникова к К.Э. Циолковскому в ответ на его заметку ""Кто видел Болид?»","Letter from secondary school teachers A.M. Zvyagin and D.P. Svechnikov to K. E. Tsiolkovsky in response to his note ""Who Saw the Bolide?"""
1825,"Письмо С.М. Иванова к К.Э. Циолковскому в ответ на его заметку ""Кто видел Болид?»","Letter from S.M. Ivanov to K. E. Tsiolkovsky in response to his note ""Who Saw the Bolide?"""
1826,"Письмо Ивана Андреевича Ильина к К.Э. Циолковскому в ответ на его заметку ""Кто видел Болид?»","Letter from Ivan Andreyevich Ilyin to K. E. Tsiolkovsky in response to his note ""Who Saw the Bolide?"""
1827,"Письмо Л.Н. Ильинского к К.Э. Циолковскому в ответ на его заметку ""Кто видел Болид?»","Letter from L.N. Ilyinsky to K. E. Tsiolkovsky in response to his note ""Who Saw the Bolide?"""
1828,"Письмо Исаевых к К.Э. Циолковскому в ответ на его заметку ""Кто видел Болид?»","Letter from the Isaevs to K. E. Tsiolkovsky in response to his note ""Who Saw the Bolide?"""
1829,"Письмо Михаила Васильевича Каменева к К.Э. Циолковскому в ответ на его заметку ""Кто видел Болид?»","Letter from Mikhail Vasilyevich Kamenev to K. E. Tsiolkovsky in response to his note ""Who Saw the Bolide?"""
1830,"Письмо К.Н. Каневского к К.Э. Циолковскому в ответ на его заметку ""Кто видел Болид?»","Letter from K.N. Kanevsky to K. E. Tsiolkovsky in response to his note ""Who Saw the Bolide?"""
1831,"Письмо зоотехника В. Каплана к К.Э. Циолковскому в ответ на его заметку ""Кто видел Болид?»","Letter from zootechnician V. Kaplan to K. E. Tsiolkovsky in response to his note ""Who Saw the Bolide?"""
1832,"Письмо А.С. Карапыша к К.Э. Циолковскому в ответ на его заметку ""Кто видел Болид?»","Letter from A.S. Karapysh to K. E. Tsiolkovsky in response to his note ""Who Saw the Bolide?"""
1833,"Письмо Алексея Петровича Каширина к К.Э. Циолковскому в ответ на его заметку ""Кто видел Болид?»","Letter from Aleksei Petrovich Kashirin to K. E. Tsiolkovsky in response to his note ""Who Saw the Bolide?"""
1834,"Письмо М. Кашириной к К.Э. Циолковскому в ответ на его заметку ""Кто видел Болид?»","Letter from M. Kashirina to K. E. Tsiolkovsky in response to his note ""Who Saw the Bolide?"""
1835,"Письмо Евгения Кеммерлинга к К.Э. Циолковскому в ответ на его заметку ""Кто видел Болид?»","Letter from Evgeny Kemmerling to K. E. Tsiolkovsky in response to his note ""Who Saw the Bolide?"""
1836,"Письмо учащихся Б. Китаева и А. Бутченко к К.Э. Циолковскому в ответ на его заметку ""Кто видел Болид?»","Letter from students B. Kitaev and A. Butchenko to K. E. Tsiolkovsky in response to his note ""Who Saw the Bolide?"""
1837,"Письмо врача Китаина к К.Э. Циолковскому в ответ на его заметку ""Кто видел Болид?»","Letter from the physician Kitain to K. E. Tsiolkovsky in response to his note ""Who Saw the Bolide?"""
1838,"Письмо К. Ковалевского к К.Э. Циолковскому в ответ на его заметку ""Кто видел Болид?»","Letter from K. Kovalevsky to K. E. Tsiolkovsky in response to his note ""Who Saw the Bolide?"""
1839,"Письмо красноармейца Николая Антоновича Козореза к К.Э. Циолковскому в ответ на его заметку ""Кто видел Болид?»","Letter from Red Army soldier Nikolai Antonovich Kozorez to K. E. Tsiolkovsky in response to his note ""Who Saw the Bolide?"""
1840,"Письмо Веры Козьяковой к К.Э. Циолковскому в ответ на его заметку ""Кто видел Болид?»","Letter from Vera Kozyakova to K. E. Tsiolkovsky in response to his note ""Who Saw the Bolide?"""
1841,"Письмо техника А.Д. Кокорева к К.Э. Циолковскому в ответ на его заметку ""Кто видел Болид?»","Letter from technician A. D. Kokorev to K. E. Tsiolkovsky in response to his note ""Who Saw the Bolide?"""
1842,"Письмо Колотенкова к К.Э. Циолковскому в ответ на его заметку ""Кто видел Болид?»","Letter from Kolotenkov to K. E. Tsiolkovsky in response to his note ""Who Saw the Bolide?"""
1843,"Письмо З.И. Комарова к К.Э. Циолковскому в ответ на его заметку ""Кто видел Болид?»","Letter from Z. I. Komarov to K. E. Tsiolkovsky in response to his note ""Who Saw the Bolide?"""
1844,"Письмо учителя С.П. Комарова к К.Э. Циолковскому в ответ на его заметку ""Кто видел Болид?»","Letter from the teacher S. P. Komarov to K. E. Tsiolkovsky in response to his note ""Who Saw the Bolide?"""
1845,"Письмо А. Копрова к К.Э. Циолковскому в ответ на его заметку ""Кто видел Болид?»","Letter from A. Koprov to K. E. Tsiolkovsky in response to his note ""Who Saw the Bolide?"""
1846,"Письмо В.В. Корнаушкина к К.Э. Циолковскому в ответ на его заметку ""Кто видел Болид?»","Letter from V. V. Kornaushkin to K. E. Tsiolkovsky in response to his note ""Who Saw the Bolide?"""
1847,"Письмо А.М. Костякова к К.Э. Циолковскому в ответ на его заметку ""Кто видел Болид?»","Letter from A. M. Kostyakov to K. E. Tsiolkovsky in response to his note ""Who Saw the Bolide?"""
1848,"Письмо счетовода Людмилы Кошкиной к К.Э. Циолковскому в ответ на его заметку ""Кто видел Болид?»","Letter from bookkeeper Lyudmila Koshkina to K. E. Tsiolkovsky in response to his note ""Who Saw the Bolide?"""
1849,"Письмо Николая Леонидовича Краснова к К.Э. Циолковскому в ответ на его заметку ""Кто видел Болид?»","Letter from Nikolai Leonidovich Krasnov to K. E. Tsiolkovsky in response to his note ""Who Saw the Bolide?"""
1850,"Письмо Б. Кругина к К.Э. Циолковскому в ответ на его заметку ""Кто видел Болид?»","Letter from B. Krugin to K. E. Tsiolkovsky in response to his note ""Who Saw the Bolide?"""
1851,"Письмо А. Кулешовой к К.Э. Циолковскому в ответ на его заметку ""Кто видел Болид?»","Letter from A. Kuleshova to K. E. Tsiolkovsky in response to his note ""Who Saw the Bolide?"""
1852,"Письмо ученого, секретаря Комитета по метеоритам АН СССР Л.А. Кулика к К.Э. Циолковскому в ответ на его заметку ""Кто видел Болид?»","Letter from L. A. Kulik, scientific secretary of the Committee on Meteorites of the USSR Academy of Sciences, to K. E. Tsiolkovsky in response to his note ""Who Saw the Bolide?"""
1853,"Письма А. Куракиной к К.Э. Циолковскому в ответ на его заметку ""Кто видел Болид?»","Letters of A. Kurakina to K. E. Tsiolkovsky in reply to his note ""Who Saw the Bolide?"""
1854,"Письмо Р.А. Курса к К.Э. Циолковскому в ответ на его заметку ""Кто видел Болид?»","Letter from R. A. Kurs to K. E. Tsiolkovsky in response to his note ""Who Saw the Bolide?"""
1855,"Письмо научного работника Московского Электротехнического Института Связи В. Лаврова к К.Э. Циолковскому в ответ на его заметку ""Кто видел Болид?»","Letter from V. Lavrov, a scientific worker of the Moscow Electrotechnical Institute of Communications, to K. E. Tsiolkovsky in response to his note ""Who Saw the Bolide?"""
1856,"Письмо В.Д. Ларме к К.Э. Циолковскому в ответ на его заметку ""Кто видел Болид?»","Letter from V. D. Larme to K. E. Tsiolkovsky in response to his note ""Who Saw the Bolide?"""
1857,"Письмо Л. Латунова к К.Э. Циолковскому в ответ на его заметку ""Кто видел Болид?»","Letter from L. Latunov to K. E. Tsiolkovsky in response to his note ""Who Saw the Bolide?"""
1858,"Письмо А.Д. Лебедева к К.Э. Циолковскому в ответ на его заметку ""Кто видел Болид?»","Letter from A. D. Lebedev to K. E. Tsiolkovsky in response to his note ""Who Saw the Bolide?"""
1859,"Письмо инструктора физкультуры Левицкого к К.Э. Циолковскому в ответ на его заметку ""Кто видел Болид?»","Letter from physical education instructor Levitsky to K. E. Tsiolkovsky in response to his note ""Who Saw the Bolide?"""
1860,"Письмо А.Н. Лускарева к К.Э. Циолковскому в ответ на его заметку ""Кто видел Болид?»","Letter from A. N. Luskarev to K. E. Tsiolkovsky in response to his note ""Who Saw the Bolide?"""
1861,"Письмо Григория Михайловича Лыхина к К.Э. Циолковскому в ответ на его заметку ""Кто видел Болид?»","Letter from Grigory Mikhailovich Lykhin to K. E. Tsiolkovsky in response to his note ""Who Saw the Bolide?"""
1862,"Письмо рабочего И.И. Макарова к К.Э. Циолковскому в ответ на его заметку ""Кто видел Болид?»","Letter from worker I. I. Makarov to K. E. Tsiolkovsky in response to his note ""Who Saw the Bolide?"""
1863,"Письмо студентки техникума Нины И. Малаховской к К.Э. Циолковскому в ответ на его заметку ""Кто видел Болид?»","Letter from technical school student Nina I. Malakhovskaya to K. E. Tsiolkovsky in response to his note ""Who Saw the Bolide?"""
1864,"Письмо Мечислава Севериновича Малевича к К.Э. Циолковскому в ответ на его заметку ""Кто видел Болид?»","Letter from Mechislav Severinovich Malevich to K. E. Tsiolkovsky in response to his note ""Who Saw the Bolide?"""
1865,"Письмо Вячеслава Владимировича Малинко к К.Э. Циолковскому в ответ на его заметку ""Кто видел Болид?»","Letter from Vyacheslav Vladimirovich Malinko to K. E. Tsiolkovsky in response to his note ""Who Saw the Bolide?"""
1866,"Письмо В.Н. Малова к К.Э. Циолковскому в ответ на его заметку ""Кто видел Болид?»","Letter from V. N. Malov to K. E. Tsiolkovsky in response to his note ""Who Saw the Bolide?"""
1867,"Письма Ф. Маркевича к К.Э. Циолковскому в ответ на его заметку ""Кто видел Болид?»","Letters of F. Markevich to K. E. Tsiolkovsky in reply to his note ""Who Saw the Bolide?"""
1868,"Письмо Д. Масленникова к К.Э. Циолковскому в ответ на его заметку ""Кто видел Болид?»","Letter from D. Maslennikov to K. E. Tsiolkovsky in response to his note ""Who Saw the Bolide?"""
1869,"Письмо Николая Машонкина к К.Э. Циолковскому в ответ на его заметку ""Кто видел Болид?»","Letter from Nikolai Mashonkin to K. E. Tsiolkovsky in response to his note ""Who Saw the Bolide?"""
1870,"Письмо Н. Медведкина к К.Э. Циолковскому в ответ на его заметку ""Кто видел Болид?»","Letter from N. Medvedkin to K. E. Tsiolkovsky in response to his note ""Who Saw the Bolide?"""
1871,"Письмо А. и Н. Медянцевых к К.Э. Циолковскому в ответ на его заметку ""Кто видел Болид?»","Letter from A. and N. Medyantsev to K. E. Tsiolkovsky in response to his note ""Who Saw the Bolide?"""
1872,"Письмо Н. Милюкова к К.Э. Циолковскому в ответ на его заметку ""Кто видел Болид?»","Letter from N. Milyukov to K. E. Tsiolkovsky in response to his note ""Who Saw the Bolide?"""
1873,"Письмо колхозника Якова Андреевича Минского к К.Э. Циолковскому в ответ на его заметку ""Кто видел Болид?»","Letter from kolkhoz farmer Yakov Andreevich Minsky to K. E. Tsiolkovsky in response to his note ""Who Saw the Bolide?"""
1874,"Письма Николая Константиновича Мниховича к К.Э. Циолковскому в ответ на его заметку ""Кто видел Болид?»","Letters of Nikolai Konstantinovich Mnikhovich to K. E. Tsiolkovsky in reply to his note ""Who Saw the Bolide?"""
1875,"Письмо Б. Моделя к К.Э. Циолковскому в ответ на его заметку ""Кто видел Болид?»","Letter from B. Model to K. E. Tsiolkovsky in response to his note ""Who Saw the Bolide?"""
1876,"Письмо Василия Гавриловича Морева к К.Э. Циолковскому в ответ на его заметку ""Кто видел Болид?»","Letter from Vasily Gavrilovich Morev to K. E. Tsiolkovsky in response to his note ""Who Saw the Bolide?"""
1877,"Письмо ботаника Михаила Ивановича Назарова к К.Э. Циолковскому в ответ на его заметку ""Кто видел Болид?»","Letter from the botanist Mikhail Ivanovich Nazarov to K. E. Tsiolkovsky in response to his note ""Who Saw the Bolide?"""
1878,"Письмо И.А. Неганова к К.Э. Циолковскому в ответ на его заметку ""Кто видел Болид?»","Letter from I. A. Neganov to K. E. Tsiolkovsky in response to his note ""Who Saw the Bolide?"""
1879,"Письмо Д. Нестерова к К.Э. Циолковскому в ответ на его заметку ""Кто видел Болид?»","Letter from D. Nesterov to K. E. Tsiolkovsky in response to his note ""Who Saw the Bolide?"""
1880,"Письмо студента В. Нефедьева к К.Э. Циолковскому в ответ на его заметку ""Кто видел Болид?»","Letter from the student V. Nefedyev to K. E. Tsiolkovsky in response to his note ""Who Saw the Bolide?"""
1881,"Письмо электросварщика Василия Георгиевича Никитина к К.Э. Циолковскому в ответ на его заметку ""Кто видел Болид?»","Letter from the electric welder Vasily Georgievich Nikitin to K. E. Tsiolkovsky in response to his note ""Who Saw the Bolide?"""
1882,"Письмо Марии Сергеевны Новик к К.Э. Циолковскому в ответ на его заметку ""Кто видел Болид?»","Letter from Maria Sergeevna Novik to K. E. Tsiolkovsky in response to his note ""Who Saw the Bolide?"""
1883,"Письмо К.И. Новикова к К.Э. Циолковскому в ответ на его заметку ""Кто видел Болид?»","Letter from K. I. Novikov to K. E. Tsiolkovsky in response to his note ""Who Saw the Bolide?"""
1884,"Письмо врача Новикова к К.Э. Циолковскому в ответ на его заметку ""Кто видел Болид?»","Letter from the physician Novikov to K. E. Tsiolkovsky in response to his note ""Who Saw the Bolide?"""
1885,"Письмо преподавателя авиадела Новожилова к К.Э. Циолковскому в ответ на его заметку ""Кто видел Болид?»","Letter from the aviation-studies instructor Novozhilov to K. E. Tsiolkovsky in response to his note ""Who Saw the Bolide?"""
1886,"Письмо В. Оливетского к К.Э. Циолковскому в ответ на его заметку ""Кто видел Болид?»","Letter from V. Olivetsky to K. E. Tsiolkovsky in response to his note ""Who Saw the Bolide?"""
1887,"Письмо К. Осипенкова к К.Э. Циолковскому в ответ на его заметку ""Кто видел Болид?»","Letter from K. Osipenkov to K. E. Tsiolkovsky in response to his note ""Who Saw the Bolide?"""
1888,"Письмо В.М. Палуевой к К.Э. Циолковскому в ответ на его заметку ""Кто видел Болид?»","Letter from V. M. Paluyeva to K. E. Tsiolkovsky in response to his note ""Who Saw the Bolide?"""
1889,"Письма школьника Ника Панкова к К.Э. Циолковскому в ответ на его заметку ""Кто видел Болид?»","Letters of the schoolboy Nik Pankov to K. E. Tsiolkovsky in reply to his note ""Who Saw the Bolide?"""
1890,"Письмо С.П. Паринкина к К.Э. Циолковскому в ответ на его заметку ""Кто видел Болид?»","Letter from S. P. Parinkin to K. E. Tsiolkovsky in response to his note ""Who Saw the Bolide?"""
1891,"Письмо преподавателя физики и математики Е. Пархоменко к К.Э. Циолковскому в ответ на его заметку ""Кто видел Болид?»","Letter from the physics and mathematics instructor E. Parkhomenko to K. E. Tsiolkovsky in response to his note ""Who Saw the Bolide?"""
1892,"Письмо школьника Владимира Педяша к К.Э. Циолковскому в ответ на его заметку ""Кто видел Болид?»","Letter from the schoolboy Vladimir Pedyash to K. E. Tsiolkovsky in response to his note ""Who Saw the Bolide?"""
1893,"Письмо В.Б. Пенина и Демидова к К.Э. Циолковскому в ответ на его заметку ""Кто видел Болид?»","Letter from V. B. Penin and Demidov to K. E. Tsiolkovsky in response to his note ""Who Saw the Bolide?"""
1894,"Письмо Тамары Перелюбской к К.Э. Циолковскому в ответ на его заметку ""Кто видел Болид?»","Letter from Tamara Perelyubskaya to K. E. Tsiolkovsky in response to his note ""Who Saw the Bolide?"""
1895,"Письмо старшего химика Московского Инженерно - строительного института Евгения Николаевича Перепёлкина к К.Э. Циолковскому в ответ на его заметку ""Кто видел Болид?»","Letter from the senior chemist of the Moscow Institute of Civil Engineering Evgeny Nikolaevich Perepyolkin to K. E. Tsiolkovsky in response to his note ""Who Saw the Bolide?"""
1896,"Письмо школьницы Любови Платоновой к К.Э. Циолковскому в ответ на его заметку ""Кто видел Болид?»","Letter from the schoolgirl Lyubov Platonova to K. E. Tsiolkovsky in response to his note ""Who Saw the Bolide?"""
1897,"Письмо М. Погодина к К.Э. Циолковскому в ответ на его заметку ""Кто видел Болид?»","Letter from M. Pogodin to K. E. Tsiolkovsky in response to his note ""Who Saw the Bolide?"""
1898,"Письмо школьницы Лидии Поджес к К.Э. Циолковскому в ответ на его заметку ""Кто видел Болид?»","Letter from the schoolgirl Lidia Podzhes to K. E. Tsiolkovsky in response to his note ""Who Saw the Bolide?"""
1899,"Письмо А. Поленова к К.Э. Циолковскому в ответ на его заметку ""Кто видел Болид?»","Letter from A. Polenov to K. E. Tsiolkovsky in response to his note ""Who Saw the Bolide?"""
1900,"Письмо М.Д. Поликарпова к К.Э. Циолковскому в ответ на его заметку ""Кто видел Болид?»","Letter from M. D. Polikarpov to K. E. Tsiolkovsky in response to his note ""Who Saw the Bolide?"""
1901,"Письмо Ефима Андреевича Полякова к К.Э. Циолковскому в ответ на его заметку ""Кто видел Болид?»","Letter from Yefim Andreevich Polyakov to K. E. Tsiolkovsky in response to his note ""Who Saw the Bolide?"""
1902,"Письмо Дмитрия Степановича Попкова к К.Э. Циолковскому в ответ на его заметку ""Кто видел Болид?»","Letter from Dmitry Stepanovich Popkov to K. E. Tsiolkovsky in response to his note ""Who Saw the Bolide?"""
1903,"Письмо Влад[ислава] Павл[овича] Попцова к К.Э. Циолковскому в ответ на его заметку ""Кто видел Болид?»","Letter from Vlad[islav] Pavl[ovich] Poptsov to K. E. Tsiolkovsky in response to his note ""Who Saw the Bolide?"""
1904,"Письмо И.В. Поспелова к К.Э. Циолковскому в ответ на его заметку ""Кто видел Болид?»","Letter from I. V. Pospelov to K. E. Tsiolkovsky in response to his note ""Who Saw the Bolide?"""
1905,"Письмо Анатолия Николаевича Потапова к К.Э. Циолковскому в ответ на его заметку ""Кто видел Болид?»","Letter from Anatoly Nikolaevich Potapov to K. E. Tsiolkovsky in response to his note ""Who Saw the Bolide?"""
1906,"Письмо преподавателя Алексея Николаевича Профецкого к К.Э. Циолковскому в ответ на его заметку ""Кто видел Болид?»","Letter from the instructor Alexei Nikolaevich Profetsky to K. E. Tsiolkovsky in response to his note ""Who Saw the Bolide?"""
1907,"Письма доцента, сотрудника Ленинградского Астрономического Института Ив[ана] Ив[ановича] Путилина к К.Э. Циолковскому в ответ на его заметку ""Кто видел Болид?»","Letters from the docent, staff member of the Leningrad Astronomical Institute Iv[an] Iv[anovich] Putilin to K. E. Tsiolkovsky in response to his note ""Who Saw the Bolide?"""
1908,"Письмо члена Коллегии защитников А. Розанова к К.Э. Циолковскому в ответ на его заметку ""Кто видел Болид?»","Letter from the member of the Board of Advocates A. Rozanov to K. E. Tsiolkovsky in response to his note ""Who Saw the Bolide?"""
1909,"Письмо С.Ю. Розмана к К.Э. Циолковскому в ответ на его заметку ""Кто видел Болид?»","Letter from S. Yu. Rozman to K. E. Tsiolkovsky in response to his note ""Who Saw the Bolide?"""
1910,"Письмо наблюдателя Жуковской метеорологической станции Ртищева к К.Э. Циолковскому в ответ на его заметку ""Кто видел Болид?»","Letter from the observer of the Zhukovsky Meteorological Station Rtishchev to K. E. Tsiolkovsky in response to his note ""Who Saw the Bolide?"""
1911,"Письмо В. Сазонова к К.Э. Циолковскому в ответ на его заметку ""Кто видел Болид?»","Letter from V. Sazonov to K. E. Tsiolkovsky in response to his note ""Who Saw the Bolide?"""
1912,"Письмо инженера Л.А. Сазонова к К.Э. Циолковскому в ответ на его заметку ""Кто видел Болид?»","Letter from the engineer L. A. Sazonov to K. E. Tsiolkovsky in response to his note ""Who Saw the Bolide?"""
1913,"Письмо Салапиной к К.Э. Циолковскому в ответ на его заметку ""Кто видел Болид?»","Letter from Salapina to K. E. Tsiolkovsky in response to his note ""Who Saw the Bolide?"""
1914,"Письмо учителя А. Сальникова к К.Э. Циолковскому в ответ на его заметку ""Кто видел Болид?»","Letter from the teacher A. Salnikov to K. E. Tsiolkovsky in response to his note ""Who Saw the Bolide?"""
1915,"Письмо А.В. Салмина к К.Э. Циолковскому в ответ на его заметку ""Кто видел Болид?»","Letter from A. V. Salmin to K. E. Tsiolkovsky in response to his note ""Who Saw the Bolide?"""
1916,"Письмо Л. Сафоновой к К.Э. Циолковскому в ответ на его заметку ""Кто видел Болид?»","Letter from L. Safonova to K. E. Tsiolkovsky in response to his note ""Who Saw the Bolide?"""
1917,"Письмо Алексея Васильевича Свирина к К.Э. Циолковскому в ответ на его заметку ""Кто видел Болид?»","Letter from Aleksei Vasilyevich Svirin to K. E. Tsiolkovsky in response to his note ""Who Saw the Bolide?"""
1918,"Письмо А. Семенко к К.Э. Циолковскому в ответ на его заметку ""Кто видел Болид?»","Letter from A. Semenko to K. E. Tsiolkovsky in response to his note ""Who Saw the Bolide?"""
1919,"Письмо инженера С. Серебрякова к К.Э. Циолковскому в ответ на его заметку ""Кто видел Болид?»","Letter from engineer S. Serebryakov to K. E. Tsiolkovsky in response to his note ""Who Saw the Bolide?"""
1920,"Письмо Л. Сидорова к К.Э. Циолковскому в ответ на его заметку ""Кто видел Болид?»","Letter from L. Sidorov to K. E. Tsiolkovsky in response to his note ""Who Saw the Bolide?"""
1921,"Письмо А. Силаева к К.Э. Циолковскому в ответ на его заметку ""Кто видел Болид?»","Letter from A. Silaev to K. E. Tsiolkovsky in response to his note ""Who Saw the Bolide?"""
1922,"Письмо Николая Петровича Синькина к К.Э. Циолковскому в ответ на его заметку ""Кто видел Болид?»","Letter from Nikolai Petrovich Sinkin to K. E. Tsiolkovsky in response to his note ""Who Saw the Bolide?"""
1923,"Письмо преподавателя биологии и химии В. Смирновой к К.Э. Циолковскому в ответ на его заметку ""Кто видел Болид?»","Letter from biology and chemistry teacher V. Smirnova to K. E. Tsiolkovsky in response to his note ""Who Saw the Bolide?"""
1924,"Письмо М.А. Смирновой к К.Э. Циолковскому в ответ на его заметку ""Кто видел Болид?»","Letter from M. A. Smirnova to K. E. Tsiolkovsky in response to his note ""Who Saw the Bolide?"""
1925,"Письмо Т. Смирновой к К.Э. Циолковскому в ответ на его заметку ""Кто видел Болид?»","Letter from T. Smirnova to K. E. Tsiolkovsky in response to his note ""Who Saw the Bolide?"""
1926,"Письмо К.И. Соколова к К.Э. Циолковскому в ответ на его заметку ""Кто видел Болид?»","Letter from K. I. Sokolov to K. E. Tsiolkovsky in response to his note ""Who Saw the Bolide?"""
1927,"Письмо Ольги Мироновны Соколовой к К.Э. Циолковскому в ответ на его заметку ""Кто видел Болид?»","Letter from Olga Mironovna Sokolova to K. E. Tsiolkovsky in response to his note ""Who Saw the Bolide?"""
1928,"Письмо М.И. Солодова к К.Э. Циолковскому в ответ на его заметку ""Кто видел Болид?»","Letter from M. I. Solodov to K. E. Tsiolkovsky in response to his note ""Who Saw the Bolide?"""
1929,"Письмо школьницы В. Спицыной к К.Э. Циолковскому в ответ на его заметку ""Кто видел Болид?»","Letter from schoolgirl V. Spitsyna to K. E. Tsiolkovsky in response to his note ""Who Saw the Bolide?"""
1930,"Письмо школьника Александра Александровича Старченко к К.Э. Циолковскому в ответ на его заметку ""Кто видел Болид?»","Letter from schoolboy Aleksandr Aleksandrovich Starchenko to K. E. Tsiolkovsky in response to his note ""Who Saw the Bolide?"""
1931,"Письмо М.В. Стеженского к К.Э. Циолковскому в ответ на его заметку ""Кто видел Болид?»","Letter from M. V. Stezhensky to K. E. Tsiolkovsky in response to his note ""Who Saw the Bolide?"""
1932,"Письмо Ювеналия Маркелловича Степанова к К.Э. Циолковскому в ответ на его заметку ""Кто видел Болид?»","Letter from Yuvenaly Markellovich Stepanov to K. E. Tsiolkovsky in response to his note ""Who Saw the Bolide?"""
1933,"Письмо Ивана Семеновича Степанчикова к К.Э. Циолковскому в ответ на его заметку ""Кто видел Болид?»","Letter from Ivan Semyonovich Stepanchikov to K. E. Tsiolkovsky in response to his note ""Who Saw the Bolide?"""
1934,"Письмо сотрудника Управления боевой подготовки РККА Стражевского к К.Э. Циолковскому в ответ на его заметку ""Кто видел Болид?»","Letter from Strazhevsky, an employee of the Directorate of Combat Training of the Red Army, to K. E. Tsiolkovsky in response to his note ""Who Saw the Bolide?"""
1935,"Письмо студента педтехникума Евгения Сухомлина к К.Э. Циолковскому в ответ на его заметку ""Кто видел Болид?»","Letter from Evgeny Sukhomlin, a student at a pedagogical technical school, to K. E. Tsiolkovsky in response to his note ""Who Saw the Bolide?"""
1936,"Письмо инженера М.М. Таланцева к К.Э. Циолковскому в ответ на его заметку ""Кто видел Болид?»","Letter from engineer M. M. Talantsev to K. E. Tsiolkovsky in response to his note ""Who Saw the Bolide?"""
1937,"Письмо художника Талдыкина к К.Э. Циолковскому в ответ на его заметку ""Кто видел Болид?»","Letter from artist Taldykin to K. E. Tsiolkovsky in response to his note ""Who Saw the Bolide?"""
1938,"Письмо школьника Николая [Константиновича] Тарасова к К.Э. Циолковскому в ответ на его заметку ""Кто видел Болид?»","Letter from schoolboy Nikolai [Konstantinovich] Tarasov to K. E. Tsiolkovsky in response to his note ""Who Saw the Bolide?"""
1939,"Письмо А. Тейле к К.Э. Циолковскому в ответ на его заметку ""Кто видел Болид?»","Letter from A. Teile to K. E. Tsiolkovsky in response to his note ""Who Saw the Bolide?"""
1940,"Письмо Федора Федоровича Терентьева к К.Э. Циолковскому в ответ на его заметку ""Кто видел Болид?»","Letter from Fyodor Fyodorovich Terentyev to K. E. Tsiolkovsky in response to his note ""Who Saw the Bolide?"""
1941,"Письмо лаборанта Н. Титова к К.Э. Циолковскому в ответ на его заметку ""Кто видел Болид?»","Letter from laboratory assistant N. Titov to K. E. Tsiolkovsky in response to his note ""Who Saw the Bolide?"""
1942,"Письмо сотрудника Госбанка С. Тихомирова к К.Э. Циолковскому в ответ на его заметку ""Кто видел Болид?»","Letter from S. Tikhomirov, an employee of Gosbank, to K. E. Tsiolkovsky in response to his note ""Who Saw the Bolide?"""
1943,"Письмо В. Тишечкина к К.Э. Циолковскому в ответ на его заметку ""Кто видел Болид?»","Letter from V. Tishechkin to K. E. Tsiolkovsky in response to his note ""Who Saw the Bolide?"""
1944,"Письмо зав. медпунктом Ольги Осиповны Тремут к К.Э. Циолковскому в ответ на его заметку ""Кто видел Болид?»","Letter from Olga Osipovna Tremut, head of the medical station, to K. E. Tsiolkovsky in response to his note ""Who Saw the Bolide?"""
1945,"Письмо Трофимова к К.Э. Циолковскому в ответ на его заметку ""Кто видел Болид?»","Letter from Trofimov to K. E. Tsiolkovsky in response to his note ""Who Saw the Bolide?"""
1946,"Письмо Николая Федоровича Туманова к К.Э. Циолковскому в ответ на его заметку ""Кто видел Болид?»","Letter from Nikolai Fyodorovich Tumanov to K. E. Tsiolkovsky in response to his note ""Who Saw the Bolide?"""
1947,"Письмо Н. Турчиновича к К.Э. Циолковскому в ответ на его заметку ""Кто видел Болид?»","Letter from N. Turchinovich to K. E. Tsiolkovsky in response to his note ""Who Saw the Bolide?"""
1948,"Письмо А.В. Умнова к К.Э. Циолковскому в ответ на его заметку ""Кто видел Болид?»","Letter from A. V. Umnov to K. E. Tsiolkovsky in response to his note ""Who Saw the Bolide?"""
1949,"Письмо студента С.П. Устиновича к К.Э. Циолковскому в ответ на его заметку ""Кто видел Болид?»","Letter from student S. P. Ustinovich to K. E. Tsiolkovsky in response to his note ""Who Saw the Bolide?"""
1950,"Письмо агронома Фандеева к К.Э. Циолковскому в ответ на его заметку ""Кто видел Болид?»","Letter from agronomist Fandeev to K. E. Tsiolkovsky in response to his note ""Who Saw the Bolide?"""
1951,"Письмо А.В. Федорова к К.Э. Циолковскому в ответ на его заметку ""Кто видел Болид?»","Letter from A. V. Fedorov to K. E. Tsiolkovsky in response to his note ""Who Saw the Bolide?"""
1952,"Письмо Филиповского и В. Мельгунова к К.Э. Циолковскому в ответ на его заметку ""Кто видел Болид?»","Letter from Filipovsky and V. Melgunov to K. E. Tsiolkovsky in response to his note ""Who Saw the Bolide?"""
1953,"Письмо слесаря Фролова к К.Э. Циолковскому в ответ на его заметку ""Кто видел Болид?»","Letter from locksmith Frolov to K. E. Tsiolkovsky in response to his note ""Who Saw the Bolide?"""
1954,"Письмо преподавателя Б. Хавина к К.Э. Циолковскому в ответ на его заметку ""Кто видел Болид?»","Letter from teacher B. Khavin to K. E. Tsiolkovsky in response to his note ""Who Saw the Bolide?"""
1955,"Письмо колхозника Григория Петровича Харламова к К.Э. Циолковскому в ответ на его заметку ""Кто видел Болид?»","Letter from kolkhoz worker Grigory Petrovich Kharlamov to K. E. Tsiolkovsky in response to his note ""Who Saw the Bolide?"""
1956,"Письмо Хромова к К.Э. Циолковскому в ответ на его заметку ""Кто видел Болид?»","Letter from Khromov to K. E. Tsiolkovsky in response to his note ""Who Saw the Bolide?"""
1957,"Письма инженера-механика М. Хрущева к К.Э. Циолковскому в ответ на его заметку ""Кто видел Болид?»","Letters from mechanical engineer M. Khrushchev to K. E. Tsiolkovsky in response to his note ""Who Saw the Bolide?"""
1958,"Письмо студента П. Цветкова к К.Э. Циолковскому в ответ на его заметку ""Кто видел Болид?»","Letter from student P. Tsvetkov to K. E. Tsiolkovsky in response to his note ""Who Saw the Bolide?"""
1959,"Письмо зав. школой Е.Ч. Ченце к К.Э. Циолковскому в ответ на его заметку ""Кто видел Болид?»","Letter from school head E. Ch. Chentse to K. E. Tsiolkovsky in response to his note ""Who Saw the Bolide?"""
1960,"Письмо управдома Марии Игнатьевны Черепановой к К.Э. Циолковскому в ответ на его заметку ""Кто видел Болид?»","Letter from building manager Maria Ignatievna Cherepanova to K. E. Tsiolkovsky in response to his note ""Who Saw the Bolide?"""
1961,"Письмо А. Шакалиса к К.Э. Циолковскому в ответ на его заметку ""Кто видел Болид?»","Letter from A. Shakalis to K. E. Tsiolkovsky in response to his note ""Who Saw the Bolide?"""
1962,"Письмо В. Шатова к К.Э. Циолковскому в ответ на его заметку ""Кто видел Болид?»","Letter from V. Shatov to K. E. Tsiolkovsky in response to his note ""Who Saw the Bolide?"""
1963,"Письмо А. Шлыкова к К.Э. Циолковскому в ответ на его заметку ""Кто видел Болид?»","Letter from A. Shlykov to K. E. Tsiolkovsky in response to his note ""Who Saw the Bolide?"""
1964,"Письмо курсанта-комбайнера Петра Григорьевича Шульженко к К.Э. Циолковскому в ответ на его заметку ""Кто видел Болид?»","Letter from cadet-combine operator Pyotr Grigorievich Shulzhenko to K. E. Tsiolkovsky in response to his note ""Who Saw the Bolide?"""
1965,"Письмо пожарного инструктора Николая Васильевича Шульца к К.Э. Циолковскому в ответ на его заметку ""Кто видел Болид?»","Letter from fire instructor Nikolai Vasilievich Schultz to K. E. Tsiolkovsky in response to his note ""Who Saw the Bolide?"""
1966,"Письмо геолога Вадима Васильевича Шумова к К.Э. Циолковскому в ответ на его заметку ""Кто видел Болид?»","Letter from geologist Vadim Vasilievich Shumov to K. E. Tsiolkovsky in response to his note ""Who Saw the Bolide?"""
1967,"Письмо И.Н. Шумского к К.Э. Циолковскому в ответ на его заметку ""Кто видел Болид?»","Letter from I. N. Shumsky to K. E. Tsiolkovsky in response to his note ""Who Saw the Bolide?"""
1968,"Письмо Анатолия Михайловича Шагина к К.Э. Циолковскому в ответ на его заметку ""Кто видел Болид?»","Letter from Anatoly Mikhailovich Shagin to K. E. Tsiolkovsky in response to his note ""Who Saw the Bolide?"""
1969,"Письмо Ю.И. Ягодина к К.Э. Циолковскому в ответ на его заметку ""Кто видел Болид?»","Letter from Yu. I. Yagodin to K. E. Tsiolkovsky in response to his note ""Who Saw the Bolide?"""
1970,"Письмо Б.Т. Яковлева к К.Э. Циолковскому в ответ на его заметку ""Кто видел Болид?»","Letter from B. T. Yakovlev to K. E. Tsiolkovsky in response to his note ""Who Saw the Bolide?"""
1971,"Письмо зоотехника В.Л. Ямковенко к К.Э. Циолковскому в ответ на его заметку ""Кто видел Болид?»","Letter from zootechnician V. L. Yamkovenko to K. E. Tsiolkovsky in response to his note ""Who Saw the Bolide?"""
1972,"Письмо С. Яткина к К.Э. Циолковскому в ответ на его заметку ""Кто видел Болид?»","Letter from S. Yatkin to K. E. Tsiolkovsky in response to his note ""Who Saw the Bolide?"""
1973,"Письмо из Пипиковского сельского совета Ясековского района Московской области к К.Э. Циолковскому в ответ на его заметку ""Кто видел Болид?»","Letter from the Pipikovsky village soviet of Yasekovsky district, Moscow region, to K. E. Tsiolkovsky in reply to his note ""Who Saw the Bolide?"""
1974,Письмо неустановленного корреспондента к неустановленному адресату поступившее в архив вместе с остальными материалами К.Э. Циолковского,"Letter from an unidentified correspondent to an unidentified addressee, received into the archive together with the rest of K. E. Tsiolkovsky's materials"
1975,Письмо Ассонова Александра Васильевича Циолковской Любови Константиновне,Letter from Assonov Alexander Vasilievich to Tsiolkovskaya Lyubov Konstantinovna
1976,Письмо Ассонова Владимира Васильевича к Безъязычному Владимиру Иосифовичу,Letter of Vladimir Vasilievich Assonov to Vladimir Iosifovich Bezyazychny
1977,Письмо Ассонова Владимира Васильевича к Самойловичу Сергею Ивановичу,Letter of Vladimir Vasilievich Assonov to Sergei Ivanovich Samoilovich
1978,Письмо В.Н. Баданина к Циолковской Любови Константиновне,Letter from V. N. Badanin to Tsiolkovskaya Lyubov Konstantinovna
1979,"Письмо Бельской Фортикову Ивану, Петровичу","Letter of Belskaya to Ivan, Petrovich Fortikov"
1980,"Письмо неизвестного автора к Циолковской Любови Константиновне, поступившее в архив вместе с остальными материалами К.Э. Циолковского","Letter from an unknown author to Tsiolkovskaya Lyubov Konstantinovna, received into the archive together with the rest of K. E. Tsiolkovsky's materials"
1981,"Письмо секретаря Горьковского астрономо-геодезического общества А. Виноградова к инженеру, научному руководителю по подготовке к изданию трудов К.Э. Циолковского Воробьеву Борису Никитичу","Letter from secretary of the Gorky Astronomical-Geodetic Society A. Vinogradov to engineer, scientific director for the preparation for publication of K. E. Tsiolkovsky's works, Vorobyev Boris Nikitich"
1982,Письмо Воробьева Бориса Никитича к Ассонову Владимиру Васильевичу,Letter of Boris Nikitich Vorobyov to Vladimir Vasilievich Assonov
1983,"Письма инженера, научного руководителя по подготовке и изданию трудов К.Э. Циолковского Воробьева Бориса Никитича к Щербакову Сергею Сергеевичу","Letters from engineer, scientific director for the preparation and publication of K. E. Tsiolkovsky's works, Vorobyev Boris Nikitich to Shcherbakov Sergei Sergeevich"
1984,Письмо Ю.Н. Германа к Циолковской Любови Константиновне,Letter from Yu. N. German to Tsiolkovskaya Lyubov Konstantinovna
1985,Письмо М. Горького [Пешков Алексей Максимович] к Щербакову Сергею Васильевичу,Letter from M. Gorky [Peshkov Alexei Maksimovich] to Shcherbakov Sergei Vasilievich
1986,Письмо бывшей учительницы Дмитриевой Елизаветы Николаевны (жена авиатора Дмитриева) к Перельману Якову Исидоровичу,Letter from former teacher Dmitrieva Elizaveta Nikolaevna (wife of aviator Dmitriev) to Perelman Yakov Isidorovich
1987,Письмо Костина Алексея [Вениаминовича] (внук К.Э. Циолковского) к Ассонову Владимиру Васильевичу,Letter of Aleksei [Veniaminovich] Kostin (grandson of K. E. Tsiolkovsky) to Vladimir Vasilievich Assonov
1988,Письмо Костина Вениамина [Вениаминовича] (внук К.Э. Циолковского) к Воробьеву Борису Никитовичу,Letter of Veniamin [Veniaminovich] Kostin (grandson of K. E. Tsiolkovsky) to Boris Nikitovich Vorobyov
1989,Письмо Костина Вениамина к Костиной-Циолковской Марии Константиновне,Letter of Veniamin Kostin to Maria Konstantinovna Kostina-Tsiolkovskaya
1990,Письма Костиной Марии Константиновны (дочь К.Э. Циолковского) к Ассонову Владимиру Васильевичу,Letters of Maria Konstantinovna Kostina (daughter of K. E. Tsiolkovsky) to Vladimir Vasilievich Assonov
1991,"Письма Костиной Марии Константиновны (дочь К.Э. Циолковского) к инженеру, научному руководителю по подготовке к изданию трудов К.Э. Циолковского Воробьеву Борису Никитичу","Letters from Kostina Maria Konstantinovna (daughter of K. E. Tsiolkovsky) to engineer, scientific director for the preparation for publication of K. E. Tsiolkovsky's works, Vorobyev Boris Nikitich"
1992,Письма Костиной Марии Константиновны (урожденная Циолковская) Солодкову Георгию Ильичу,Letters of Maria Konstantinovna Kostina (née Tsiolkovskaya) to Georgy Ilyich Solodkov
1993,"Письмо секретаря редакции журнала ""Техника массам"" В. Кривенко к начальнику сектора оргмассовой работы ЦГИРДа Фортикову Ивану Петровичу","Letter from secretary of the editorial office of the journal ""Technology for the Masses"" V. Krivenko to Fortikov Ivan Petrovich, head of the mass organizational work sector of TsGIRD"
1994,Письмо писателя В. Лея к начальнику сектора оргмассой работы ЦГИРДа Фортикову Ивану Петровичу,"Letter from writer V. Ley to Fortikov Ivan Petrovich, head of the mass organizational work sector of TsGIRD"
1995,Письмо В.С. Лунегова к Перельману Якову Исидоровичу из поселка Добрино Омской Области,"Letter from V. S. Lunegov to Perelman Yakov Isidorovich from the settlement of Dobrino, Omsk Region"
1996,Письма Львова Влад[имира] к Варварову Николаю Александровичу,Letters of Vlad[imir] Lvov to Nikolai Aleksandrovich Varvarov
1997,"Письмо Ивана Ивановича Малахова в ""Московский институт им. Циолковского""","Letter from Ivan Ivanovich Malakhov to the ""Moscow Institute named after Tsiolkovsky"""
1998,Письмо главного библиографа по краеведению Калужской библиотеки им. В. Белинского Генриэтты Михайловны Морозовой к Ассонову Владимиру Васильевичу,"Letter of the chief bibliographer for local history of the Kaluga V. Belinsky Library, Genrietta Mikhailovna Morozova, to Vladimir Vasilievich Assonov"
1999,Письма Якова Исидоровича Перельмана к начальнику сектора оргмассовой работы ЦГИРДа Ивану Петровичу Фортикову,"Letters from Yakov Isidorovich Perelman to Fortikov Ivan Petrovich, head of the mass organizational work sector of TsGIRD"
2000,"Письмо ст. н. сотр. КИТ АН СССР, к. ф. н. Александра Петровича Примаковского к научному сотруднику по подготовке к изданию трудов К.Э. Циолковского","Letter from senior research fellow of KIT AN SSSR, Candidate of Philosophical Sciences, Alexander Petrovich Primakovsky to a research associate for the preparation for publication of K. E. Tsiolkovsky's works"
2001,Письма профессора Ленинградского института путей сообщения Николая Алексеевича Рынина к начальнику сектора оргмассовой работы ЦГИРДа Ивану Петровичу Фортикову,"Letters from Nikolai Alekseevich Rynin, professor of the Leningrad Institute of Railway Engineers, to Fortikov Ivan Petrovich, head of the mass organizational work sector of TsGIRD"
2002,Письма инженера Владимира Владимировича Рюмина к Ивану Петровичу Фортикову,Letters from engineer Vladimir Vladimirovich Ryumin to Ivan Petrovich Fortikov
2003,Письмо Самарина к Ивану Петровичу Фортикову,Letter from Samarin to Ivan Petrovich Fortikov
2004,Письмо Самойловича Сергея Ивановича к Архипову Иосифу Павловичу,Letter of Sergei Ivanovich Samoilovich to Iosif Pavlovich Arkhipov
2005,Письмо Самойловича Сергея Ивановича к Волковицкой Тамаре Людвиговне,Letter of Sergei Ivanovich Samoilovich to Tamara Ludvigovna Volkovitskaya
2006,Письма Самойловича Сергея Ивановича к Пятецкому Захару Григорьевичу,Letters of Sergei Ivanovich Samoilovich to Zakhar Grigorievich Pyatetsky
2007,"Письмо Самойловича Сергея Ивановича к зам.директора Института истории, естествознания и техники Федорову Александру Сергеевичу","Letter of Sergei Ivanovich Samoilovich to Aleksandr Sergeevich Fedorov, deputy director of the Institute of History of Natural Science and Technology"
2008,Письма Самойловича Сергея Ивановича к Фортикову Ивану Петровичу из Калуги,Letters from Samoylovich Sergei Ivanovich to Fortikov Ivan Petrovich from Kaluga
2009,"Письмо Самойловича Сергея Ивановича к неустановленному адресату с обращением ""Степан Исаакович""","Letter of Sergei Ivanovich Samoilovich to an unidentified addressee with the salutation ""Stepan Isaakovich"""
2010,Письмо Самойловича Сергея Ивановича в областное управление культуры,Letter of Sergei Ivanovich Samoilovich to the regional department of culture
2011,Письмо Сашенкова Евгения П. к Ассонову Владимиру Васильевичу,Letter of Evgeny P. Sashenkov to Vladimir Vasilievich Assonov
2012,Письмо В.К. Севаева к Перельману Якову Исидоровичу,Letter from V. K. Sevaev to Perelman Yakov Isidorovich
2013,Письма Солодкова Георгия Ильича к Циолковской Любови Константиновне,Letters from Solodkov Georgy Ilyich to Tsiolkovskaya Lyubov Konstantinovna
2015,Письмо Циолковской Любови Константиновны к Ассонову Владимиру Васильевичу,Letter of Lyubov Konstantinovna Tsiolkovskaya to Vladimir Vasilievich Assonov
2016,Письмо Филиппова Михаила Евтихеевича к Ассонову Владимиру Васильевичу,Letter of Mikhail Evtikheevich Filippov to Vladimir Vasilievich Assonov
2017,Письма Циолковской Любови Константиновны к Рынину Николаю Алексеевичу,Letters of Lyubov Konstantinovna Tsiolkovskaya to Nikolai Alekseevich Rynin
2018,Письмо Циолковской Любови Константиновны к Самойловичу Сергею Ивановичу,Letter from Tsiolkovskaya Lyubov Konstantinovna to Samoylovich Sergei Ivanovich
2019,Письмо Циолковской Любови Константиновны к Солодкову Георгию Ильичу,Letter of Lyubov Konstantinovna Tsiolkovskaya to Georgy Ilyich Solodkov
2020,Письмо инженера Шершевского Александра Борисовича к начальнику сектора оргмассовой работы ЦГИРДа Фортикову Ивану Петровичу,"Letter of engineer Alexander Borisovich Shershevsky to Ivan Petrovich Fortikov, head of the sector of organizational-mass work of TsGIRD"
2021,Письмо Щеголевой Фаины Алексеевны к Циолковской Варваре Евграфовне,Letter of Faina Alekseevna Shchegoleva to Varvara Evgrafovna Tsiolkovskaya
2022,Письмо Щербакова Сергея Сергеевича к заведующему музеем К.Э. Циолковского,Letter of Sergei Sergeevich Shcherbakov to the head of the K. E. Tsiolkovsky museum
2023,"Выписки из писем, присланных К.Э. Циолковскому и копии ответов К.Э. Циолковского его корреспондентам",Extracts from letters sent to K. E. Tsiolkovsky and copies of K. E. Tsiolkovsky's replies to his correspondents
2024,Письмо К.Э. Циолковского секретарю Академии наук в Берлине с набросками о формировании и образовании планетной системы,"Letter of K. E. Tsiolkovsky to the secretary of the Academy of Sciences in Berlin, with sketches on the formation and development of the planetary system"
